10000
10
7 4 70
7 9 214
2 7 145
2 10 281
8 4 100
9 6 46
5 9 270
6 1 15
10 3 183
10
2 3 139
2 6 63
3 4 174
6 5 253
2 7 38
3 9 21
1 9 194
10 4 285
8 4 272
10
3 1 216
3 10 251
10 7 286
7 6 7
2 7 173
8 6 138
8 4 116
4 9 298
5 4 279
10
4 1 31
10 4 29
1 5 69
5 8 300
3 4 32
5 2 235
6 1 88
1 9 94
7 2 131
10
3 6 96
10 6 41
3 1 260
10 5 64
5 8 139
10 9 251
10 4 167
7 1 4
7 2 179
10
1 4 221
1 5 299
7 1 83
7 8 89
5 3 208
6 7 32
2 4 212
9 7 246
3 10 231
10
6 9 210
1 6 112
7 6 26
5 6 283
9 2 4
7 4 131
8 4 199
3 2 273
4 10 280
10
9 8 224
10 9 70
9 6 178
8 7 78
6 3 68
10 2 4
4 10 293
6 1 85
6 5 148
10
6 3 35
3 5 259
2 5 119
4 5 203
10 5 48
4 7 14
9 4 37
8 2 184
7 1 298
10
8 2 163
10 8 236
3 2 126
4 3 25
7 10 120
7 9 298
5 2 2
6 7 81
1 6 193
10
5 2 236
6 2 86
6 1 261
9 2 300
1 4 212
8 6 282
9 3 26
4 7 215
10 3 155
10
4 6 152
9 6 254
2 4 242
1 9 228
3 9 112
8 9 251
9 5 219
3 7 212
10 6 157
10
5 4 98
10 4 293
5 9 213
1 4 277
6 1 46
8 1 50
2 9 232
2 7 84
3 2 17
10
8 3 265
3 5 299
1 3 48
9 1 18
8 7 117
9 4 69
4 6 10
3 10 191
8 2 103
10
10 1 198
5 10 144
4 1 170
5 7 189
2 10 22
1 6 170
4 8 156
3 2 197
6 9 213
10
2 9 187
6 2 286
9 1 85
2 4 92
10 4 260
7 10 269
5 2 216
3 4 116
3 8 165
10
10 8 121
6 10 262
8 7 280
1 6 55
7 5 273
8 9 239
2 5 100
1 3 165
5 4 75
10
6 2 273
10 2 102
4 2 155
6 9 96
9 7 175
10 5 228
1 9 7
1 3 282
2 8 232
10
8 7 90
7 4 205
4 5 37
5 9 178
2 9 266
1 8 227
3 7 11
10 9 258
9 6 300
10
8 7 6
3 8 22
5 7 78
1 7 6
7 10 218
7 9 181
9 2 162
1 4 251
7 6 52
10
5 4 62
4 9 171
1 5 18
9 6 157
7 6 296
4 8 21
6 3 177
10 3 255
2 1 227
10
6 9 137
9 3 24
3 4 96
5 6 288
2 5 87
9 8 113
7 6 71
6 10 31
5 1 271
10
4 5 39
1 4 235
5 9 106
4 2 261
4 7 227
4 3 132
6 3 263
8 4 1
10 9 62
10
9 3 194
3 10 252
10 8 239
8 7 209
6 7 62
3 4 190
2 7 271
7 1 98
1 5 237
10
9 1 80
5 1 172
4 9 95
1 8 256
10 9 291
5 6 36
9 7 119
8 2 250
1 3 155
10
8 5 219
8 9 269
10 8 207
5 7 195
1 5 180
5 6 86
2 10 299
4 9 293
3 5 50
10
9 3 82
3 1 111
10 3 57
8 3 222
1 5 251
9 7 107
7 2 178
6 2 166
2 4 284
10
2 3 88
8 2 282
8 6 251
4 8 48
10 2 216
6 9 26
1 2 147
7 8 226
4 5 32
10
2 9 121
3 2 179
3 4 123
2 1 197
5 2 131
6 2 80
7 1 276
10 9 115
8 9 14
10
2 4 43
3 4 269
7 3 76
5 2 132
3 6 99
8 2 208
9 4 147
2 1 201
10 7 265
10
3 5 150
9 3 44
2 3 18
10 3 139
4 3 173
7 5 81
1 9 255
8 3 191
2 6 130
10
5 2 32
8 2 129
10 2 30
3 8 29
5 9 206
9 6 29
3 7 28
6 1 157
9 4 63
10
4 1 253
8 1 99
1 6 113
1 2 284
2 9 271
4 5 67
4 7 188
4 10 171
3 4 11
10
9 1 36
1 2 93
1 7 109
1 4 128
10 4 292
1 8 183
7 6 257
5 10 254
6 3 178
10
1 2 66
10 1 294
1 6 59
2 4 113
9 1 146
6 7 67
9 3 2
2 5 38
8 10 14
10
7 3 258
3 1 217
7 2 17
6 1 101
1 10 58
4 10 188
9 1 282
9 5 176
8 4 50
10
10 9 266
9 5 225
9 6 228
5 7 254
1 9 115
3 7 72
4 5 68
9 2 131
10 8 227
10
6 2 126
5 2 87
5 3 205
9 5 92
9 8 250
5 4 160
8 7 68
5 1 195
9 10 77
10
9 1 240
6 9 215
9 10 1
3 10 58
1 5 107
4 10 1
6 8 277
7 5 155
2 8 231
10
9 2 131
8 9 119
8 7 290
2 3 254
1 3 297
6 7 32
4 3 91
8 5 73
10 8 235
10
7 5 255
5 10 232
10 8 72
2 7 270
7 3 152
9 7 193
4 7 200
6 9 251
1 6 34
10
1 7 190
8 7 121
1 5 67
3 1 279
1 6 54
2 3 58
10 2 131
10 9 228
5 4 232
10
1 10 132
3 10 142
10 2 56
1 7 85
2 8 211
8 5 231
7 6 206
2 4 290
9 8 284
10
4 5 135
4 3 98
5 7 73
7 10 191
1 5 178
4 9 92
2 3 161
4 8 129
5 6 59
10
3 6 91
6 1 116
3 2 83
5 1 281
3 10 233
1 7 279
1 9 37
4 7 187
3 8 50
10
7 3 71
3 1 142
6 3 160
1 5 183
4 6 212
6 10 36
1 9 21
2 6 169
8 6 98
10
6 5 39
6 4 151
8 6 19
5 1 141
6 10 128
9 6 4
10 7 24
2 1 189
3 1 235
10
8 5 62
5 6 68
6 7 27
5 2 298
10 8 93
5 3 173
10 9 25
7 4 79
1 3 279
10
6 9 206
8 9 139
9 10 88
8 4 188
7 6 300
4 5 251
9 1 153
7 3 1
2 7 187
10
9 6 63
6 7 201
7 2 199
2 1 53
1 3 200
9 5 79
10 7 133
4 10 111
8 6 258
10
7 4 143
7 5 120
4 10 259
6 5 3
8 7 99
5 2 213
6 1 37
7 9 224
3 7 99
10
10 5 265
6 10 109
9 5 235
10 4 289
9 8 197
4 3 138
9 1 273
2 9 13
7 9 241
10
5 4 128
6 4 139
8 4 238
6 3 136
5 7 216
1 7 95
3 9 12
9 2 291
10 7 259
10
9 1 48
6 9 234
5 6 218
8 6 54
9 10 293
1 4 202
7 9 37
3 8 203
2 8 9
10
3 8 140
8 10 31
10 6 280
9 8 113
1 8 15
5 9 95
10 2 276
10 4 109
2 7 42
10
4 3 261
2 3 11
4 10 300
4 6 212
1 4 232
4 5 57
8 6 259
7 5 140
9 10 92
10
4 1 12
2 1 9
3 2 242
4 5 259
2 9 165
10 5 190
4 7 170
6 4 125
8 7 50
10
2 8 103
2 6 70
6 4 264
4 3 167
3 5 139
10 2 179
9 4 174
1 9 293
7 2 263
10
3 1 172
3 10 35
10 5 252
10 7 35
9 3 156
3 4 171
7 6 88
5 2 127
6 8 227
10
2 9 230
1 9 288
1 6 232
4 9 186
4 3 238
3 5 228
7 6 157
8 5 75
7 10 171
10
5 7 122
5 3 98
6 3 133
6 8 32
6 1 155
1 4 237
3 10 195
10 9 150
2 10 172
10
4 5 18
4 3 79
10 3 258
10 7 119
10 8 291
3 9 79
9 6 85
1 5 215
2 1 280
10
9 6 49
9 8 121
8 4 282
9 1 265
10 1 114
3 6 44
8 2 295
1 7 187
4 5 258
10
8 2 197
2 10 195
7 8 111
4 8 22
6 4 227
5 10 262
1 7 275
9 4 167
2 3 92
10
1 7 109
5 1 239
7 6 32
9 6 51
5 10 188
1 8 50
8 3 85
4 10 47
9 2 123
10
3 8 97
2 3 66
1 3 11
7 1 108
7 5 114
2 6 201
7 10 198
5 4 50
2 9 196
10
6 5 171
5 4 85
6 9 49
1 9 105
9 8 209
7 6 73
6 3 218
7 2 108
10 9 203
10
8 7 127
9 8 300
1 7 53
4 1 42
10 9 126
5 8 245
8 2 113
3 2 61
6 7 83
10
6 3 16
9 3 116
5 3 146
10 5 11
10 7 85
7 1 57
2 9 214
3 8 115
1 4 290
10
10 6 112
6 2 128
6 4 276
7 2 204
8 6 49
7 3 89
9 8 230
5 9 158
1 10 104
10
10 4 133
1 4 90
1 9 239
1 3 236
4 7 211
2 3 45
6 7 289
8 4 35
5 7 137
10
5 1 120
5 10 75
5 2 115
2 8 296
7 5 14
6 8 7
9 6 275
7 3 200
4 10 81
10
6 7 24
10 7 95
8 10 263
1 10 299
5 1 79
7 4 120
3 7 65
3 2 58
9 7 153
10
3 7 168
6 3 129
2 3 165
6 5 149
7 4 262
9 6 162
4 8 289
1 9 226
10 9 139
10
2 3 183
8 3 74
9 2 274
1 3 144
10 9 171
3 6 153
2 4 227
2 5 243
7 6 196
10
4 5 182
5 2 276
2 1 51
5 6 40
2 3 34
9 4 178
7 2 34
10 7 180
8 4 181
10
9 6 285
6 1 98
2 9 292
2 3 98
9 7 222
4 9 214
6 5 179
10 6 192
9 8 114
10
4 3 7
1 4 5
8 1 115
4 7 21
2 4 141
2 10 214
1 6 15
10 9 205
5 6 133
10
5 10 180
7 5 240
8 5 81
3 10 219
5 2 76
6 5 127
2 1 56
4 2 52
7 9 218
10
4 1 38
4 7 271
1 6 209
1 9 186
4 5 297
5 10 252
9 3 149
7 2 146
1 8 165
10
8 4 150
3 8 141
1 4 130
1 9 192
10 1 176
5 8 233
7 9 300
1 2 56
3 6 169
10
7 8 211
8 3 180
8 10 23
3 4 157
6 4 234
2 10 156
1 8 296
2 5 123
9 5 201
10
3 7 128
7 8 148
8 4 76
1 4 134
7 10 20
5 1 15
6 7 238
5 9 115
7 2 158
10
8 4 172
9 4 14
10 9 116
5 9 156
2 10 141
8 6 150
4 3 161
1 3 121
2 7 16
10
1 8 298
8 7 105
8 4 286
7 5 218
1 3 68
9 4 37
6 3 128
10 6 195
2 7 121
10
1 7 25
5 7 28
5 8 226
10 8 35
5 4 297
7 9 235
6 7 216
3 9 115
6 2 226
10
5 1 68
4 1 250
7 5 75
1 3 177
6 4 209
2 7 117
10 1 261
8 3 128
9 4 244
10
3 2 68
7 2 137
1 3 278
9 7 180
7 5 278
8 5 35
3 4 107
8 10 125
6 9 289
10
9 4 214
4 7 153
10 7 46
6 7 267
9 2 220
2 8 171
2 5 98
3 4 294
1 3 206
10
3 9 103
4 9 146
3 6 39
4 8 133
1 9 96
2 9 129
3 7 43
10 4 41
5 6 280
10
4 3 261
1 3 113
5 1 291
9 3 22
10 4 123
10 2 17
6 2 32
9 7 269
8 3 238
10
1 7 169
1 3 165
1 10 271
3 5 21
4 1 162
7 6 268
10 9 110
8 6 238
7 2 44
10
9 4 272
3 4 215
9 6 284
6 1 214
5 1 211
7 6 255
10 5 203
2 10 99
8 5 137
10
5 2 105
9 2 201
5 8 121
2 4 17
10 9 243
9 7 300
4 6 89
3 6 51
3 1 259
10
9 7 59
9 8 104
4 8 149
8 6 183
10 4 108
7 5 94
3 5 216
4 1 110
10 2 156
10
8 4 239
8 9 253
4 6 242
4 3 160
6 7 281
4 2 7
10 4 153
5 3 210
5 1 111
10
8 10 41
10 4 177
6 8 96
8 1 64
8 7 162
9 8 79
5 1 179
3 7 87
2 6 277
10
5 8 83
8 1 266
8 7 230
4 5 285
10 7 81
5 2 228
1 6 41
10 3 295
3 9 68
10
6 8 196
4 6 57
4 1 10
8 5 95
2 1 127
10 8 151
2 3 103
9 10 290
9 7 49
10
1 5 140
7 5 224
10 1 63
4 7 210
5 9 130
3 5 50
5 2 248
8 10 2
6 8 157
10
8 1 32
9 8 184
7 1 153
5 9 257
5 10 249
10 3 9
4 7 30
6 7 157
8 2 13
10
10 1 157
8 1 269
10 3 200
7 1 221
3 6 9
4 1 34
2 1 246
4 5 64
1 9 218
10
1 10 113
5 1 198
6 5 172
3 1 117
5 9 298
7 6 236
7 4 26
4 2 43
10 8 110
10
5 10 27
5 2 18
2 9 8
9 4 164
9 6 212
9 1 282
1 7 173
8 5 243
2 3 37
10
8 9 134
10 9 192
1 10 211
10 2 177
7 1 74
8 3 111
5 7 34
4 5 237
2 6 40
10
10 4 135
10 1 264
1 9 105
1 6 242
10 3 256
3 2 215
3 5 278
9 8 105
7 9 138
10
3 2 238
3 6 291
2 1 225
6 8 194
6 10 167
1 4 12
8 5 137
9 8 179
7 6 177
10
8 6 180
8 10 97
1 8 102
9 8 133
7 1 32
2 10 85
5 1 223
5 3 231
4 5 147
10
6 1 181
3 6 69
2 1 25
3 4 196
2 7 139
7 8 186
3 9 101
10 7 199
5 6 297
10
10 3 23
2 10 181
10 8 59
9 8 62
2 4 183
2 6 193
3 1 177
7 6 134
10 5 219
10
6 8 35
8 9 208
10 6 220
2 6 106
7 8 235
2 1 45
9 5 247
9 4 28
6 3 262
10
2 4 15
6 2 120
7 4 84
2 8 207
6 10 97
9 4 48
10 5 192
5 3 194
1 8 150
10
3 2 273
7 2 192
5 2 159
3 8 142
5 6 283
3 1 200
1 4 162
3 9 44
10 6 244
10
1 10 122
10 5 154
10 3 165
8 3 292
2 5 285
4 3 86
1 9 75
6 4 212
8 7 39
10
10 9 224
9 6 216
7 6 12
2 7 150
6 4 224
9 5 75
1 7 147
2 3 242
9 8 44
10
5 6 52
6 7 129
9 7 32
7 10 172
2 5 32
9 8 77
9 1 188
1 3 160
9 4 160
10
3 10 81
10 6 274
5 10 88
4 5 247
3 2 103
4 8 74
9 10 14
1 4 53
7 1 101
10
8 4 71
4 10 38
4 9 123
3 9 93
10 1 234
8 7 272
10 5 54
3 6 170
2 3 129
10
4 5 72
9 5 209
3 9 170
4 8 213
8 7 145
7 6 148
2 5 10
10 3 120
8 1 58
10
3 8 30
3 1 84
6 3 79
3 5 241
3 9 236
7 9 135
7 2 143
2 4 28
4 10 171
10
5 6 4
2 5 42
10 6 227
4 10 110
6 9 285
1 2 197
4 8 288
9 7 187
3 4 149
10
9 1 156
1 7 63
10 9 154
1 8 12
8 5 56
4 8 86
5 3 296
2 5 288
6 1 294
10
1 8 154
1 10 221
8 3 71
1 7 180
7 6 44
5 8 125
2 1 272
4 2 121
1 9 198
10
9 10 107
10 2 54
9 4 39
9 7 32
3 4 101
3 8 231
10 6 48
1 8 44
5 9 84
10
8 4 286
9 4 50
2 9 122
6 8 162
9 1 235
6 3 25
10 2 27
8 7 200
8 5 206
10
2 6 209
2 5 43
3 6 139
4 6 108
6 9 124
10 6 133
7 3 52
8 6 175
6 1 133
10
10 2 173
10 3 46
3 6 253
8 10 217
6 5 233
10 9 241
1 3 68
7 5 31
4 1 35
10
1 4 136
1 10 237
7 4 237
4 6 123
1 8 25
3 6 224
9 6 130
2 1 127
7 5 38
10
8 5 3
7 5 281
5 1 29
8 6 220
2 8 197
6 9 30
6 10 102
6 4 237
8 3 97
10
4 10 117
5 4 139
4 9 162
5 6 41
4 1 92
10 7 217
10 8 243
1 3 173
2 10 113
10
3 8 31
4 8 55
9 8 11
8 7 199
3 2 217
6 3 20
10 4 279
1 4 197
9 5 234
10
7 2 292
2 8 29
5 7 256
9 7 129
1 5 82
1 10 52
8 6 165
3 7 31
4 8 183
10
10 4 37
8 10 193
4 5 211
7 10 191
5 1 110
2 4 294
3 7 159
6 2 144
10 9 266
10
3 4 173
9 3 212
9 8 26
4 6 206
7 4 177
1 8 141
2 3 216
7 10 136
5 4 277
10
4 3 118
3 7 12
9 3 300
8 9 103
9 5 8
3 6 124
4 1 116
2 8 198
7 10 36
10
7 10 62
7 3 108
6 3 187
4 3 182
8 6 72
8 2 157
1 2 21
9 7 112
3 5 241
10
5 7 243
5 2 102
10 7 282
7 1 141
4 7 124
6 2 190
10 9 27
9 8 226
3 5 123
10
6 8 264
4 8 171
6 2 121
6 9 107
10 2 251
1 6 124
1 3 24
7 8 274
1 5 84
10
1 3 247
4 1 34
6 3 114
5 4 11
4 10 206
9 3 206
3 2 278
4 8 55
2 7 221
10
5 2 197
9 2 89
3 2 243
1 3 3
10 2 11
9 7 270
8 3 12
5 4 85
8 6 203
10
9 1 10
4 1 145
8 1 285
6 4 151
1 3 9
5 3 81
7 8 154
2 6 268
10 5 115
10
2 4 54
8 4 40
4 3 109
6 2 50
6 5 113
4 1 139
1 9 26
8 10 6
8 7 89
10
7 4 270
7 9 225
3 9 102
7 5 17
5 2 234
4 1 262
8 1 184
2 6 15
10 6 178
10
1 3 231
6 1 15
8 6 178
4 1 292
3 10 287
9 8 163
7 10 275
9 2 109
5 10 248
10
3 1 158
1 4 223
3 7 240
6 7 26
6 8 85
2 1 13
10 6 56
9 8 185
3 5 124
10
1 5 277
6 1 144
1 7 83
2 7 248
4 1 202
8 5 283
10 7 136
6 9 90
3 7 160
10
10 7 101
8 7 120
10 4 160
7 2 178
10 6 18
7 9 123
10 5 26
3 10 64
4 1 179
10
5 9 3
5 2 70
1 2 235
10 2 273
10 8 30
4 5 192
2 6 214
3 2 186
8 7 14
10
3 10 239
1 10 41
1 9 259
10 4 12
5 1 230
7 1 59
6 9 84
3 2 132
5 8 161
10
1 6 202
5 1 159
1 8 137
6 2 254
7 6 11
1 10 25
9 8 106
9 4 69
3 5 28
10
7 6 129
10 6 195
2 6 161
3 2 292
6 9 265
9 4 134
5 2 162
8 10 211
1 2 51
10
3 8 293
7 3 90
8 6 229
5 3 113
6 1 17
6 2 73
4 1 136
10 7 206
9 5 235
10
7 5 240
2 7 283
2 3 248
5 4 181
2 10 21
2 9 135
1 2 254
8 1 277
3 6 27
10
10 5 160
6 5 104
9 5 2
9 8 276
1 8 7
5 4 37
9 2 82
8 3 60
7 1 176
10
4 3 176
4 8 150
4 6 48
7 4 278
3 1 157
2 4 240
5 8 238
1 9 70
10 1 41
10
10 1 32
3 10 19
10 2 17
7 1 151
8 10 97
1 4 216
8 6 33
9 10 66
5 8 294
10
10 6 126
9 6 88
8 9 3
5 10 266
7 10 111
1 6 34
4 8 188
2 4 30
9 3 282
10
9 7 192
8 9 54
7 10 44
5 8 300
7 6 245
2 9 114
9 3 8
6 4 149
1 6 165
10
8 7 132
6 8 56
7 5 170
6 9 134
3 9 73
10 3 202
1 5 102
8 4 227
2 6 261
10
9 2 75
9 7 76
7 3 181
10 2 37
8 3 229
3 5 145
3 6 220
1 10 132
4 5 195
10
6 5 11
10 5 245
5 2 284
9 10 83
9 4 84
9 1 32
8 5 206
4 3 129
7 1 124
10
9 3 55
7 9 224
1 7 299
6 9 21
5 1 19
7 4 56
2 4 237
6 10 231
3 8 29
10
3 6 13
2 3 221
10 2 30
10 5 253
5 7 55
3 9 60
2 8 269
1 5 100
3 4 134
10
7 4 171
3 7 123
5 3 9
1 3 246
1 8 280
1 6 91
7 10 149
9 1 247
1 2 210
10
3 8 25
1 8 133
3 7 262
2 3 269
3 4 151
2 6 142
5 1 41
9 8 29
4 10 47
10
5 4 257
7 4 57
5 8 97
7 1 292
5 3 177
9 7 55
6 7 109
2 5 166
10 2 239
10
3 9 244
9 10 268
10 4 10
2 9 287
2 6 100
4 5 226
7 9 268
10 8 45
1 10 250
10
2 10 201
1 2 203
6 2 99
6 9 255
10 8 86
9 7 147
8 5 140
3 1 146
10 4 38
10
9 2 232
7 9 152
3 9 281
7 6 232
1 3 27
8 2 245
7 10 199
5 10 172
4 9 63
10
10 7 4
7 3 110
10 5 22
4 5 102
1 3 162
5 6 241
2 5 230
6 8 103
7 9 240
10
8 6 205
8 4 258
4 7 226
5 4 214
2 8 57
8 3 140
9 3 156
9 10 94
3 1 226
10
6 7 98
3 7 291
6 9 129
6 10 159
5 7 38
2 5 273
1 6 41
2 4 98
8 9 200
10
7 8 41
4 7 129
6 4 276
8 9 60
2 9 293
1 2 233
1 5 34
3 8 84
4 10 120
10
9 5 200
5 8 213
5 4 133
6 9 218
5 1 289
1 7 163
4 2 109
6 3 141
10 3 157
10
5 3 14
6 5 37
5 10 265
2 6 265
8 10 254
9 2 1
3 7 266
4 10 152
1 7 220
10
2 7 189
10 7 29
8 2 178
5 7 229
6 10 187
4 8 15
2 3 159
9 2 223
1 4 76
10
8 3 45
8 9 103
9 5 54
8 1 57
7 3 300
5 6 51
6 2 37
4 8 218
10 2 208
10
7 5 129
1 7 175
5 6 201
1 3 29
1 8 229
2 8 266
3 9 139
10 3 269
4 10 102
10
5 1 48
5 10 296
9 1 274
7 10 300
1 6 71
7 3 8
3 4 161
2 6 234
8 4 172
10
1 10 153
3 1 214
7 3 300
2 7 4
6 3 131
9 10 196
5 6 163
8 5 263
1 4 115
10
1 2 299
2 8 92
3 8 139
7 8 12
5 1 23
10 7 123
3 9 36
9 6 23
4 1 283
10
4 1 278
5 1 74
8 1 177
8 10 141
10 3 233
5 7 273
4 2 75
7 6 117
8 9 226
10
9 6 267
8 9 22
8 4 57
2 4 42
10 6 72
8 7 228
2 3 250
1 8 107
5 8 177
10
7 3 292
7 10 101
3 1 229
6 1 39
1 4 179
4 9 168
4 8 292
5 9 118
2 7 65
10
3 4 86
4 9 278
8 4 173
7 4 119
6 4 77
8 2 242
8 5 220
9 1 159
10 5 31
10
1 5 291
1 7 108
2 1 140
4 1 200
7 10 161
9 4 261
6 4 221
7 8 160
3 1 78
10
1 5 262
1 7 113
9 7 146
1 10 38
6 10 187
4 9 186
9 2 100
3 1 202
10 8 14
10
6 8 295
9 6 204
8 1 255
6 2 31
5 1 118
3 5 120
9 7 10
7 4 20
10 5 16
10
4 9 219
4 2 248
2 5 257
3 9 235
5 10 125
10 8 143
7 4 259
5 6 207
6 1 78
10
7 8 78
7 3 94
5 3 243
8 2 87
1 7 295
9 5 95
3 10 182
1 4 223
6 5 77
10
5 2 261
2 1 299
6 1 225
2 4 240
4 10 131
5 7 153
8 5 125
3 2 218
9 2 248
10
7 2 83
8 2 256
2 9 175
5 7 109
9 10 189
4 5 11
10 6 49
7 3 40
1 2 116
10
2 5 270
2 1 50
5 9 153
5 4 81
6 4 272
7 6 87
2 3 177
5 10 203
9 8 18
10
6 8 184
4 6 143
6 5 213
6 2 112
8 7 130
2 1 172
1 9 66
3 7 107
10 1 113
10
8 6 217
1 8 31
5 8 262
8 4 226
1 10 136
7 8 263
9 5 13
3 7 185
7 2 130
10
2 9 291
2 10 152
6 10 44
7 10 12
4 9 149
3 2 65
8 9 291
5 3 223
2 1 34
10
4 2 294
6 4 174
9 2 86
4 7 82
7 8 99
6 3 124
1 9 264
3 5 16
10 5 117
10
7 10 2
7 1 7
1 8 19
3 10 158
3 9 260
4 10 131
7 2 290
8 6 75
5 7 175
10
7 4 200
7 3 28
7 6 43
10 3 127
10 8 105
5 3 212
5 2 194
9 3 11
1 8 35
10
1 8 180
6 1 173
3 1 35
5 6 59
2 5 223
9 6 221
5 4 250
10 2 222
5 7 254
10
9 8 133
10 9 274
2 8 21
4 8 193
7 8 163
5 7 238
5 3 214
1 3 212
7 6 43
10
8 5 266
8 10 124
3 10 109
3 6 78
3 4 15
7 5 229
7 9 169
7 2 141
3 1 284
10
3 7 84
3 1 29
5 7 206
3 2 66
5 6 234
8 5 26
5 4 230
10 5 133
1 9 218
10
5 10 108
5 3 74
2 5 70
5 9 68
5 7 217
6 2 185
5 1 112
10 4 111
8 10 108
10
9 4 19
4 1 51
5 4 197
3 1 233
9 7 214
2 4 108
1 6 252
9 10 117
8 1 148
10
7 2 54
2 6 135
10 7 219
5 2 250
5 4 161
4 9 216
5 1 5
3 2 264
3 8 269
10
7 10 93
10 8 14
7 5 26
2 5 152
1 8 163
4 10 147
9 4 165
6 7 236
3 7 137
10
2 3 196
3 8 88
4 3 270
7 4 115
4 6 177
9 7 214
2 10 152
10 5 119
4 1 6
10
6 10 251
1 6 5
6 4 208
10 2 18
3 2 211
1 9 72
3 8 16
1 5 206
7 2 231
10
8 9 215
4 8 216
9 3 38
9 7 45
2 4 118
7 5 87
6 8 161
1 2 295
3 10 99
10
10 2 204
10 8 246
2 9 91
5 8 234
8 4 19
9 6 11
2 7 127
8 3 184
5 1 181
10
7 10 112
10 6 192
8 7 252
6 4 207
9 6 81
10 1 191
10 2 56
9 3 171
5 4 225
10
1 5 171
9 1 87
2 1 4
4 5 255
6 4 141
5 10 188
6 3 217
1 8 84
2 7 215
10
3 8 131
3 6 262
2 6 297
3 1 290
6 4 252
5 2 189
5 7 274
5 9 245
4 10 98
10
5 2 212
4 5 252
5 8 195
4 6 60
7 2 237
10 2 293
6 3 24
6 9 273
1 8 49
10
10 6 239
3 6 195
8 10 290
6 1 130
7 6 168
3 2 87
5 1 152
9 6 296
5 4 292
10
7 6 132
7 1 204
9 7 260
8 7 62
6 4 85
6 5 102
7 3 270
6 10 72
2 6 220
10
1 5 175
5 10 294
5 3 104
5 4 74
8 1 205
9 5 48
3 2 293
1 7 182
8 6 91
10
10 5 282
5 4 162
4 3 12
9 4 68
8 5 279
9 1 64
7 4 120
10 2 145
10 6 50
10
5 9 205
5 10 88
1 9 272
3 1 136
2 3 57
4 1 299
10 7 22
6 5 206
8 2 77
10
5 6 242
7 5 16
2 6 19
4 7 156
8 4 53
10 7 54
2 9 62
1 6 34
10 3 219
10
8 7 11
7 9 126
9 6 7
3 6 5
5 9 109
4 6 70
10 6 131
2 5 155
5 1 135
10
3 2 294
2 10 69
5 3 26
10 1 164
6 5 82
8 3 252
2 9 241
4 5 36
2 7 151
10
3 5 11
10 3 175
8 10 254
3 6 214
8 1 253
9 1 110
4 1 264
2 10 175
5 7 211
10
10 1 255
1 3 255
2 10 223
10 9 123
5 2 242
4 3 143
7 2 140
4 6 231
8 4 82
10
1 3 17
1 8 257
4 1 128
8 2 29
4 10 71
10 7 177
5 3 166
10 9 123
2 6 111
10
4 6 54
4 1 130
10 1 141
4 2 139
6 5 237
4 3 63
8 5 297
6 9 233
10 7 48
10
1 5 182
1 3 12
5 7 127
7 8 91
6 5 246
5 2 266
6 9 54
5 10 139
1 4 156
10
9 7 91
9 8 119
8 10 235
10 5 88
1 5 63
8 3 173
2 1 246
10 4 289
6 9 291
10
1 8 189
1 5 188
8 6 202
4 5 66
10 4 99
2 10 100
5 3 294
4 7 127
2 9 157
10
2 4 115
4 7 112
4 6 214
5 4 291
5 9 183
8 7 150
8 10 82
1 8 253
3 9 59
10
9 7 128
7 8 192
10 8 19
1 9 73
3 8 154
1 5 38
4 7 217
10 2 164
10 6 160
10
1 7 92
4 1 148
3 4 150
4 9 94
8 7 189
10 3 285
4 5 214
10 6 202
2 1 41
10
10 9 123
7 9 170
4 7 112
10 2 159
5 2 205
2 3 123
9 1 84
7 8 12
1 6 132
10
7 2 134
3 7 129
5 3 260
3 1 290
4 7 227
1 6 43
9 1 51
8 7 92
10 6 21
10
4 7 240
7 8 152
5 4 225
4 9 95
7 1 257
9 6 260
4 3 65
5 2 49
5 10 70
10
1 6 114
1 8 82
6 3 296
9 8 72
7 6 48
8 10 205
9 4 42
5 7 135
1 2 221
10
2 10 220
10 4 193
6 4 257
8 2 74
3 10 104
1 8 247
9 2 185
7 9 252
8 5 280
10
5 1 43
4 5 56
6 1 170
7 1 261
5 8 67
1 3 69
6 10 229
9 3 85
9 2 95
10
9 8 60
4 9 142
7 9 116
2 9 187
6 7 149
4 3 18
4 10 53
10 5 173
1 9 117
10
3 1 235
3 6 159
2 3 190
10 1 141
10 9 38
10 5 132
7 5 146
4 1 3
6 8 210
10
1 9 102
6 9 215
2 6 282
4 6 293
3 1 12
10 1 115
5 10 131
3 8 251
3 7 228
10
2 1 143
2 4 231
6 2 106
6 3 16
9 4 117
8 2 25
7 6 9
9 5 108
3 10 13
10
5 2 232
7 2 225
2 1 121
1 4 121
10 2 224
5 9 148
3 10 15
5 8 17
6 8 69
10
3 4 21
7 3 149
1 3 127
6 4 18
8 3 28
10 7 281
8 5 297
10 9 272
2 5 132
10
10 8 34
7 10 190
6 10 245
7 2 192
8 1 70
8 5 188
5 3 207
7 9 228
4 1 243
10
2 6 224
6 8 261
10 6 17
10 4 229
3 10 244
6 7 26
5 6 172
9 2 112
1 7 86
10
9 8 70
8 6 141
2 6 79
6 10 37
6 5 265
4 6 297
7 9 85
3 7 207
7 1 123
10
10 9 275
5 10 16
8 5 25
8 7 180
10 2 287
6 2 179
4 5 122
3 10 270
1 7 143
10
8 3 157
1 3 217
8 7 94
6 1 57
1 10 236
5 8 160
4 5 180
9 6 284
2 4 114
10
2 7 246
5 2 26
2 10 131
7 4 214
5 8 273
9 10 186
8 6 191
9 3 183
10 1 54
10
10 2 83
10 7 273
9 2 219
7 5 291
2 1 57
4 5 253
3 9 180
6 4 277
1 8 7
10
10 5 273
9 10 43
9 1 199
10 6 290
8 10 151
9 2 61
2 3 250
2 7 57
7 4 18
10
3 2 179
7 3 177
10 3 21
4 10 157
10 5 7
7 1 232
6 4 165
9 10 66
8 5 180
10
6 8 176
5 8 158
2 6 280
9 2 230
6 1 210
3 6 12
3 4 28
2 10 121
7 9 167
10
7 4 262
7 10 193
4 1 289
4 3 2
9 3 76
1 2 159
2 5 40
3 6 264
3 8 109
10
6 9 241
6 8 279
8 5 104
8 7 152
2 8 208
6 10 173
2 4 130
1 7 278
6 3 18
10
2 5 283
2 9 4
6 5 270
10 9 60
3 5 128
9 8 76
9 7 163
4 7 243
1 9 56
10
10 7 221
10 6 208
3 7 64
1 7 16
7 4 202
4 5 70
1 2 27
8 3 16
1 9 252
10
4 9 254
7 4 211
7 10 244
2 7 57
3 10 41
5 2 82
6 2 158
2 1 44
8 10 172
10
4 2 95
2 9 253
2 10 64
9 3 44
8 3 279
10 6 64
6 5 197
1 9 5
7 5 239
10
7 1 52
3 7 82
7 4 122
5 3 247
7 2 128
2 6 58
3 10 108
3 8 240
4 9 126
10
1 6 222
7 6 218
8 1 129
8 3 235
7 2 25
8 4 128
6 9 47
2 10 75
8 5 67
10
2 3 94
9 2 140
4 3 49
10 9 12
10 5 120
10 1 273
7 5 281
8 9 161
1 6 208
10
10 4 139
4 1 109
4 2 14
5 4 274
9 2 245
7 9 265
8 4 119
2 6 270
3 2 212
10
8 1 29
7 1 210
1 6 34
7 2 9
1 3 274
10 7 169
6 5 136
4 8 254
3 9 112
10
3 1 148
8 1 196
9 8 15
1 6 143
9 7 97
2 8 251
3 5 16
2 10 105
4 3 154
10
5 9 18
5 10 129
9 6 104
6 7 69
6 3 27
6 4 55
10 2 128
1 6 197
8 9 39
10
6 1 107
10 6 264
3 10 219
3 9 150
4 9 252
7 3 248
2 9 55
8 7 165
8 5 40
10
1 9 60
2 1 54
9 6 44
5 1 300
3 2 217
10 5 280
7 3 153
4 7 231
8 10 278
10
1 7 184
7 5 86
1 6 241
8 5 74
1 2 87
4 2 208
7 3 95
10 8 25
9 8 109
10
3 1 137
5 3 113
10 3 265
10 4 25
7 5 239
9 5 254
7 8 276
2 8 42
7 6 291
10
9 3 286
3 6 179
10 6 297
8 3 169
8 4 141
3 1 124
6 7 72
2 7 31
5 7 272
10
2 10 239
3 2 192
2 1 157
2 6 253
3 9 295
9 8 229
8 4 64
9 7 15
6 5 166
10
9 5 237
3 5 217
7 9 83
4 3 181
9 6 92
1 3 231
2 9 29
10 9 251
8 10 289
10
3 2 285
6 2 85
1 2 199
7 2 17
10 3 280
6 4 173
8 1 287
5 10 59
10 9 40
10
3 1 203
1 6 274
1 5 169
3 7 64
2 1 263
2 8 181
10 5 193
6 9 100
4 6 49
10
4 6 291
4 2 228
3 4 2
6 10 82
7 3 270
10 1 232
7 5 42
8 7 103
9 10 253
10
10 3 182
6 10 73
5 3 291
7 3 48
4 10 136
2 6 226
3 8 142
1 8 40
9 3 6
10
10 6 261
6 2 78
2 9 271
3 10 283
1 2 13
8 6 294
7 1 51
3 4 63
5 7 172
10
1 8 230
1 9 146
10 9 7
2 10 111
9 4 215
10 3 171
7 2 94
10 5 54
4 6 69
10
6 4 214
10 6 291
9 6 64
4 1 99
7 9 268
4 2 173
6 5 238
3 5 153
8 4 245
10
2 9 26
2 4 208
2 1 244
10 4 66
5 9 143
1 7 105
10 6 185
10 3 222
3 8 93
10
3 1 197
7 3 85
10 3 50
8 1 202
6 10 204
8 5 8
1 2 113
1 9 203
4 10 48
10
2 7 109
3 2 10
7 10 169
3 5 103
3 9 179
6 3 233
10 1 233
8 7 39
4 5 288
10
3 10 196
3 1 212
1 7 209
10 2 195
2 5 260
1 8 264
10 9 84
4 3 117
2 6 153
10
10 7 163
1 10 153
9 10 15
10 3 55
9 8 211
3 2 80
5 10 108
7 6 136
1 4 216
10
8 6 95
1 8 29
5 6 88
10 1 143
6 2 15
10 3 62
4 6 223
3 9 285
7 6 149
10
9 8 254
1 9 186
1 5 175
5 7 64
3 1 19
4 5 173
1 2 296
10 8 80
2 6 265
10
2 6 5
2 4 101
6 7 288
7 10 211
3 6 67
1 6 279
8 6 32
7 9 259
5 7 100
10
4 7 27
9 4 121
6 7 258
10 7 74
6 3 154
9 8 97
10 2 188
1 10 256
10 5 179
10
5 6 67
10 5 252
5 2 198
2 3 116
4 3 213
10 1 242
8 4 285
6 9 257
7 5 64
10
4 3 87
3 6 82
2 4 63
8 4 193
4 9 1
4 5 222
10 9 147
6 7 9
1 2 35
10
5 3 194
4 3 200
4 10 136
9 4 280
2 10 150
7 10 171
8 7 267
1 9 185
2 6 259
10
8 4 172
6 8 263
9 6 28
9 2 155
2 3 90
1 3 81
5 2 105
4 7 186
10 2 240
10
8 1 164
9 8 138
9 3 274
8 4 284
10 4 69
9 7 190
6 1 26
2 3 80
10 5 2
10
6 9 272
7 9 269
8 9 67
9 4 67
7 1 44
7 5 58
9 3 162
2 4 143
3 10 101
10
4 9 81
9 7 293
9 6 229
3 6 250
5 4 188
4 10 285
10 1 44
1 8 199
2 7 204
10
2 10 7
10 9 196
10 5 180
3 10 207
7 3 94
8 7 41
6 7 115
7 4 134
3 1 46
10
5 9 102
5 10 142
9 1 140
2 5 234
10 7 57
3 2 239
8 5 291
6 3 147
9 4 19
10
1 8 248
8 7 36
7 10 47
2 8 63
1 3 10
9 8 142
4 7 253
6 4 111
8 5 99
10
1 4 183
1 8 25
2 8 297
9 2 6
1 5 128
3 4 168
9 7 257
1 6 173
10 1 44
10
9 4 112
5 4 231
10 5 39
2 5 282
4 3 70
10 7 144
5 6 159
8 2 18
1 9 267
10
10 1 110
1 4 108
4 5 88
1 6 126
8 1 77
3 5 225
10 9 42
7 5 177
2 3 208
10
8 10 122
6 10 257
10 1 279
5 6 5
6 3 226
7 1 42
4 1 219
1 2 27
9 3 281
10
5 3 155
3 2 106
7 5 265
2 8 230
10 3 275
3 4 115
2 6 292
6 9 287
10 1 209
10
8 2 249
7 8 275
2 6 67
8 1 44
9 6 274
2 5 20
1 10 148
4 10 39
3 7 165
10
1 5 12
1 6 132
2 5 141
4 6 170
10 2 219
7 4 22
9 10 85
8 5 128
3 5 286
10
2 3 213
2 1 199
1 4 65
6 2 189
6 10 181
4 8 299
7 3 104
7 5 172
9 6 179
10
2 3 205
4 3 67
4 7 279
4 1 30
6 3 234
2 5 298
10 4 51
9 3 98
8 3 258
10
1 8 112
8 3 281
1 7 227
10 1 24
9 10 196
7 4 79
4 5 83
6 4 48
2 7 203
10
6 1 79
7 6 2
6 5 26
5 3 65
6 4 146
1 10 56
2 3 67
9 10 73
8 5 81
10
4 3 86
9 4 153
4 6 243
9 2 174
4 7 241
1 3 239
4 5 39
8 2 37
9 10 84
10
5 3 240
5 1 12
1 8 33
4 5 7
6 5 2
7 4 36
2 1 28
7 10 246
9 10 74
10
1 5 95
10 5 139
10 6 103
10 4 46
5 8 5
9 6 293
2 4 273
4 3 237
2 7 123
10
9 8 200
1 8 102
10 9 229
6 8 188
10 2 88
3 8 280
9 5 289
7 3 165
5 4 257
10
10 3 122
9 3 41
9 6 244
5 3 29
10 7 96
8 10 254
9 1 230
8 2 171
1 4 224
10
7 2 44
7 8 122
7 9 117
8 6 138
2 10 278
4 6 107
9 5 13
4 1 269
6 3 108
10
5 7 8
1 7 179
1 8 246
8 3 291
10 5 246
4 7 255
1 9 246
2 7 250
6 3 183
10
5 7 265
5 1 46
9 7 106
2 5 210
5 4 164
7 3 2
1 10 266
8 2 161
9 6 132
10
4 5 45
5 9 121
5 6 269
1 6 275
7 5 241
10 9 7
5 8 113
10 3 192
8 2 265
10
9 3 147
3 1 76
9 5 56
5 6 115
3 4 178
9 10 127
6 7 158
8 4 206
2 6 2
10
4 10 169
4 7 300
9 7 29
9 1 194
2 10 208
9 6 11
2 8 229
1 3 198
9 5 49
10
6 2 82
2 7 92
2 3 115
9 6 132
5 7 83
1 7 168
4 5 206
9 10 187
8 6 13
10
9 2 247
7 9 265
8 2 171
8 1 252
3 2 297
2 10 288
1 5 22
10 6 254
5 4 106
10
5 3 142
9 3 63
10 5 130
8 10 131
6 5 198
7 3 117
1 7 31
9 4 235
2 5 228
10
8 3 203
7 3 91
1 7 5
7 9 253
7 10 41
10 4 187
9 5 148
8 2 4
4 6 126
10
3 5 21
10 5 183
5 6 154
5 7 52
1 6 125
2 5 128
1 4 254
9 5 300
8 1 126
10
3 6 287
1 6 15
6 8 263
6 7 291
9 1 54
10 3 58
4 6 120
5 10 25
9 2 162
10
6 4 83
5 6 189
2 6 15
8 5 127
7 2 9
3 7 299
8 1 170
10 5 268
6 9 216
10
10 3 187
3 8 12
6 10 113
3 1 43
8 2 141
9 2 150
3 7 97
1 5 207
7 4 118
10
1 9 235
6 1 56
4 6 218
3 4 240
1 7 60
2 1 184
10 4 53
8 1 226
5 4 298
10
10 3 277
2 10 222
8 3 197
3 4 78
1 4 73
7 10 86
5 1 77
9 5 120
2 6 137
10
3 8 152
3 1 61
1 9 267
3 6 104
5 6 265
8 7 23
10 7 258
7 2 201
4 2 142
10
2 4 220
2 8 17
2 1 129
4 6 165
3 6 126
5 1 98
7 3 196
9 3 231
10 2 107
10
10 8 23
10 3 214
3 4 199
8 1 215
3 2 200
8 6 233
2 7 4
6 9 253
2 5 276
10
7 6 30
9 6 23
3 6 227
7 8 1
7 5 5
6 2 278
1 3 199
7 4 180
8 10 22
10
1 5 270
1 8 240
1 9 150
3 8 282
9 2 124
7 3 131
9 6 81
10 3 241
4 3 95
10
4 6 270
6 10 260
10 2 173
5 10 223
9 6 252
3 6 32
1 10 40
10 8 33
7 1 137
10
7 4 28
1 4 186
4 9 3
1 2 8
9 6 125
8 6 93
8 3 109
5 1 232
10 1 207
10
7 4 20
6 4 214
8 4 225
4 9 16
5 8 265
6 10 197
7 2 17
1 2 213
3 9 51
10
6 3 239
6 10 69
8 10 228
10 9 193
7 6 224
3 2 100
6 4 260
4 1 83
4 5 147
10
6 4 285
6 3 260
4 9 19
10 3 115
7 10 143
10 8 220
5 8 136
9 1 77
8 2 272
10
8 1 87
7 8 45
8 5 238
5 4 119
9 7 64
8 10 213
9 2 137
7 3 52
5 6 71
10
6 3 134
1 3 299
3 9 1
4 9 71
1 10 65
2 6 27
10 5 164
4 7 124
3 8 287
10
7 1 191
7 8 225
8 4 258
1 9 91
7 2 204
4 5 88
3 1 260
2 10 292
1 6 21
10
4 9 92
1 9 20
6 1 1
5 6 203
8 5 158
7 8 283
2 4 8
10 1 210
3 4 252
10
10 7 54
1 10 156
10 8 137
7 3 171
8 5 264
1 4 293
1 6 141
9 8 106
2 5 230
10
5 3 286
6 5 227
2 5 128
5 8 71
7 2 298
6 10 211
2 9 40
6 4 33
9 1 88
10
10 5 78
8 5 5
10 3 195
4 10 6
6 5 68
7 10 248
10 9 263
1 7 87
2 10 235
10
10 4 268
9 10 262
7 4 174
9 3 281
5 10 241
8 9 117
2 10 232
6 10 131
1 10 266
10
1 3 293
3 6 113
2 6 295
2 7 28
6 8 263
3 10 285
9 3 209
5 9 133
6 4 6
10
6 7 43
4 6 114
7 10 213
7 2 8
6 8 164
9 4 186
4 3 233
1 6 5
5 10 182
10
7 9 187
2 7 149
2 8 97
10 7 12
6 10 127
2 5 278
6 1 25
4 6 232
3 10 27
10
10 9 178
5 9 260
8 5 100
9 2 56
2 4 31
7 2 85
6 7 92
3 6 19
1 10 109
10
2 9 245
7 2 127
9 5 23
5 8 25
5 3 105
7 4 9
6 4 202
2 10 10
1 6 222
10
2 6 130
1 6 97
7 1 214
2 10 247
7 3 218
2 5 49
8 10 126
9 2 117
6 4 122
10
3 1 66
1 5 230
6 3 32
5 4 230
2 6 299
3 9 31
5 10 139
8 10 79
7 1 130
10
4 7 55
9 4 132
4 1 80
5 7 95
7 6 46
9 3 166
1 10 153
9 2 68
6 8 219
10
4 7 246
4 5 290
5 2 202
6 5 157
4 10 131
8 4 60
2 9 257
3 6 47
9 1 139
10
8 6 138
6 1 22
6 5 56
6 4 74
4 7 249
3 8 261
10 3 45
6 9 245
2 5 229
10
4 1 144
9 1 196
9 5 179
5 8 50
9 10 11
3 4 42
1 2 225
4 7 31
1 6 77
10
6 3 273
9 6 193
5 6 179
4 5 100
6 1 146
9 10 165
1 2 236
8 5 91
7 3 151
10
6 3 47
3 8 141
6 1 190
5 3 70
10 6 84
2 8 218
5 4 119
7 5 28
8 9 196
10
2 5 268
5 1 199
10 2 145
1 7 230
1 4 167
7 9 228
6 1 206
8 4 37
3 10 220
10
10 5 281
5 6 180
9 10 160
9 2 112
8 10 127
8 1 216
2 3 11
7 9 109
10 4 116
10
2 10 183
2 7 60
10 8 130
10 9 260
7 6 54
1 10 73
8 4 127
7 3 293
1 5 67
10
7 9 278
9 5 69
6 5 266
8 7 254
9 3 2
5 1 187
10 8 147
5 2 166
4 3 39
10
4 9 220
5 9 34
7 5 259
4 10 261
1 7 150
10 2 141
5 8 54
6 10 52
1 3 82
10
8 7 24
1 8 112
1 9 208
5 1 264
7 2 75
5 4 150
6 7 109
3 9 179
9 10 208
10
10 6 32
8 6 157
10 4 261
8 5 47
7 6 86
7 1 153
2 4 44
10 3 97
9 10 145
10
3 1 22
3 4 29
9 1 170
5 3 150
5 2 53
4 6 93
5 10 1
8 4 245
7 1 290
10
2 3 44
3 8 126
10 3 21
6 3 100
4 2 195
8 5 298
7 4 14
1 7 278
10 9 243
10
7 9 154
4 7 76
9 2 5
10 2 93
5 4 123
1 2 244
8 7 96
1 6 260
6 3 258
10
4 10 125
3 10 258
8 4 65
2 4 126
9 8 154
8 7 244
5 8 131
1 10 290
6 10 103
10
9 8 40
9 1 67
1 3 9
1 5 187
7 9 27
6 9 6
4 5 144
9 2 80
10 3 192
10
7 1 264
7 6 298
7 9 118
5 7 92
7 4 73
3 7 296
10 9 22
1 8 102
2 5 126
10
8 6 51
8 9 69
10 6 177
10 7 165
8 2 219
1 7 298
8 3 99
5 2 147
9 4 15
10
6 1 161
7 1 123
9 7 76
10 1 49
6 5 242
7 4 106
8 7 76
3 9 193
5 2 70
10
7 2 9
9 2 234
7 1 6
4 7 45
1 10 213
5 4 114
4 6 168
9 3 29
1 8 183
10
4 3 28
3 7 265
3 10 198
9 3 211
8 10 111
2 3 79
5 2 150
6 8 107
2 1 94
10
6 4 82
6 7 285
1 7 99
6 2 267
5 6 176
5 9 35
1 3 127
9 10 297
8 6 266
10
2 7 189
2 3 55
4 7 86
3 8 211
7 10 24
5 10 118
8 6 97
9 7 288
5 1 293
10
7 4 278
4 3 40
3 8 191
4 9 245
6 9 36
3 10 129
5 7 28
6 2 296
1 9 105
10
4 2 88
1 2 92
4 10 146
4 7 160
2 3 268
5 10 295
6 10 257
2 9 265
8 3 234
10
6 3 106
6 10 11
2 3 184
8 3 34
7 2 239
7 9 248
5 8 41
4 6 6
7 1 290
10
8 10 54
7 10 161
9 7 250
10 4 37
6 8 151
1 10 289
5 8 90
6 2 15
1 3 126
10
8 5 152
1 5 81
1 2 145
8 9 267
7 1 263
7 3 101
6 7 67
6 4 118
10 5 36
10
7 9 40
7 10 229
7 5 104
7 2 72
4 10 19
7 1 131
7 8 198
3 10 43
6 10 165
10
4 10 119
4 6 296
4 3 290
10 5 65
9 4 77
8 6 150
3 2 102
3 7 219
2 1 10
10
2 5 59
3 2 282
6 5 166
3 8 155
3 10 183
1 2 159
9 1 264
1 7 268
4 3 34
10
2 3 219
8 2 119
6 2 125
4 3 250
2 5 123
1 5 283
8 10 51
7 3 265
2 9 194
10
1 8 149
5 1 247
2 5 139
10 5 261
9 8 152
2 6 182
3 2 184
6 7 89
4 6 193
10
1 2 269
9 2 100
1 4 166
1 3 40
10 1 132
9 8 130
5 3 116
3 7 30
6 8 12
10
6 2 189
6 9 188
5 2 285
9 7 172
4 2 300
8 6 106
7 3 248
9 1 49
10 1 201
10
9 1 124
9 5 34
7 5 6
5 8 192
7 10 48
4 10 77
10 2 12
1 3 58
6 2 73
10
8 10 262
2 8 295
7 2 256
5 2 235
6 2 39
4 10 192
7 1 268
9 4 80
3 6 28
10
5 7 254
6 7 289
10 7 108
5 2 55
1 6 44
7 3 290
9 1 166
2 4 185
8 5 181
10
1 9 79
9 2 96
2 10 127
2 8 231
9 7 185
7 6 93
7 3 90
1 5 68
4 7 103
10
8 2 12
8 10 255
1 8 172
9 2 24
8 7 82
8 4 213
3 2 25
2 5 83
6 10 293
10
10 4 91
6 10 154
6 5 67
6 8 264
7 6 40
10 3 271
10 9 288
6 1 104
10 2 94
10
8 9 2
3 8 244
3 6 287
4 8 231
7 8 1
8 5 155
8 2 94
6 10 256
8 1 213
10
5 7 71
10 7 248
9 5 78
8 9 120
10 3 131
4 9 163
7 1 122
4 2 189
6 3 67
10
6 4 285
4 3 229
3 5 255
4 7 155
3 8 147
9 7 123
1 3 36
2 4 149
7 10 25
10
3 4 59
3 2 46
5 4 166
5 1 220
3 10 43
4 6 271
2 7 124
8 3 297
9 4 131
10
5 4 265
4 3 197
4 6 186
5 8 11
8 7 90
3 2 148
6 1 259
9 1 220
10 9 8
10
1 5 120
6 1 171
10 6 112
9 10 11
7 1 158
8 6 274
3 7 244
4 3 2
2 1 255
10
6 1 144
4 6 286
5 4 237
10 1 278
4 7 191
9 10 148
3 1 188
8 4 266
2 3 225
10
6 2 287
6 10 139
3 6 113
6 7 168
8 6 55
4 2 62
1 8 203
5 7 207
10 9 257
10
6 9 81
9 1 156
1 8 183
5 9 159
8 10 42
3 1 79
5 2 71
1 7 231
9 4 292
10
2 6 297
2 4 197
7 6 145
7 5 75
4 3 273
9 5 130
10 4 79
8 10 152
7 1 114
10
6 5 84
6 10 210
1 10 104
10 3 172
6 4 215
7 10 194
7 8 269
9 10 126
5 2 290
10
5 2 221
5 10 56
2 3 114
3 6 73
7 3 230
1 6 47
6 4 175
9 2 230
4 8 158
10
6 5 147
9 6 191
5 4 129
6 2 130
8 2 249
4 7 117
5 3 176
9 1 188
3 10 106
10
10 7 164
7 8 23
2 8 263
4 10 156
8 5 288
7 1 134
10 3 264
10 6 186
1 9 216
10
7 10 215
10 1 202
10 6 275
5 7 9
8 7 164
9 7 256
8 2 279
5 3 203
4 1 105
10
10 2 214
10 5 19
2 1 30
3 1 279
6 1 285
9 1 89
7 5 33
4 2 214
10 8 10
10
2 7 55
10 7 68
5 7 235
2 9 57
5 8 69
9 4 100
3 5 84
9 1 169
6 5 219
10
10 2 238
5 10 29
2 8 17
8 9 286
9 6 217
3 9 34
2 1 215
7 10 268
10 4 94
10
10 1 63
1 8 179
8 2 9
5 1 131
7 10 257
4 7 71
4 9 183
8 6 245
6 3 248
10
1 7 271
1 9 203
9 8 8
2 7 14
10 7 38
1 4 29
7 5 167
9 3 67
8 6 135
10
3 10 256
4 3 4
4 7 233
10 1 178
2 4 256
3 9 169
3 6 54
5 9 274
8 10 294
10
7 5 47
5 2 62
10 7 209
5 4 33
1 4 224
7 3 84
3 8 51
8 9 111
2 6 69
10
8 6 234
8 10 108
5 10 133
5 7 109
7 2 113
4 5 277
7 1 177
2 3 243
7 9 13
10
1 7 227
2 1 69
1 9 20
1 6 136
1 10 160
2 8 89
4 1 113
5 8 258
3 10 112
10
1 4 108
4 10 279
10 3 39
1 6 85
2 3 136
9 6 44
8 1 141
5 4 57
2 7 238
10
4 7 296
7 10 141
4 6 150
6 2 264
9 2 49
7 3 62
6 8 116
9 5 245
1 9 295
10
8 4 229
4 10 195
8 1 92
2 4 46
7 4 180
7 5 198
9 4 243
10 6 258
6 3 259
10
10 4 294
10 2 42
5 2 54
5 7 200
6 5 218
6 9 46
6 8 178
1 5 231
6 3 248
10
4 10 19
3 10 69
2 4 223
9 3 36
6 2 258
9 7 181
3 1 119
5 10 286
8 2 292
10
8 2 98
10 8 32
8 1 239
5 10 239
6 8 75
7 8 75
3 10 286
4 1 185
9 1 287
10
7 8 100
8 4 158
10 8 182
7 6 266
5 4 217
4 1 167
2 8 37
7 9 243
7 3 281
10
1 8 204
4 1 259
7 8 14
2 7 191
7 6 56
9 6 62
10 1 28
1 5 38
3 5 238
10
3 9 182
2 9 36
2 5 36
9 4 292
4 7 28
3 6 44
8 7 11
8 10 127
1 6 178
10
6 8 93
9 8 296
8 3 236
4 6 171
1 3 196
5 4 260
3 10 221
10 2 298
7 1 165
10
4 7 42
10 7 19
5 4 295
1 10 231
4 2 70
1 9 222
6 4 17
7 3 130
4 8 110
10
3 8 54
1 3 116
9 1 178
9 5 25
5 2 31
5 10 89
7 9 207
6 2 193
4 5 135
10
3 4 165
9 3 220
3 1 188
6 3 33
7 1 217
8 3 219
5 7 167
5 10 218
2 9 141
10
4 3 278
6 4 256
6 1 2
5 3 112
6 2 205
1 9 163
7 3 21
4 8 274
10 7 201
10
5 2 27
5 6 119
2 4 269
8 2 73
9 6 283
3 5 264
3 7 259
9 1 151
10 1 172
10
1 9 67
6 9 193
6 8 136
4 1 291
2 8 240
10 1 154
5 9 218
10 3 71
7 8 28
10
7 2 180
2 6 99
2 5 118
7 3 69
4 6 211
4 8 152
6 1 264
10 5 175
2 9 264
10
1 4 211
4 2 17
4 7 46
6 1 16
9 1 268
5 2 235
2 10 99
6 8 130
3 4 39
10
10 9 13
5 9 181
8 9 138
5 7 207
10 6 198
6 2 40
6 1 67
3 1 95
4 5 195
10
4 10 6
3 4 102
3 6 234
3 7 184
1 6 36
7 2 108
1 5 95
5 9 81
7 8 286
10
3 1 18
1 7 129
7 6 164
3 10 175
3 5 267
5 8 298
1 2 93
9 10 51
4 1 258
10
5 6 77
6 1 107
5 7 217
5 4 202
3 7 235
9 3 58
5 10 20
2 5 13
8 3 285
10
4 5 233
5 6 59
6 1 211
7 5 19
7 3 119
5 10 188
7 8 210
1 9 83
7 2 119
10
6 4 68
10 6 148
1 10 84
9 6 48
5 9 164
3 5 101
1 7 108
9 2 156
9 8 206
10
8 1 110
4 1 109
8 5 178
8 2 117
10 8 113
4 3 22
6 5 23
9 3 82
7 8 122
10
1 9 101
3 1 212
9 7 131
6 1 218
9 10 83
2 10 132
4 10 75
4 5 2
8 3 207
10
5 3 281
6 3 279
5 1 296
1 4 35
7 5 131
1 9 120
6 2 242
5 10 129
8 7 92
10
1 6 47
1 2 159
1 8 235
1 7 176
2 5 141
8 10 21
3 1 86
3 9 228
4 7 277
10
6 1 95
1 5 269
5 3 232
7 6 82
8 5 120
4 5 237
4 9 133
10 6 70
2 7 11
10
8 10 4
7 8 137
6 10 32
6 1 55
2 8 15
10 9 182
10 4 230
5 10 118
2 3 120
10
5 1 89
4 5 93
6 5 248
8 4 221
9 6 123
10 8 255
2 9 79
7 2 131
7 3 284
10
2 5 296
2 9 132
9 8 252
6 5 226
9 1 234
2 4 137
3 9 234
10 2 40
1 7 31
10
1 3 221
7 3 101
8 7 169
4 3 16
5 1 163
5 2 59
4 10 286
9 2 13
6 8 122
10
5 1 196
10 1 253
2 5 156
7 5 223
4 7 51
9 10 234
9 6 213
8 7 295
3 2 208
10
4 3 95
8 4 289
1 3 37
3 9 257
5 8 227
4 2 32
7 5 99
8 10 51
6 10 196
10
7 9 164
9 2 227
2 6 177
2 4 6
7 1 97
3 6 102
8 3 15
6 10 163
1 5 63
10
9 8 82
8 6 47
6 7 138
5 7 216
7 1 193
3 9 40
1 4 217
9 2 32
10 8 23
10
3 7 275
5 3 208
6 7 11
9 7 300
10 5 215
2 9 247
2 4 188
1 7 280
8 6 128
10
9 1 29
6 1 105
1 7 86
6 3 64
6 4 271
7 2 28
8 9 241
4 5 201
9 10 172
10
8 4 23
9 8 244
10 9 78
2 9 115
5 10 248
7 10 223
6 9 46
3 2 143
8 1 115
10
6 4 3
1 6 236
4 10 43
4 2 131
6 8 160
1 9 82
5 4 174
7 2 238
3 10 62
10
4 8 129
5 4 256
5 1 113
5 2 282
5 10 149
5 9 7
8 6 148
1 3 276
10 7 236
10
6 7 204
10 7 163
3 10 66
10 1 217
4 3 225
10 8 145
10 2 251
9 2 26
6 5 23
10
10 3 228
2 3 87
5 2 79
4 3 99
4 1 169
1 6 139
4 9 39
7 4 231
8 9 183
10
3 7 26
3 5 268
4 5 83
8 3 228
1 8 234
9 5 49
6 9 148
10 9 168
2 3 289
10
7 4 79
4 1 148
7 9 112
10 4 114
7 6 119
5 6 94
9 2 214
3 6 117
8 10 291
10
5 3 182
8 3 186
8 7 153
9 8 98
5 4 144
10 7 76
1 5 132
6 10 71
9 2 281
10
1 10 158
10 8 14
3 8 34
8 4 217
3 9 197
4 5 259
1 6 230
4 7 28
5 2 2
10
5 3 223
3 6 235
10 3 296
7 6 92
10 1 14
10 8 62
9 1 93
8 4 142
8 2 168
10
9 2 109
1 2 60
10 9 120
5 10 135
6 10 109
5 8 54
7 2 245
2 4 78
9 3 176
10
5 10 141
5 2 263
4 10 244
3 10 120
6 4 132
6 1 85
8 1 18
9 4 48
7 9 231
10
4 2 188
8 2 191
4 10 74
8 6 13
2 3 177
1 2 96
9 6 64
1 7 272
5 1 167
10
5 10 59
5 9 115
4 10 169
6 9 192
7 6 259
2 7 39
3 5 200
7 1 241
8 9 36
10
6 10 294
9 10 42
5 10 280
10 1 194
8 5 108
9 3 232
7 8 183
3 2 160
4 1 216
10
5 1 278
5 9 110
3 5 152
5 6 197
10 1 287
3 7 167
9 8 106
7 2 157
4 2 264
10
7 5 47
9 5 203
5 4 285
4 3 50
10 3 291
1 4 6
2 5 69
8 9 195
6 10 68
10
1 10 212
2 10 209
1 8 60
10 9 135
2 7 95
3 9 96
6 2 15
10 4 237
8 5 153
10
5 2 161
2 9 256
4 9 231
9 3 148
9 6 111
7 4 55
10 6 113
8 10 65
1 6 115
10
7 1 112
10 7 91
5 1 285
10 3 62
1 4 62
3 6 45
2 10 43
8 7 288
9 8 30
10
6 8 82
8 2 6
3 8 205
10 3 269
7 8 175
9 10 76
4 9 46
5 4 181
2 1 197
10
8 2 4
8 3 285
2 5 241
2 6 271
8 7 80
4 3 32
6 10 209
6 1 140
10 9 250
10
9 4 125
9 1 58
9 7 12
9 5 115
6 5 176
6 8 17
3 8 84
10 8 93
6 2 276
10
3 4 26
4 8 238
2 3 103
1 3 178
2 10 126
7 3 84
9 4 261
5 4 15
1 6 159
10
3 1 248
3 4 223
3 2 9
9 1 66
8 2 233
8 5 228
3 7 215
7 6 156
10 1 300
10
8 10 105
10 3 102
10 4 187
4 9 237
6 3 121
9 5 115
2 10 86
9 1 286
5 7 117
10
8 4 63
4 1 165
3 8 135
2 8 49
10 4 96
5 8 86
9 8 204
1 6 182
7 4 91
10
3 8 11
8 2 146
2 6 10
7 3 201
6 4 109
5 2 223
10 7 163
1 8 296
3 9 77
10
6 7 151
7 2 292
7 8 243
6 3 2
4 7 162
8 1 230
3 9 3
3 5 188
10 8 27
10
6 8 108
8 10 208
6 4 91
6 5 256
9 6 57
7 6 277
9 2 47
1 8 3
10 3 272
10
10 4 271
6 4 274
5 10 6
7 5 12
2 10 69
1 5 39
2 9 262
10 8 234
3 7 178
10
8 5 186
8 4 121
8 10 16
5 2 66
3 4 264
7 4 257
9 5 120
1 3 211
6 5 253
10
1 5 58
5 8 5
10 5 217
7 10 175
3 1 51
8 2 104
4 3 212
6 3 23
3 9 80
10
7 2 210
1 2 54
10 7 246
5 1 185
9 7 146
8 1 217
2 4 166
7 3 121
10 6 173
10
10 9 155
5 9 191
2 9 135
7 2 162
1 10 144
7 6 77
8 10 131
3 9 276
4 9 150
10
8 10 215
3 10 300
3 6 53
10 2 20
2 5 35
1 5 153
9 5 73
4 8 245
2 7 80
10
9 4 246
1 9 88
5 4 214
8 9 257
5 3 100
7 3 55
6 8 108
5 2 138
10 4 291
10
7 6 219
7 5 274
1 6 105
9 1 32
3 7 222
9 2 101
7 8 290
4 9 86
6 10 44
10
10 9 118
5 9 28
7 5 211
1 5 128
8 9 223
3 10 216
2 1 259
2 6 27
2 4 218
10
1 4 238
9 4 245
4 10 199
10 6 154
7 10 136
6 8 39
3 4 221
5 10 276
1 2 183
10
3 9 105
3 6 234
3 2 276
2 5 193
4 3 82
2 8 232
4 10 237
1 4 71
3 7 198
10
2 10 101
10 9 88
6 10 123
3 10 175
4 6 290
2 8 10
4 5 238
2 1 163
7 10 62
10
10 6 16
1 6 172
1 7 106
4 6 73
4 3 30
2 4 97
5 6 147
5 8 259
9 1 212
10
8 5 234
2 5 229
6 5 194
8 10 66
1 5 172
4 8 225
3 10 282
9 5 115
5 7 167
10
9 4 111
4 2 233
1 9 225
4 3 156
8 3 7
6 9 48
1 5 256
10 4 197
6 7 129
10
1 10 103
10 9 110
6 9 283
10 2 92
2 5 198
3 10 42
3 8 147
2 7 141
4 5 214
10
10 4 45
9 4 293
4 3 82
7 3 40
2 9 33
5 10 271
8 10 176
4 6 121
7 1 175
10
7 6 177
2 7 128
3 6 237
6 1 93
10 3 81
7 4 253
5 7 171
9 4 211
8 3 99
10
4 6 25
4 7 266
4 1 236
3 6 87
3 10 101
2 6 58
6 9 182
8 3 80
10 5 82
10
4 2 210
2 7 99
7 6 156
2 10 90
10 8 293
4 3 256
1 6 179
9 8 125
5 1 283
10
3 1 27
3 10 145
3 8 155
6 10 147
3 7 226
9 8 77
4 10 82
8 2 130
9 5 107
10
9 8 134
9 5 229
1 5 35
5 6 233
9 3 174
6 10 283
7 1 130
4 9 86
7 2 207
10
5 3 55
1 5 122
3 6 51
6 10 208
10 2 179
10 8 300
4 2 185
7 1 203
7 9 149
10
6 4 12
3 6 298
2 3 191
10 3 191
8 3 178
7 3 191
1 6 193
5 4 14
4 9 16
10
5 2 142
7 2 47
2 10 270
2 3 219
5 1 52
7 8 59
6 5 39
1 9 83
4 8 132
10
2 7 195
7 6 253
6 3 228
6 5 219
6 4 202
6 10 237
9 5 97
2 1 261
6 8 225
10
3 9 9
1 9 179
8 3 42
4 1 35
4 7 18
6 4 6
2 7 264
3 5 190
10 6 77
10
10 1 1
1 7 84
1 8 80
6 7 241
3 6 217
5 6 250
5 4 240
9 5 155
2 8 35
10
7 10 228
5 10 98
5 6 259
8 7 167
1 6 180
8 2 253
6 9 165
5 3 153
4 1 245
10
7 3 55
6 7 267
1 6 132
10 6 248
3 4 184
4 8 242
9 3 18
7 2 84
2 5 100
10
8 10 23
4 10 272
5 4 42
5 6 76
5 3 149
3 7 252
10 2 43
10 9 65
8 1 289
10
2 8 209
8 1 249
2 4 13
5 1 103
6 4 119
8 10 154
3 4 165
7 5 55
5 9 80
10
3 5 136
7 5 172
7 2 183
9 5 146
6 3 293
5 10 152
10 8 66
5 4 199
1 7 272
10
2 7 289
4 7 269
10 4 63
7 9 231
9 6 84
9 1 48
3 4 222
3 5 207
8 6 79
10
5 7 20
7 9 38
7 2 64
9 6 266
7 3 35
7 4 155
4 10 201
2 1 100
8 5 85
10
4 2 214
6 4 263
4 8 280
8 1 72
4 3 114
6 7 215
9 6 269
6 5 163
10 8 151
10
9 1 4
9 10 190
4 10 150
4 7 32
1 8 114
5 8 300
8 3 37
3 6 22
6 2 266
10
4 5 226
7 5 280
7 1 206
2 5 36
9 7 149
1 10 23
4 6 221
3 10 260
4 8 56
10
4 6 44
1 6 293
7 1 224
3 1 212
7 10 120
5 3 222
7 8 269
9 8 204
5 2 195
10
9 2 170
3 9 40
3 1 1
1 4 128
10 9 234
9 8 297
6 9 146
5 10 11
7 2 81
10
3 4 174
4 10 184
10 5 129
6 4 94
2 6 119
3 7 184
1 6 151
7 8 214
10 9 97
10
9 10 125
6 10 297
2 6 276
10 8 214
7 2 54
9 4 190
4 1 296
3 9 225
2 5 245
10
1 9 48
3 9 294
1 2 212
2 7 82
10 1 282
8 10 83
6 9 212
10 4 92
5 10 275
10
2 5 108
8 2 25
4 5 76
5 7 215
9 5 156
1 9 11
4 6 92
1 3 275
8 10 25
10
8 2 234
8 10 241
8 4 118
7 2 225
5 7 253
4 6 139
9 8 294
1 9 235
3 10 141
10
5 2 16
1 5 251
3 1 237
5 4 220
2 6 5
6 10 141
8 4 234
7 8 263
9 4 57
10
5 1 246
1 3 270
3 10 170
5 6 117
4 3 196
9 6 280
10 2 6
4 7 158
2 8 220
10
6 10 53
6 7 261
6 1 142
8 7 214
5 1 152
3 7 93
4 6 79
6 9 286
6 2 89
10
1 8 128
9 8 36
8 5 206
8 10 243
3 1 300
6 3 225
10 2 220
6 4 259
7 1 37
10
4 5 280
7 5 152
5 10 207
10 2 6
2 1 268
10 6 136
5 9 260
3 7 51
6 8 217
10
3 1 100
3 5 40
1 10 72
4 1 180
4 7 29
2 5 199
4 8 194
10 6 110
2 9 78
10
10 3 152
3 2 51
3 8 85
4 10 133
4 6 88
7 8 241
9 7 96
2 1 197
1 5 181
10
4 8 254
8 7 277
6 7 13
2 4 157
4 1 76
1 9 120
2 3 101
8 5 104
10 7 22
10
3 1 241
9 3 95
1 8 148
10 9 124
9 7 143
10 6 106
9 2 9
10 4 100
8 5 171
10
5 9 52
5 3 100
5 7 107
5 4 287
8 5 99
9 1 189
1 6 167
10 3 164
8 2 202
10
8 3 211
2 8 218
5 8 112
2 1 36
2 9 195
9 6 166
7 2 115
9 4 297
3 10 142
10
4 7 124
9 4 287
4 6 84
5 6 169
1 7 257
8 7 251
6 3 79
10 6 126
7 2 46
10
8 6 30
3 8 19
6 5 264
2 6 145
9 8 123
3 4 214
1 9 273
10 5 6
7 2 204
10
9 6 292
1 9 114
4 6 179
9 2 140
10 4 277
10 5 291
2 3 232
8 4 232
9 7 240
10
3 1 261
4 1 170
4 5 107
3 8 65
1 10 275
8 2 95
1 6 46
7 5 18
9 8 12
10
10 3 34
3 7 145
2 10 279
6 10 235
5 7 31
4 7 14
9 3 165
7 1 50
8 5 115
10
10 3 193
3 2 175
8 2 25
10 5 48
7 5 103
5 9 275
4 10 231
1 4 197
4 6 72
10
4 10 197
7 10 218
10 9 265
7 1 124
10 6 43
4 2 28
9 3 201
10 8 234
5 9 6
10
10 7 8
7 1 241
2 7 276
10 5 245
2 3 111
6 3 223
5 9 293
8 1 113
3 4 65
10
8 9 281
1 9 220
1 4 154
5 8 245
10 4 13
4 3 172
1 7 102
7 6 37
2 1 206
10
10 5 120
2 10 100
9 2 124
6 5 107
10 1 197
4 2 151
10 8 50
7 1 187
7 3 45
10
4 5 110
2 5 190
10 4 170
7 10 167
6 2 11
8 6 75
7 1 18
9 1 261
10 3 89
10
4 8 239
10 8 182
10 3 251
10 7 36
4 6 69
5 3 21
4 2 5
9 4 227
6 1 98
10
1 4 257
9 1 154
10 4 243
8 9 123
1 6 250
5 1 16
4 3 72
3 7 274
2 7 234
10
10 9 38
9 1 93
1 2 94
10 6 22
7 2 60
5 2 182
7 3 85
8 9 220
4 3 134
10
4 9 27
9 8 96
9 7 32
7 1 223
9 6 51
10 6 247
3 7 156
2 1 9
8 5 169
10
8 3 65
6 3 37
7 8 297
6 9 133
8 5 209
1 8 96
10 6 143
9 4 239
2 5 173
10
7 8 242
8 10 164
2 7 17
5 8 136
7 9 172
6 9 46
1 5 10
3 10 132
6 4 194
10
3 4 231
6 3 112
1 4 88
4 7 73
5 3 231
9 1 168
1 8 30
8 2 99
10 6 195
10
10 3 127
1 3 66
4 10 234
3 2 195
1 7 216
8 2 144
9 7 224
8 6 218
6 5 268
10
4 9 81
3 4 266
8 4 121
1 9 222
3 5 108
4 2 297
7 1 297
2 6 84
10 8 260
10
9 7 66
9 10 228
7 4 295
7 5 112
3 10 7
6 7 185
2 6 136
8 6 109
1 3 251
10
1 6 210
1 5 225
8 5 65
6 9 172
4 9 266
8 2 216
7 9 156
2 3 230
10 2 193
10
4 7 265
10 7 272
3 4 23
6 10 129
9 6 278
3 5 222
2 7 174
8 3 203
4 1 138
10
8 10 88
10 9 174
9 6 218
6 2 257
8 4 86
4 7 121
2 5 120
2 3 75
1 5 7
10
1 6 44
3 6 249
1 8 57
1 7 48
10 6 61
9 8 119
8 4 149
8 2 207
6 5 7
10
7 9 168
9 3 214
2 9 104
7 5 191
9 4 219
6 5 155
4 8 204
10 2 75
1 6 185
10
9 8 114
8 5 30
9 10 116
5 2 248
2 3 144
5 7 179
2 1 11
10 6 260
9 4 164
10
3 4 298
7 3 131
9 7 15
8 4 221
8 2 22
5 9 196
3 6 67
3 1 276
5 10 205
10
1 9 135
7 9 49
9 2 162
10 2 185
9 4 167
8 9 7
2 6 24
9 3 73
5 10 81
10
6 7 133
10 7 290
9 6 260
8 6 35
7 1 260
5 6 197
3 6 111
2 6 76
7 4 258
10
8 10 292
6 10 109
6 3 100
2 10 123
6 5 11
2 1 137
9 1 55
1 4 48
5 7 233
10
5 3 168
3 9 264
6 5 176
8 6 99
9 1 66
6 2 252
9 7 179
10 2 104
7 4 232
10
6 8 65
1 8 169
2 6 219
2 9 162
9 4 24
7 4 128
2 5 207
5 3 109
10 9 43
10
4 7 242
4 10 148
10 3 9
8 4 195
10 6 201
4 2 208
7 1 189
5 7 3
9 7 31
10
7 5 10
6 5 41
4 7 80
2 6 152
8 4 264
1 6 33
7 10 72
3 10 39
9 7 148
10
3 4 277
7 3 61
9 4 104
1 7 106
3 5 4
6 5 184
10 7 229
2 6 117
2 8 52
10
9 4 92
5 9 279
8 4 229
5 1 165
1 2 230
7 2 74
7 6 268
3 4 127
8 10 254
10
10 7 54
6 7 39
8 6 137
6 1 78
10 4 138
6 3 253
6 9 175
6 5 187
2 3 266
10
9 4 255
7 4 42
6 9 3
4 8 187
5 7 138
3 7 275
5 10 100
6 1 60
2 10 282
10
2 4 87
2 7 117
7 3 196
5 4 181
2 1 26
6 4 300
7 9 6
3 10 208
9 8 78
10
1 3 297
7 1 63
10 3 190
3 2 107
4 7 259
8 4 244
9 1 241
3 5 74
6 2 295
10
4 3 137
9 3 200
4 7 208
7 1 134
9 5 41
6 1 26
10 1 208
8 10 13
2 8 183
10
4 2 234
8 4 134
7 2 17
10 8 198
8 5 75
7 9 139
6 5 156
1 6 197
6 3 242
10
8 10 153
8 6 30
5 10 206
2 6 97
9 2 270
6 3 40
3 4 112
1 8 227
7 4 148
10
7 6 273
3 6 109
1 7 19
3 9 6
2 6 7
10 2 73
8 6 200
5 8 16
2 4 100
10
9 3 266
1 3 84
10 3 137
3 8 26
6 3 183
7 8 242
10 2 134
4 8 198
5 10 161
10
4 2 31
2 6 105
2 7 250
2 10 242
9 6 190
2 1 40
1 5 82
2 8 283
4 3 99
10
1 7 244
1 8 192
8 2 149
7 10 208
4 1 234
7 5 243
6 2 49
9 10 1
3 8 21
10
9 6 190
1 6 208
8 6 214
5 9 129
10 9 67
8 7 176
5 4 277
3 6 131
2 4 129
10
5 10 186
5 1 177
3 10 165
1 7 237
5 9 233
1 2 47
9 4 147
2 8 54
10 6 11
10
2 7 268
9 7 172
9 8 135
5 8 288
3 5 43
4 8 3
6 9 90
10 7 102
5 1 185
10
4 1 215
3 4 106
8 3 65
10 3 58
9 10 102
7 8 42
10 6 157
3 5 238
7 2 23
10
2 6 93
5 2 71
1 6 141
7 6 249
7 4 83
1 9 296
6 8 165
10 2 15
5 3 5
10
4 3 224
10 4 103
2 3 94
3 9 287
4 5 272
3 1 52
6 3 222
1 8 18
7 3 132
10
10 3 42
6 10 176
10 7 286
5 10 82
9 5 107
1 6 225
10 8 11
2 8 12
3 4 93
10
8 5 251
5 1 231
8 9 199
5 6 81
9 10 225
7 10 234
4 6 74
3 5 90
4 2 233
10
7 2 55
10 7 284
10 6 183
6 8 191
4 6 236
8 9 176
3 8 101
2 1 176
6 5 293
10
7 8 8
4 7 2
8 1 283
5 7 15
8 3 204
2 1 192
6 5 250
9 1 166
2 10 254
10
10 2 49
7 10 72
10 6 148
4 7 299
2 3 246
1 10 6
9 4 85
2 5 186
4 8 240
10
6 9 235
9 5 49
8 6 223
7 5 138
8 1 173
3 6 197
2 1 7
10 6 157
5 4 140
10
2 1 91
2 10 47
2 8 77
5 10 64
7 2 201
10 9 297
8 3 294
8 4 251
6 8 289
10
4 7 103
9 7 136
6 4 203
7 5 98
10 6 186
9 3 243
6 8 30
2 3 231
8 1 289
10
10 4 43
2 4 131
10 1 274
1 7 253
7 5 8
2 8 167
6 10 245
2 9 142
3 9 3
10
10 9 186
2 9 179
3 9 237
6 3 269
5 6 25
1 10 56
4 10 146
8 4 78
7 9 227
10
1 4 18
2 1 247
2 6 252
7 2 160
6 5 285
9 1 40
8 7 135
10 8 286
3 7 116
10
1 5 210
2 5 267
5 8 63
2 10 116
7 10 256
3 5 160
6 10 299
1 4 135
9 7 36
10
10 3 300
3 2 283
3 4 227
10 9 213
5 10 191
4 7 189
2 6 128
7 8 262
9 1 266
10
6 9 92
9 5 10
5 4 60
9 7 184
8 5 290
1 5 245
9 3 34
3 10 74
5 2 241
10
3 1 143
4 1 219
3 2 73
5 4 196
5 6 176
6 7 252
3 9 186
1 10 49
8 9 255
10
9 2 32
5 2 115
1 2 219
9 4 199
3 4 70
4 8 200
3 7 87
4 10 204
6 1 47
10
4 6 165
2 6 153
2 5 246
8 5 130
5 1 291
5 7 271
7 3 122
7 9 200
10 7 170
10
7 1 254
1 5 293
7 10 107
2 5 286
1 6 177
5 4 300
7 9 231
5 8 243
3 2 229
10
3 4 187
6 4 1
4 2 166
10 3 49
1 4 253
1 7 110
5 7 248
8 6 110
2 9 114
10
2 6 127
1 2 44
2 9 145
9 4 151
3 1 90
8 2 172
5 6 31
10 8 74
2 7 245
10
10 6 68
1 6 171
10 9 41
8 6 239
10 2 75
5 6 22
8 7 284
2 4 255
6 3 231
10
4 1 200
1 10 82
10 7 212
4 3 294
2 3 47
2 9 284
7 6 169
5 10 256
9 8 83
10
6 8 89
9 8 24
10 6 37
3 10 135
6 7 72
5 9 227
7 1 263
4 7 98
2 8 2
10
3 5 18
2 5 148
5 10 242
3 4 81
3 1 149
9 4 138
7 10 97
6 4 141
7 8 90
10
4 3 23
9 4 288
9 1 240
6 1 251
5 1 204
7 9 84
10 7 145
3 2 230
9 8 233
10
8 5 287
8 1 250
9 5 297
8 10 215
7 1 155
6 10 20
3 10 204
4 3 205
1 2 107
10
5 8 218
5 7 119
3 5 199
9 8 57
3 4 182
10 9 233
10 1 274
4 2 63
6 7 194
10
7 1 100
7 3 53
7 10 144
9 3 192
6 1 244
7 5 188
4 3 207
2 9 134
10 8 103
10
7 2 155
10 7 97
9 2 282
9 8 45
4 2 137
4 5 128
2 3 76
6 10 287
1 3 268
10
1 4 79
1 9 123
8 1 102
9 10 22
3 4 19
4 2 122
5 1 210
8 7 186
10 6 160
10
3 1 187
3 8 15
4 1 155
9 4 261
4 10 99
9 2 143
8 5 43
5 7 41
6 10 96
10
9 5 25
2 9 139
5 6 249
2 4 157
6 3 190
2 10 36
10 7 292
1 3 165
8 3 229
10
10 1 210
9 10 35
10 2 129
9 3 37
9 7 113
6 2 138
6 5 169
8 5 94
2 4 150
10
1 8 268
4 1 90
7 8 74
3 7 55
7 9 28
2 3 112
1 5 180
10 8 148
2 6 152
10
7 8 231
6 7 56
8 10 167
8 9 227
7 3 229
4 3 82
2 7 276
1 7 112
5 3 126
10
3 6 48
5 6 287
5 1 45
10 3 36
9 5 254
7 1 261
8 10 289
1 2 158
10 4 221
10
3 8 181
3 2 278
3 4 151
7 2 245
8 5 190
9 7 40
1 2 208
4 10 26
6 1 24
10
6 8 124
7 6 92
7 5 60
2 7 121
10 6 277
1 2 134
7 9 168
5 4 224
3 9 100
10
5 9 204
4 5 35
2 4 118
4 7 238
10 2 298
2 8 224
6 5 20
1 8 211
3 2 102
10
7 4 79
4 2 130
7 3 83
3 10 55
3 5 238
6 2 19
4 8 233
2 1 142
1 9 207
10
10 1 79
1 8 192
8 5 100
6 10 130
6 2 5
6 7 144
9 10 157
4 9 155
9 3 149
10
4 5 151
5 8 35
3 8 49
4 2 49
7 3 239
1 7 231
6 5 171
9 3 89
1 10 71
10
3 9 57
8 3 57
8 10 191
7 10 235
1 3 182
7 5 288
7 6 148
2 3 69
4 5 31
10
10 4 207
10 3 128
10 5 15
5 9 188
2 4 270
6 2 85
3 8 234
8 7 88
1 2 41
10
2 3 218
9 3 196
2 1 240
1 7 75
2 6 103
10 2 261
4 3 274
8 3 164
9 5 8
10
6 8 201
1 8 227
4 8 182
3 1 193
7 3 52
2 6 233
5 6 122
10 1 284
3 9 124
10
3 6 33
10 6 72
4 6 201
6 7 277
1 3 145
6 5 95
9 7 7
8 6 123
7 2 23
10
6 7 6
1 6 298
4 1 159
9 6 270
1 8 84
2 8 67
3 6 113
6 5 69
6 10 250
10
2 1 204
3 2 237
10 2 299
6 3 41
10 5 221
1 9 259
5 4 284
7 2 226
2 8 285
10
8 6 4
3 6 43
3 9 93
6 4 288
2 6 234
5 6 72
5 7 195
1 7 233
10 1 252
10
9 1 269
2 9 46
7 2 212
5 2 8
6 2 21
10 5 188
4 5 161
8 1 6
3 7 174
10
9 7 258
8 9 188
8 4 284
7 2 64
8 10 83
6 7 204
7 1 115
2 3 199
5 4 70
10
9 6 288
9 8 60
10 6 80
6 3 33
6 2 59
7 9 125
6 1 202
9 4 231
3 5 177
10
5 6 108
5 7 202
10 5 259
1 5 276
9 7 239
5 3 25
3 4 116
8 7 36
5 2 283
10
8 4 4
7 8 254
1 4 90
4 10 194
7 5 173
1 9 212
3 4 43
9 2 146
6 7 289
10
7 8 105
3 7 109
7 5 214
3 9 264
3 6 66
4 5 32
1 6 287
9 2 55
10 4 37
10
10 7 215
4 10 191
3 7 92
1 4 211
2 7 250
3 6 57
7 9 234
5 9 171
1 8 188
10
6 10 292
10 4 100
3 10 143
9 4 124
1 4 209
6 7 113
7 2 70
8 2 147
4 5 216
10
8 10 246
4 10 65
10 1 300
3 4 180
5 3 243
2 3 183
4 6 68
9 8 55
9 7 56
10
9 6 248
9 10 135
4 6 63
5 4 51
7 10 14
9 3 249
2 9 83
9 1 97
8 3 294
10
9 2 145
4 2 56
8 9 266
9 10 33
3 8 19
1 9 39
7 10 73
5 10 44
9 6 184
10
5 1 300
2 1 40
4 5 163
3 5 229
4 8 95
10 2 10
6 3 27
3 7 257
9 10 265
10
5 6 65
6 4 34
6 9 257
3 9 267
5 8 105
1 3 189
10 3 156
7 10 290
7 2 32
10
7 6 275
6 2 181
6 3 154
2 4 149
4 9 185
4 10 203
8 9 26
6 5 182
10 1 8
10
10 6 166
6 9 25
6 3 266
2 3 258
8 2 235
9 1 189
4 2 273
5 9 56
7 1 262
10
10 7 147
9 7 185
9 1 249
7 2 215
2 8 195
6 2 20
3 10 62
5 10 201
4 5 123
10
3 1 47
1 5 299
3 2 204
9 5 200
4 5 227
5 6 124
6 10 79
4 8 176
5 7 8
10
7 2 139
3 2 182
3 9 275
7 6 259
8 2 61
5 2 246
10 2 208
1 10 19
9 4 122
10
8 7 183
8 3 106
7 5 72
7 1 20
9 8 268
4 3 158
6 3 87
10 6 298
10 2 263
10
1 8 26
2 1 130
4 8 23
4 10 247
5 2 34
7 4 81
3 7 167
2 9 235
6 3 4
10
5 7 102
1 5 194
4 1 179
10 4 84
3 5 215
3 9 208
8 4 195
7 2 199
5 6 149
10
3 1 92
6 1 72
10 6 106
9 10 158
9 4 81
4 2 101
8 9 2
8 7 135
5 1 240
10
9 1 103
8 1 208
10 8 65
6 9 207
9 2 77
8 4 168
6 7 131
9 3 95
5 2 142
10
10 2 182
10 4 77
10 7 11
8 4 17
5 2 52
7 9 90
8 3 125
3 6 8
4 1 277
10
1 6 229
7 1 127
8 6 160
9 6 136
7 3 297
4 6 8
5 3 163
3 10 229
2 1 252
10
6 5 243
10 5 102
2 10 212
9 5 152
7 9 137
3 5 248
4 2 97
9 8 160
1 4 193
10
6 10 252
3 6 269
6 1 31
4 10 210
8 1 275
1 7 252
1 5 217
6 9 265
2 10 9
10
9 2 249
9 5 152
8 9 217
8 1 151
10 9 191
8 3 240
3 6 45
5 4 99
7 1 167
10
5 8 123
5 1 147
8 4 26
9 1 13
2 9 258
6 4 187
10 1 216
2 7 220
7 3 139
10
3 9 42
3 6 146
8 6 114
4 6 57
9 7 88
2 3 44
3 1 112
8 10 276
5 4 105
10
2 5 48
8 5 123
5 10 174
4 2 196
1 8 283
9 4 282
6 2 249
2 3 238
7 5 70
10
9 2 135
9 7 3
6 2 151
4 9 162
4 1 135
9 8 235
8 5 247
5 10 94
3 5 85
10
5 9 75
4 9 38
5 8 227
9 10 113
5 3 124
1 5 262
8 7 236
2 5 298
4 6 210
10
4 5 288
6 5 4
7 4 282
8 4 232
6 1 192
8 10 66
8 3 261
2 7 172
4 9 23
10
4 1 250
1 9 128
7 9 295
10 7 218
1 5 246
8 10 51
3 7 220
6 5 154
10 2 228
10
8 5 152
6 5 277
9 6 156
3 8 173
6 7 262
1 3 192
4 6 115
10 7 101
2 10 171
10
7 2 2
7 5 138
4 7 122
1 7 209
4 3 93
5 8 121
6 8 208
10 2 208
8 9 131
10
6 4 187
3 6 14
3 10 60
8 4 79
8 5 254
9 10 120
6 7 124
9 1 160
8 2 8
10
6 2 180
7 2 95
3 2 81
10 3 68
7 4 17
1 7 94
10 5 227
9 5 164
8 9 97
10
9 3 59
9 4 210
3 5 233
10 9 66
3 7 107
2 5 37
5 8 166
8 6 180
6 1 128
10
1 2 22
7 2 203
4 2 137
2 3 152
9 1 220
7 5 114
9 6 65
8 9 29
6 10 246
10
6 3 275
8 3 285
6 4 124
1 8 152
2 4 286
10 8 296
9 8 221
7 2 274
7 5 194
10
5 3 202
3 9 219
3 1 167
2 3 72
6 5 55
7 9 73
1 4 146
1 8 136
10 5 67
10
1 4 31
1 6 204
4 10 231
9 10 213
1 3 32
4 7 40
10 8 52
8 5 181
7 2 184
10
3 4 142
1 3 27
8 3 275
6 8 212
5 1 99
9 8 238
2 4 234
2 10 222
9 7 280
10
3 6 139
10 6 19
5 6 289
10 1 109
4 6 126
5 9 237
7 3 265
8 5 260
2 1 279
10
6 7 49
2 6 214
8 7 140
6 1 162
4 1 113
7 9 289
5 1 39
9 3 251
8 10 163
10
3 7 96
5 7 90
3 8 74
2 8 166
10 5 80
1 3 123
7 6 297
2 4 258
5 9 103
10
9 6 52
7 9 84
3 7 212
3 8 230
2 6 16
1 9 215
8 4 272
9 5 281
5 10 154
10
1 6 259
1 10 122
6 5 167
1 8 189
3 5 255
3 2 134
9 1 298
6 7 119
1 4 275
10
2 1 75
2 6 165
4 2 32
5 1 294
2 3 228
9 3 292
10 1 76
3 7 242
8 6 125
10
2 7 90
7 3 206
5 3 113
3 6 269
1 5 159
9 5 161
10 5 170
4 2 223
8 3 195
10
1 7 55
1 3 71
9 3 177
5 1 31
7 2 81
9 8 2
4 5 165
4 6 62
6 10 224
10
10 1 28
3 10 4
3 9 192
6 3 73
3 5 130
7 6 222
8 1 224
7 2 104
4 8 166
10
1 6 195
5 1 280
9 6 82
4 9 285
8 4 244
9 3 59
1 7 278
5 10 194
5 2 63
10
1 2 123
1 5 23
1 10 185
4 10 40
2 7 112
10 8 27
10 9 188
3 5 103
6 2 148
10
5 6 86
8 5 203
10 8 158
7 5 48
1 5 204
8 4 262
8 2 59
3 8 32
10 9 236
10
10 5 32
5 3 99
3 6 236
8 5 260
10 4 267
2 6 127
9 3 224
7 9 17
1 4 109
10
9 6 264
9 8 258
9 10 261
1 10 175
9 7 131
8 4 88
8 3 165
2 3 137
5 9 77
10
3 4 120
3 5 32
8 4 26
3 1 123
8 7 167
8 6 117
9 4 96
2 7 86
10 8 87
10
4 1 111
4 8 159
1 5 133
1 9 101
4 6 72
3 5 164
6 7 49
10 7 123
2 5 153
10
4 9 56
9 7 109
5 7 190
1 5 13
2 5 30
3 5 86
5 8 128
10 1 166
6 9 91
10
10 2 130
6 10 129
2 5 257
10 1 176
9 2 1
8 5 281
7 10 208
2 4 248
3 2 67
10
6 5 289
1 6 260
1 9 159
3 9 154
7 1 110
2 6 259
4 3 44
3 10 83
10 8 243
10
8 1 239
1 6 299
4 6 193
1 2 300
10 2 101
3 6 189
9 3 102
4 5 150
5 7 246
10
9 5 156
8 5 55
1 9 55
2 8 297
7 2 158
3 8 63
2 4 110
10 5 295
5 6 238
10
9 10 63
9 6 120
3 10 202
10 2 69
5 10 22
7 9 58
6 1 250
8 3 91
4 1 200
10
9 8 252
8 5 95
5 3 30
4 3 15
3 2 190
1 3 32
7 4 44
1 10 75
9 6 208
10
2 1 253
1 8 275
1 4 251
9 1 159
7 9 262
5 9 174
2 10 213
3 1 58
4 6 157
10
1 7 283
2 7 199
6 2 298
10 2 276
4 1 299
5 6 181
4 9 275
3 2 225
8 5 165
10
2 4 279
10 2 38
9 10 65
4 8 180
2 5 81
4 6 110
5 3 226
5 1 232
7 8 78
10
7 8 230
6 8 270
8 1 163
9 1 135
6 3 46
5 7 85
8 10 51
4 6 144
8 2 237
10
4 10 41
10 7 156
10 8 62
10 6 51
10 9 182
2 6 85
1 2 272
3 6 101
8 5 192
10
8 3 10
7 8 32
6 3 49
2 8 286
4 7 251
9 6 209
6 5 72
3 1 53
5 10 70
10
9 3 190
4 3 137
5 4 46
7 3 16
3 6 32
6 1 152
6 8 17
3 2 215
6 10 288
10
9 5 252
8 5 141
9 6 69
2 5 190
4 6 116
9 1 250
5 10 249
7 4 279
2 3 127
10
7 8 50
8 9 179
9 5 69
10 9 129
10 6 254
9 2 171
10 4 114
3 10 143
1 8 10
10
1 7 145
1 6 165
6 4 132
10 4 61
2 4 59
7 8 156
1 3 186
5 2 171
2 9 228
10
5 6 75
5 7 263
10 7 186
9 6 224
3 10 42
10 4 281
5 1 210
2 5 12
8 3 1
10
4 3 188
10 3 287
10 2 288
7 3 41
10 8 60
3 5 134
9 10 21
7 6 285
3 1 265
10
5 1 19
1 3 173
5 9 196
4 1 214
10 1 226
4 6 76
7 10 40
2 5 122
1 8 128
10
5 1 82
1 2 286
1 3 102
7 3 154
10 1 63
9 5 285
8 9 274
6 1 247
8 4 44
10
2 5 144
5 8 284
3 5 24
6 2 95
4 2 200
3 1 199
7 6 222
9 3 157
10 3 12
10
4 2 135
2 8 55
2 6 139
3 2 12
4 5 274
10 3 88
7 8 288
1 2 195
5 9 230
10
3 5 12
3 8 17
8 6 146
9 8 108
6 1 242
7 6 203
4 5 237
3 10 16
1 2 143
10
1 2 44
8 1 80
2 9 110
9 7 68
6 1 169
7 5 96
3 9 31
10 6 278
6 4 96
10
7 9 274
2 9 219
8 9 104
10 7 87
4 8 110
9 1 114
6 4 225
3 1 249
6 5 267
10
7 5 109
2 7 96
7 3 232
6 2 202
3 9 275
8 7 206
10 3 298
4 6 184
1 6 159
10
5 2 24
7 5 300
7 6 72
5 3 293
3 4 151
6 9 235
7 1 215
4 10 275
2 8 298
10
9 7 71
7 6 25
5 6 269
8 5 91
10 9 255
8 2 258
1 5 134
3 2 188
4 10 45
10
6 10 154
10 8 31
5 6 298
5 4 141
7 4 166
3 6 39
7 2 94
7 1 269
8 9 251
10
10 4 217
7 10 278
7 9 177
4 5 256
7 6 246
3 10 149
1 6 45
8 4 216
2 6 190
10
4 2 200
2 7 175
6 4 280
5 7 269
9 7 300
10 5 33
8 2 178
7 3 238
1 3 278
10
2 9 71
7 2 123
7 4 128
5 4 95
3 4 215
8 3 47
6 3 131
10 5 60
4 1 88
10
1 3 57
9 1 210
3 8 107
10 9 155
8 4 206
7 8 29
10 2 4
8 6 222
5 8 119
10
1 7 238
1 3 291
8 7 60
5 3 114
8 10 154
1 6 14
10 2 274
4 7 241
10 9 262
10
4 2 208
6 2 229
4 10 263
10 9 94
2 1 126
5 2 215
8 5 244
2 3 293
4 7 111
10
4 10 150
1 10 136
1 2 128
9 4 13
7 4 258
10 8 93
10 3 26
5 10 13
6 4 217
10
2 9 217
2 5 189
2 4 10
4 8 267
6 9 20
7 5 100
8 1 168
8 3 169
10 6 101
10
6 7 101
6 10 212
7 5 75
1 7 244
2 5 80
8 6 130
4 2 135
10 9 201
8 3 293
10
5 2 83
2 9 120
1 9 295
3 2 241
2 8 67
4 5 215
7 5 34
6 5 227
7 10 285
10
8 3 77
10 8 83
3 5 82
7 8 44
2 3 46
9 3 81
3 1 69
4 3 65
5 6 282
10
3 7 80
3 4 37
7 10 129
7 8 81
6 4 50
1 6 61
2 10 96
8 9 89
7 5 2
10
1 6 122
1 5 109
10 1 176
8 5 299
10 4 87
10 2 231
3 6 93
4 7 147
2 9 115
10
3 10 93
6 10 25
1 3 196
5 1 83
1 2 161
9 2 54
7 2 168
5 8 84
4 5 116
10
2 4 155
2 5 254
8 5 48
2 7 36
10 7 190
4 9 62
6 2 198
10 1 108
3 7 226
10
2 9 223
5 9 176
4 2 122
1 2 59
2 7 200
8 2 83
4 6 289
5 10 169
1 3 60
10
7 4 167
7 2 138
9 4 27
2 5 112
8 4 104
3 8 73
10 2 234
9 6 293
2 1 153
10
3 4 140
9 4 23
3 10 244
2 10 263
8 4 279
6 3 110
4 7 74
2 5 225
1 7 204
10
5 8 181
8 2 222
5 9 172
2 4 88
10 9 205
7 5 29
1 2 127
2 6 295
5 3 177
10
8 2 107
8 5 88
1 8 294
9 2 22
2 6 239
8 3 107
7 5 43
7 10 3
5 4 24
10
5 3 224
3 10 192
2 5 183
7 10 202
6 7 6
1 7 5
1 9 242
9 4 278
2 8 285
10
2 6 218
6 10 181
10 4 65
10 3 112
5 2 48
6 9 42
10 7 74
1 6 297
10 8 138
10
7 6 278
8 7 218
9 7 208
8 10 274
10 5 137
3 8 240
6 2 104
7 1 179
4 5 205
10
1 5 144
10 1 198
3 10 268
8 3 2
4 10 225
6 5 55
2 1 234
3 7 133
9 5 117
10
7 10 108
10 2 193
6 10 286
1 7 180
9 2 141
7 8 237
4 6 260
3 7 248
5 3 237
10
5 7 291
4 5 249
5 6 261
4 2 150
2 10 281
9 6 113
4 3 280
1 9 104
8 3 300
10
1 6 58
6 5 178
7 6 183
4 1 66
3 1 123
5 10 183
2 7 62
8 5 192
1 9 1
10
5 6 84
10 5 100
8 6 168
1 8 285
4 8 253
1 9 78
9 7 262
6 2 110
3 10 174
10
6 10 231
3 6 83
7 3 148
5 7 244
6 8 208
6 9 49
8 2 133
8 4 148
3 1 78
10
9 7 92
9 8 226
7 10 294
5 10 192
10 2 15
8 4 167
3 10 271
4 6 283
1 4 7
10
9 2 198
8 2 244
8 7 205
2 1 95
6 2 297
6 10 215
8 5 158
4 7 133
7 3 100
10
7 2 169
2 3 127
4 7 185
5 7 82
5 10 165
8 3 199
6 8 53
1 7 191
5 9 162
10
2 5 118
5 3 202
2 9 57
5 8 268
4 5 57
7 3 234
6 3 187
10 6 111
1 5 231
10
9 1 207
1 7 43
7 3 126
3 4 276
1 6 224
6 8 89
8 5 167
9 2 227
9 10 149
10
1 9 216
1 2 165
1 10 229
6 9 275
4 1 245
1 8 184
3 6 70
9 7 47
7 5 187
10
1 3 200
3 7 106
1 5 161
7 9 53
1 4 70
8 9 146
8 2 53
10 5 232
8 6 235
10
7 9 292
2 7 297
4 9 200
7 6 85
1 6 72
3 4 300
10 4 199
7 5 219
8 6 226
10
7 1 255
2 7 90
7 4 135
7 8 105
2 3 187
8 9 7
1 6 140
1 10 241
6 5 129
10
7 3 66
3 1 231
7 5 174
6 5 196
9 3 77
4 3 47
1 8 14
2 3 244
10 6 121
10
4 7 142
4 1 181
6 7 103
4 9 185
3 1 54
5 3 163
7 2 243
3 8 284
4 10 52
10
9 2 228
9 6 143
5 2 162
5 4 78
5 7 205
6 1 243
8 7 50
7 3 26
10 1 17
10
7 5 17
7 8 242
5 2 240
2 3 157
3 4 49
10 2 271
6 8 32
8 1 161
5 9 201
10
8 4 11
10 8 219
7 4 114
4 9 131
4 2 228
8 1 14
3 1 279
7 5 133
4 6 245
10
4 1 92
10 4 25
4 5 243
1 2 110
2 8 224
1 7 181
3 2 258
4 6 124
9 5 118
10
2 4 248
7 2 168
7 8 101
6 7 281
1 7 258
9 6 212
1 10 166
2 3 271
5 10 58
10
10 6 116
10 9 154
10 3 281
8 6 98
3 5 135
5 2 221
10 1 253
8 4 139
9 7 120
10
4 9 227
3 4 62
4 8 298
6 3 220
7 3 247
1 8 295
9 2 47
10 8 99
1 5 24
10
9 7 147
7 5 106
6 9 141
10 6 125
10 4 110
1 9 140
3 1 150
2 10 235
2 8 247
10
4 10 181
4 3 16
9 10 266
6 10 48
5 6 293
7 10 66
7 8 174
9 1 108
2 9 36
10
5 6 8
2 5 86
6 1 73
5 4 241
5 3 115
6 9 37
9 8 137
10 9 60
1 7 17
10
4 6 161
10 4 290
8 10 218
6 3 177
7 4 211
8 1 242
6 5 290
7 9 229
8 2 38
10
2 6 84
9 6 181
7 9 5
3 2 249
8 9 244
7 4 205
10 7 191
7 1 180
5 9 200
10
6 10 200
6 9 91
9 1 291
10 2 239
1 3 230
6 8 44
3 4 265
7 4 58
6 5 194
10
3 9 125
5 9 107
3 10 167
1 10 126
2 9 167
8 2 231
4 3 34
7 8 54
6 7 240
10
10 3 70
8 10 207
8 7 34
7 5 145
4 7 144
8 6 273
1 3 216
3 2 51
8 9 241
10
8 3 111
6 3 19
8 5 290
1 5 235
9 3 135
2 9 237
7 2 248
3 4 94
7 10 226
10
10 8 133
6 10 290
10 5 220
6 3 128
5 7 152
9 10 216
1 5 20
1 4 167
2 9 27
10
8 2 236
8 10 290
7 8 44
6 7 183
10 3 248
9 3 87
1 3 67
10 4 103
5 9 130
10
5 1 75
8 1 184
3 8 151
3 7 105
10 5 135
7 2 3
4 1 51
6 7 117
9 1 133
10
2 6 112
2 5 274
2 8 65
8 4 31
2 9 5
7 4 33
4 3 221
1 4 161
10 7 114
10
1 7 77
1 5 120
1 2 298
8 2 262
10 1 105
4 8 250
1 6 63
9 5 180
3 10 67
10
9 1 124
7 1 145
10 1 75
8 9 98
7 4 41
6 4 241
3 1 265
5 3 30
2 5 89
10
5 6 77
5 7 148
7 4 1
4 3 231
1 4 71
9 4 298
5 2 86
8 2 288
10 8 14
10
10 2 237
8 10 66
6 10 135
7 8 275
1 8 166
1 9 95
10 3 81
5 8 282
4 6 278
10
6 10 114
2 10 1
1 6 200
1 3 80
5 3 109
4 6 287
10 7 127
8 5 280
6 9 52
10
7 10 173
7 4 164
9 7 82
10 8 286
8 5 185
7 1 279
2 7 219
6 9 106
5 3 160
10
10 3 203
10 2 289
3 1 211
8 10 158
3 6 54
5 10 279
7 10 132
9 7 101
3 4 12
10
4 7 93
7 8 247
8 3 251
8 2 125
8 1 220
7 5 236
2 10 255
6 2 135
6 9 121
10
9 2 118
2 6 222
2 5 254
5 10 258
7 9 259
7 8 155
8 1 185
10 4 29
3 2 179
10
1 10 290
3 10 271
8 1 71
10 6 295
6 2 236
5 1 284
9 8 69
5 4 95
3 7 51
10
1 8 202
1 3 166
8 10 32
1 4 239
9 4 77
9 6 265
7 10 133
2 7 149
4 5 268
10
9 4 135
6 9 152
8 6 278
10 8 46
10 1 282
3 6 268
7 3 254
4 2 13
5 6 242
10
7 6 212
9 7 218
1 9 6
7 8 13
9 4 59
3 7 34
10 1 2
1 5 107
7 2 12
10
6 2 121
3 6 280
2 9 172
5 9 287
10 6 5
5 4 138
7 4 158
6 1 80
9 8 63
10
2 7 278
10 2 183
6 2 260
3 10 162
9 7 283
6 5 196
1 2 89
10 8 283
4 5 74
10
4 6 173
4 8 191
6 5 45
9 4 73
5 7 108
9 2 187
9 1 148
3 6 140
10 9 213
10
10 2 40
7 10 184
5 10 240
6 7 148
2 1 99
10 3 203
4 3 59
9 7 52
8 4 182
10
2 9 124
7 2 277
2 4 224
2 10 58
7 5 58
3 9 30
7 1 137
8 7 279
2 6 252
10
7 9 189
1 7 159
7 5 64
9 8 214
2 8 229
2 6 264
8 4 184
10 1 278
7 3 4
10
6 3 149
1 3 256
7 6 197
10 1 294
1 9 13
5 10 263
6 4 110
7 8 245
9 2 284
10
8 6 84
3 8 58
3 2 138
2 9 297
9 1 65
4 2 200
9 10 34
7 1 213
4 5 193
10
7 3 236
2 3 115
3 8 41
4 3 2
9 7 263
1 9 119
6 7 77
1 10 270
4 5 30
10
9 10 147
3 10 258
10 5 156
2 5 191
10 7 188
5 4 202
10 8 11
10 6 217
1 6 240
10
1 10 106
8 1 135
8 4 222
4 5 114
1 2 6
9 8 159
6 1 258
7 2 200
9 3 137
10
3 10 122
10 7 206
1 7 110
1 5 171
9 10 88
9 6 161
3 8 136
4 6 230
2 10 7
10
6 3 19
2 6 211
4 6 25
3 10 267
8 6 212
10 1 76
10 5 140
6 9 84
10 7 198
10
8 5 255
5 1 272
1 4 26
1 10 271
8 9 299
6 10 138
10 2 146
5 7 225
3 6 32
10
10 5 31
6 10 196
5 7 142
6 2 170
8 2 154
2 9 17
1 7 256
6 3 157
4 8 207
10
2 4 115
10 4 204
2 3 217
3 5 15
9 3 29
8 3 280
1 9 215
10 6 241
8 7 33
10
6 8 193
7 8 227
2 7 58
2 3 152
3 1 201
7 10 161
9 10 151
1 5 84
8 4 27
10
6 8 43
10 8 17
10 4 292
10 7 289
10 3 233
2 4 92
3 5 151
1 7 203
2 9 107
10
9 4 241
4 7 144
3 9 98
3 8 180
8 5 299
8 10 272
1 8 33
6 3 175
2 10 196
10
6 9 44
9 4 257
9 5 210
2 6 252
4 7 22
10 6 52
2 8 105
1 4 168
3 2 36
10
3 2 4
3 7 202
2 5 106
1 7 87
9 2 52
7 10 24
6 2 7
8 7 240
4 2 205
10
4 6 163
4 3 182
5 4 299
10 5 116
9 3 149
1 4 146
4 8 255
6 7 260
8 2 75
10
10 6 205
5 6 213
6 4 55
9 4 199
10 3 174
7 10 246
2 7 79
1 10 128
8 2 72
10
7 6 9
10 6 129
3 6 236
1 10 39
4 10 107
6 9 130
9 2 260
5 10 70
8 7 16
10
7 1 157
7 8 165
7 6 90
2 8 291
5 6 93
1 4 15
9 6 271
10 6 268
3 7 191
10
4 8 99
4 10 219
8 5 47
1 8 274
6 10 201
2 10 227
4 7 154
3 1 218
1 9 271
10
4 2 244
5 2 58
2 7 262
8 2 82
7 10 219
4 9 154
6 5 77
3 4 69
1 2 16
10
8 6 115
2 8 72
4 2 26
7 2 292
3 7 25
3 10 218
9 3 282
5 2 69
1 3 255
10
6 8 268
8 7 186
5 7 215
2 7 117
3 6 165
9 3 89
1 3 129
5 10 173
6 4 277
10
7 1 107
7 4 207
9 7 95
6 1 275
2 7 251
8 2 235
5 6 284
7 10 211
3 10 157
10
2 4 240
2 6 236
1 2 149
5 1 197
4 8 221
5 3 53
8 9 233
7 1 24
10 1 293
10
4 7 159
7 6 287
6 8 234
5 6 59
6 10 219
8 2 206
5 9 239
8 1 7
6 3 212
10
9 1 74
1 6 153
8 6 8
9 4 196
6 2 261
7 6 79
5 1 15
6 10 192
3 8 232
10
2 8 173
8 5 61
5 6 74
7 8 242
9 6 299
5 10 36
4 9 250
6 1 254
3 1 268
10
3 1 25
1 9 218
1 8 102
9 10 53
3 7 54
4 10 240
8 2 253
6 3 287
10 5 83
10
5 2 67
5 8 138
4 8 81
5 9 152
8 1 183
7 9 62
8 6 151
10 5 98
3 7 93
10
6 10 276
6 1 59
10 4 122
3 10 295
5 1 298
10 8 227
9 4 30
2 8 73
4 7 241
10
10 1 250
1 4 175
4 9 76
9 8 180
2 4 48
5 10 33
3 9 60
6 2 25
4 7 157
10
8 7 234
8 9 5
10 8 216
9 2 189
6 7 233
5 9 123
3 8 196
4 9 170
2 1 153
10
1 2 27
3 2 179
5 1 238
1 9 266
10 3 12
4 9 45
7 9 238
7 6 99
8 4 108
10
4 10 1
3 4 233
10 2 99
4 6 289
10 1 39
1 9 8
10 7 150
5 6 123
3 8 16
10
6 5 64
5 7 162
5 9 171
5 3 139
3 1 158
7 10 236
2 3 231
5 8 103
4 5 31
10
4 6 7
4 8 221
6 10 139
5 4 111
2 4 294
6 1 220
7 8 222
4 3 167
9 1 114
10
10 7 36
10 9 266
9 6 279
2 6 155
10 8 96
10 5 212
6 4 194
3 9 162
4 1 121
10
5 6 108
8 5 251
5 4 3
3 5 298
6 7 88
6 9 79
2 7 21
10 2 147
10 1 194
10
2 8 110
8 6 278
2 5 251
10 2 172
8 4 195
1 2 158
4 3 284
7 1 105
7 9 68
10
1 9 203
9 4 273
4 8 125
6 1 155
1 2 297
4 7 101
5 1 296
10 9 249
7 3 207
10
8 7 102
9 7 170
2 7 175
9 10 166
1 10 113
2 6 55
7 3 196
5 6 176
4 8 239
10
4 2 271
2 6 123
9 4 295
1 9 45
1 3 227
7 9 22
5 9 72
4 8 234
10 1 260
10
1 7 109
7 5 172
8 1 237
5 10 42
7 3 243
5 6 129
2 7 272
4 3 87
9 7 245
10
3 7 11
10 7 3
9 10 242
9 2 126
7 1 98
7 6 96
5 7 259
1 8 87
4 6 192
10
10 1 70
8 10 267
1 7 271
4 8 69
2 4 75
5 10 287
3 1 22
7 9 112
2 6 205
10
3 4 14
4 8 84
4 9 249
6 3 108
10 9 257
4 7 42
5 8 269
4 2 138
1 5 206
10
2 9 54
4 2 114
5 9 299
4 6 271
10 6 11
4 3 55
7 6 248
6 1 280
8 1 269
10
2 5 20
1 2 146
6 5 40
2 8 77
3 2 293
2 10 298
7 5 29
8 4 114
9 8 186
10
9 6 88
6 4 259
8 4 227
3 9 187
8 1 46
1 7 231
6 5 134
8 2 86
10 7 27
10
8 3 64
1 8 145
4 3 194
2 4 22
8 10 251
7 3 150
8 6 253
5 8 147
10 9 91
10
4 7 152
7 9 59
9 2 167
4 1 241
9 3 141
3 6 58
4 5 250
8 9 153
10 9 204
10
2 8 114
6 8 218
2 7 203
10 6 39
9 2 188
1 10 106
6 3 230
4 8 299
5 2 52
10
8 3 254
2 3 71
8 7 92
7 10 246
8 1 274
2 4 218
7 9 18
5 1 18
6 10 232
10
4 2 295
1 2 274
9 4 10
9 10 125
3 9 125
7 4 153
1 8 89
6 3 41
5 3 183
10
3 10 177
6 3 184
3 9 5
8 6 97
7 8 31
9 1 275
6 5 90
5 4 103
2 7 24
10
2 1 154
3 1 27
2 7 73
8 1 19
4 2 195
1 5 146
6 3 7
10 2 43
9 8 273
10
8 2 34
2 6 158
8 1 23
5 6 79
2 9 97
4 1 8
9 10 281
7 10 279
6 3 41
10
4 1 131
1 8 107
8 6 43
3 1 239
9 4 11
8 2 65
4 10 208
3 7 232
4 5 281
10
5 8 130
8 10 171
3 10 30
8 2 238
4 5 116
5 9 231
8 7 109
1 7 23
10 6 264
10
4 9 248
4 7 86
1 4 125
4 3 300
5 1 186
1 10 263
3 6 16
7 2 5
8 2 292
10
7 5 287
7 4 246
5 9 68
4 3 17
8 9 90
2 3 245
2 1 278
6 2 116
10 5 158
10
8 9 233
8 7 106
6 9 61
7 3 65
4 7 115
7 1 43
6 10 136
5 7 123
2 8 21
10
9 8 100
6 8 113
1 9 112
6 3 73
1 10 39
10 7 184
4 1 66
10 5 174
2 3 161
10
3 6 163
6 5 26
2 3 77
3 9 81
7 6 95
1 2 186
8 7 259
8 10 282
3 4 229
10
1 6 296
1 7 141
10 7 92
1 3 10
9 10 80
9 5 147
6 8 198
4 8 233
2 6 271
10
7 4 278
7 5 277
7 9 11
3 5 234
1 4 131
1 6 186
10 9 25
2 4 99
1 8 257
10
2 9 37
2 7 89
7 1 51
8 2 180
10 7 98
9 5 172
5 4 280
7 6 124
3 10 214
10
2 3 168
7 2 205
6 3 254
6 9 185
8 9 174
5 6 88
1 7 267
10 9 111
4 7 155
10
5 2 174
10 2 266
2 3 175
10 6 135
5 1 177
3 7 191
2 8 150
5 4 146
5 9 187
10
7 8 253
7 10 51
7 5 22
8 4 281
6 10 206
9 6 244
4 3 49
1 3 121
2 5 299
10
5 3 189
3 10 242
1 3 106
6 3 16
8 10 109
5 9 295
1 7 159
6 2 228
4 1 122
10
2 6 277
7 6 145
8 2 300
7 1 175
9 2 97
4 1 49
7 5 144
5 10 173
3 8 288
10
2 9 163
3 2 109
1 3 93
6 2 137
3 10 69
5 2 193
5 4 78
2 8 266
6 7 59
10
6 7 9
8 7 94
10 6 81
9 6 174
4 9 111
1 9 104
1 2 60
2 5 29
3 1 32
10
5 4 138
1 5 36
10 1 27
9 10 9
5 7 150
1 3 190
2 7 81
3 8 226
10 6 290
10
5 7 228
7 1 46
3 5 81
1 6 23
7 10 9
4 7 32
9 1 299
1 8 219
2 3 204
10
4 3 166
3 9 246
4 8 163
1 9 43
6 4 298
9 5 131
5 7 121
9 10 232
2 4 274
10
9 8 273
9 5 273
9 2 93
8 6 276
10 6 267
5 4 81
9 7 182
10 1 147
3 5 73
10
7 8 284
10 8 174
1 7 282
6 7 23
2 6 135
3 7 260
9 8 245
10 4 274
4 5 151
10
6 9 257
6 2 215
4 6 152
9 7 136
10 4 83
3 4 286
2 8 279
1 8 51
5 2 286
10
5 1 131
1 9 212
5 3 154
1 6 96
8 3 74
5 4 34
8 2 58
8 10 269
1 7 193
10
6 8 70
6 1 244
3 8 79
9 1 190
5 3 247
3 7 80
2 1 49
10 8 148
2 4 227
10
5 2 218
6 2 73
7 6 118
5 10 49
5 8 123
1 5 174
8 4 160
9 6 5
4 3 54
10
9 6 290
6 1 46
3 9 239
6 8 231
4 1 224
5 6 75
2 1 277
10 1 153
5 7 90
10
7 9 61
9 10 168
2 10 125
3 10 226
5 9 153
1 2 291
6 9 23
6 4 13
8 6 142
10
9 3 123
9 10 173
3 4 177
9 1 14
1 8 186
1 7 54
3 2 292
8 5 129
6 2 209
10
5 9 191
3 9 22
4 9 30
7 4 202
10 5 297
1 5 214
10 6 129
7 2 3
1 8 25
10
8 3 49
2 3 134
9 8 122
5 3 15
7 2 224
9 1 99
4 3 289
10 8 36
6 2 151
10
7 8 281
5 8 293
8 9 71
8 6 287
8 4 175
10 4 59
4 2 295
6 1 33
3 5 264
10
3 10 100
10 2 12
2 6 130
4 2 82
10 8 102
7 6 283
8 5 114
1 5 234
9 7 175
10
2 10 283
10 8 217
10 7 141
2 3 268
10 4 288
1 4 49
2 5 35
6 8 144
2 9 113
10
10 3 9
4 10 1
7 3 294
1 3 79
2 3 3
6 7 167
5 7 190
1 8 248
3 9 251
10
7 3 55
3 5 276
9 7 157
4 7 19
2 7 148
1 3 153
8 9 102
4 10 158
5 6 4
10
2 8 69
4 2 71
2 1 6
2 10 185
10 7 149
7 3 177
9 10 170
6 8 63
5 7 190
10
9 3 8
8 9 124
8 5 266
3 10 204
3 1 257
8 2 292
6 9 221
5 7 1
4 6 215
10
9 1 245
8 1 252
2 1 66
9 3 186
3 10 211
7 1 241
6 2 12
4 8 3
1 5 216
10
1 7 5
1 5 124
8 7 126
9 8 167
6 1 234
6 4 239
9 2 39
5 10 117
3 7 107
10
10 7 91
10 8 135
8 5 69
6 10 227
4 6 100
3 6 127
8 9 292
10 2 288
8 1 237
10
9 6 120
6 7 118
9 8 131
3 9 13
7 2 68
5 6 79
9 1 281
7 10 178
10 4 142
10
2 3 202
2 4 72
9 3 53
7 2 200
1 7 80
6 2 261
5 4 299
8 6 156
5 10 29
10
1 5 115
5 3 79
7 1 59
1 4 10
7 10 287
10 2 50
8 3 15
10 6 197
9 4 208
10
6 10 154
2 10 268
6 1 187
1 5 79
8 5 85
9 10 130
7 9 167
9 3 220
5 4 189
10
6 7 111
10 7 60
6 8 39
9 7 231
6 4 171
8 3 278
10 2 220
5 4 47
1 5 280
10
6 3 115
2 6 265
7 2 190
1 2 193
6 4 172
5 4 129
5 8 118
4 9 139
1 10 36
10
4 5 83
1 4 276
6 4 42
1 10 157
1 3 185
7 3 168
6 8 256
6 9 237
2 4 157
10
6 1 17
8 6 64
3 1 6
7 3 217
6 9 106
2 8 125
8 4 280
8 10 232
9 5 296
10
3 8 5
8 10 191
7 3 289
8 2 60
10 4 161
6 3 3
1 7 110
3 5 83
9 6 233
10
4 10 231
8 10 132
2 8 260
6 4 30
4 3 291
9 2 17
4 1 254
4 5 116
8 7 67
10
1 5 169
1 7 16
8 5 229
3 5 273
10 1 41
7 9 56
4 1 281
1 6 77
6 2 21
10
1 3 64
3 2 67
8 1 105
8 10 82
1 9 273
2 6 161
7 6 262
5 2 38
3 4 44
10
4 9 169
6 4 130
9 8 48
2 4 219
6 1 9
10 1 47
2 3 94
3 7 98
5 4 28
10
4 3 158
4 6 26
5 4 113
7 3 190
4 10 27
10 8 183
6 2 135
9 3 272
1 2 258
10
7 2 63
7 6 224
5 7 84
9 6 181
2 1 287
4 7 43
6 8 272
6 3 113
10 2 288
10
10 5 247
2 5 84
8 2 220
10 4 220
3 8 57
3 1 232
5 9 31
7 10 103
4 6 13
10
7 10 292
5 10 235
10 9 115
10 1 137
8 10 127
6 7 130
9 4 283
4 2 136
7 3 62
10
10 7 229
10 9 282
9 3 198
5 7 12
1 10 225
8 5 214
6 7 266
1 4 277
9 2 241
10
4 2 158
4 10 126
10 1 217
8 1 10
5 1 24
7 4 285
9 7 255
9 6 212
3 5 46
10
3 5 90
10 5 197
2 10 143
5 4 273
9 4 163
1 5 150
1 6 288
5 8 122
7 6 54
10
9 6 65
6 5 126
2 9 200
7 2 84
4 5 128
8 2 57
4 3 211
8 1 66
10 8 96
10
7 4 131
10 7 163
10 8 244
5 10 1
2 4 269
6 8 213
4 3 211
7 1 15
6 9 214
10
7 3 53
1 3 131
8 3 31
9 1 145
4 1 265
10 3 264
9 6 171
7 5 240
2 8 94
10
7 9 164
2 7 3
7 4 155
9 8 56
5 9 176
1 9 247
2 10 194
6 7 111
3 6 222
10
5 8 130
8 10 60
7 5 62
6 5 249
9 8 65
9 1 28
3 1 244
2 6 236
4 2 87
10
2 7 44
5 2 215
2 10 266
4 2 175
3 4 40
9 10 223
2 6 43
8 2 197
1 8 157
10
2 1 118
5 1 11
10 5 51
3 2 260
4 1 53
4 7 163
9 5 251
8 1 208
6 10 30
10
8 10 155
10 7 276
8 4 157
1 10 251
5 4 219
4 2 243
5 3 268
6 3 47
4 9 117
10
6 1 261
5 1 35
5 3 169
1 9 281
1 2 128
4 2 140
8 4 283
1 7 240
10 9 200
10
7 3 75
5 7 53
4 3 173
3 6 185
3 1 234
9 7 170
4 2 259
9 10 191
5 8 189
10
6 2 180
2 7 282
6 1 143
7 3 143
7 5 201
1 4 263
5 8 165
10 7 99
9 2 267
10
7 3 87
3 8 70
6 3 188
6 4 209
4 5 131
8 2 8
4 9 57
10 4 266
8 1 221
10
7 5 264
1 5 193
4 1 200
10 7 78
3 7 15
9 3 29
9 2 245
8 3 80
6 9 181
10
4 1 236
4 8 157
5 4 112
2 8 261
1 9 37
7 4 85
1 6 134
8 10 286
3 6 202
10
3 7 289
3 9 46
10 7 180
9 2 7
1 9 228
6 9 122
4 9 109
8 9 241
1 5 17
10
1 10 224
9 1 65
2 9 26
5 9 156
9 4 179
8 4 258
4 7 283
10 3 101
6 2 124
10
9 7 129
9 2 18
5 9 227
9 1 206
4 7 133
4 6 156
8 6 1
3 9 137
10 5 209
10
5 10 130
5 7 71
6 7 63
5 8 233
7 2 120
4 7 21
4 3 150
1 10 59
9 2 22
10
6 10 102
6 8 275
5 8 284
4 5 53
8 7 248
3 10 116
4 1 146
5 2 6
9 6 169
10
3 10 182
1 10 103
9 3 172
7 3 239
2 1 75
9 8 217
3 4 147
7 6 209
5 2 102
10
6 1 161
6 2 127
1 4 236
8 6 284
7 6 265
10 2 205
7 5 209
9 1 185
5 3 239
10
6 8 90
7 6 23
7 2 196
7 9 172
6 10 269
6 1 98
3 10 79
10 5 54
2 4 159
10
4 7 197
5 4 132
8 5 254
10 5 148
5 3 209
1 8 142
5 9 120
6 10 138
2 1 27
10
10 4 116
4 5 40
4 8 103
5 2 131
1 5 258
9 8 11
6 5 202
4 7 251
6 3 183
10
4 10 15
9 4 267
2 4 109
3 9 96
2 1 22
5 2 134
5 8 122
9 6 203
10 7 147
10
6 2 14
1 2 44
8 6 232
3 6 261
5 1 105
3 9 56
1 10 101
4 1 192
7 8 147
10
10 6 117
8 10 4
9 6 196
7 9 126
2 8 118
6 3 41
5 3 98
3 4 201
1 10 181
10
6 8 189
1 6 268
10 6 220
5 1 47
5 4 147
9 1 240
3 5 182
2 3 9
4 7 120
10
3 1 2
5 1 163
1 4 209
4 6 236
1 2 111
8 4 291
2 10 132
10 9 38
7 10 279
10
4 1 226
5 4 233
7 4 121
7 9 53
7 8 205
3 9 263
10 8 163
5 6 160
2 7 23
10
7 5 57
5 4 65
9 7 182
5 8 238
5 3 115
5 1 256
10 8 258
4 6 259
1 2 85
10
3 6 229
9 3 297
3 4 104
5 3 88
6 2 175
8 9 260
10 6 209
4 1 47
7 3 221
10
9 4 160
5 9 276
5 10 30
1 4 165
4 8 237
7 8 200
2 8 104
9 3 92
6 5 204
10
9 6 1
4 9 15
9 8 157
8 2 146
4 1 256
1 3 173
5 1 272
7 1 212
7 10 1
10
6 10 73
7 6 130
5 10 112
6 9 79
7 2 171
3 2 113
4 5 153
1 2 31
8 5 282
10
5 8 190
3 5 76
4 5 122
8 7 153
6 8 42
2 3 206
3 9 174
5 10 151
1 6 193
10
10 2 102
9 10 78
10 3 267
1 3 174
6 2 30
2 8 43
6 4 273
5 6 162
5 7 290
10
1 8 144
2 1 8
3 1 255
4 1 35
3 5 130
7 2 214
8 9 73
10 7 147
10 6 184
10
2 7 259
7 9 232
5 7 130
7 8 189
8 10 121
4 9 15
3 4 265
9 6 272
5 1 126
10
10 8 136
10 4 105
4 7 247
4 3 15
9 3 139
9 6 260
1 10 161
6 5 150
2 7 195
10
5 9 109
5 1 180
2 9 163
3 5 71
6 9 192
9 4 108
3 10 282
7 1 241
10 8 239
10
1 2 127
1 3 9
5 3 98
2 7 96
10 1 62
9 1 132
5 6 108
7 8 191
4 5 202
10
3 4 208
9 4 116
7 3 93
10 3 123
5 7 77
5 6 47
8 6 227
1 10 138
2 1 125
10
1 2 149
2 10 214
9 1 147
10 7 252
4 7 49
6 2 293
5 7 275
1 3 249
8 10 47
10
4 5 48
2 5 267
6 5 270
2 8 162
3 4 29
7 4 280
2 9 191
1 8 123
1 10 230
10
9 8 5
5 9 17
9 7 202
7 6 295
4 6 150
6 3 159
2 9 187
10 7 180
1 8 292
10
10 3 96
9 3 20
6 3 81
7 3 131
6 4 218
6 8 299
2 8 197
2 1 8
10 5 209
10
2 9 123
10 2 162
4 2 177
4 7 219
9 1 234
5 1 234
8 5 245
5 6 256
3 5 247
10
6 4 165
6 2 177
1 6 69
5 4 89
3 2 84
6 7 128
10 6 204
7 9 85
9 8 108
10
8 7 266
7 10 174
10 9 220
4 8 294
8 1 4
6 8 210
6 3 223
9 5 263
10 2 32
10
6 7 156
6 8 35
6 10 44
3 6 147
8 5 282
8 1 197
1 9 126
4 3 60
3 2 261
10
1 4 92
1 3 30
6 4 80
8 1 251
9 6 43
9 5 282
6 2 57
10 6 124
7 2 188
10
7 4 221
7 2 273
2 3 258
4 6 75
5 3 162
5 10 10
9 7 244
7 1 70
2 8 163
10
5 4 97
5 7 241
4 9 270
6 7 12
10 7 300
8 7 101
2 9 18
10 1 17
3 10 187
10
10 3 143
10 7 229
8 7 230
10 9 4
5 9 146
7 4 224
1 10 9
2 1 276
8 6 280
10
10 7 102
3 7 7
3 4 204
10 8 121
6 3 90
6 9 246
10 1 79
4 2 119
5 7 105
10
3 10 32
10 1 32
9 10 10
10 7 18
7 8 266
3 4 114
5 10 282
2 4 78
6 1 110
10
5 6 28
6 10 122
5 3 260
1 5 21
7 10 94
4 5 178
2 10 148
4 8 77
9 7 12
10
2 4 174
6 4 290
3 4 168
10 4 213
1 6 65
9 2 224
5 4 280
8 9 266
7 5 146
10
7 8 255
4 8 86
8 6 216
5 7 22
3 4 233
1 4 175
1 2 46
9 5 138
2 10 139
10
6 1 153
6 7 231
4 1 179
7 3 294
3 5 39
1 9 42
10 9 227
2 9 113
7 8 209
10
9 2 89
7 2 176
10 2 137
7 1 75
6 10 33
8 9 195
6 3 188
6 4 229
5 1 287
10
5 3 138
5 7 158
8 5 59
9 3 132
3 1 52
3 6 4
8 2 263
3 4 54
3 10 235
10
6 1 49
6 5 226
8 5 159
2 6 36
5 7 277
8 10 110
7 3 36
9 1 118
4 1 106
10
5 8 63
5 4 247
4 9 186
5 6 55
3 6 40
1 8 104
10 5 22
4 7 165
2 4 103
10
6 4 90
4 8 224
5 6 264
2 5 270
8 3 266
2 7 109
10 5 160
3 9 187
1 9 53
10
1 5 146
5 2 107
5 10 271
6 2 23
4 1 275
3 1 74
7 3 61
5 8 35
9 7 285
10
7 9 139
9 8 173
4 9 180
1 9 234
2 4 294
3 1 12
4 6 53
1 10 273
5 8 64
10
3 9 277
2 9 11
4 9 254
10 3 183
6 9 21
3 5 232
1 9 55
7 10 125
1 8 200
10
7 1 78
5 7 201
1 9 196
7 10 33
7 6 273
7 4 261
8 7 279
8 3 71
4 2 208
10
8 9 213
8 5 222
9 1 251
5 3 279
6 5 183
3 7 13
2 5 85
8 4 122
7 10 205
10
5 6 189
9 6 212
5 2 145
6 10 188
7 10 82
1 2 272
4 6 259
8 2 176
8 3 224
10
4 1 278
4 3 137
3 2 195
10 4 43
10 7 225
8 7 295
2 6 62
5 4 283
9 3 252
10
9 10 239
8 9 174
2 10 286
9 4 180
4 6 36
8 1 204
6 7 229
3 2 117
5 10 253
10
7 4 134
7 6 274
4 1 287
2 6 264
7 8 73
10 1 248
6 9 167
3 7 267
5 2 200
10
7 8 240
8 2 48
9 2 145
6 8 171
1 8 225
10 6 74
10 3 147
1 4 169
5 3 279
10
3 2 275
2 10 45
6 2 162
1 2 136
3 7 230
4 10 32
9 6 144
3 5 241
8 4 183
10
6 1 119
1 7 297
8 1 97
8 4 124
3 6 52
5 3 203
6 10 17
9 3 166
2 6 169
10
8 10 171
10 3 297
4 3 87
4 2 188
6 3 48
10 5 193
7 10 176
1 3 211
9 7 103
10
4 3 154
3 2 277
1 2 17
4 10 217
1 7 182
3 8 6
9 7 150
6 1 126
5 6 171
10
7 2 147
7 1 150
2 10 123
1 3 56
5 7 99
7 4 268
9 3 154
2 8 245
7 6 279
10
9 2 24
5 9 28
9 7 98
9 4 259
8 2 284
4 3 174
1 5 167
8 10 143
3 6 102
10
4 8 153
6 8 72
5 4 148
4 3 120
1 8 143
3 2 145
9 4 167
7 6 300
10 3 212
10
1 7 29
5 1 27
7 10 92
7 2 32
2 4 47
8 7 78
3 2 176
8 9 282
5 6 35
10
10 6 4
1 10 176
1 9 13
10 3 142
3 2 16
8 3 175
5 8 96
4 10 133
7 9 18
10
9 5 166
9 8 288
5 3 196
4 3 65
4 2 50
1 9 147
10 2 294
6 5 64
1 7 130
10
6 9 123
9 10 207
6 8 299
1 10 96
10 5 8
10 7 89
7 4 132
2 6 119
3 2 192
10
3 1 63
4 3 141
1 10 270
3 7 74
4 5 251
2 7 70
6 10 201
10 8 249
9 3 270
10
5 10 104
10 3 21
1 10 116
3 6 135
9 10 90
6 2 19
10 7 247
7 8 252
8 4 82
10
4 6 39
4 1 23
7 6 293
7 10 73
2 10 130
10 5 168
5 3 297
8 6 123
9 3 144
10
1 7 41
1 3 6
1 4 102
10 4 272
4 5 74
2 10 108
6 3 180
8 3 237
9 6 234
10
10 2 231
3 10 62
2 9 15
3 4 104
2 5 164
8 2 246
1 4 273
6 8 7
7 5 47
10
6 1 190
4 1 25
6 2 187
6 10 65
2 5 209
1 3 166
10 8 201
9 10 280
5 7 199
10
7 6 210
6 1 70
6 5 190
6 9 145
2 7 135
7 8 270
10 9 262
3 7 135
2 4 176
10
10 3 284
3 8 30
9 3 102
8 5 243
2 5 290
7 10 199
9 4 207
1 8 56
6 7 233
10
4 10 130
6 10 227
5 4 181
10 7 247
7 9 207
2 6 216
7 1 113
8 7 72
7 3 92
10
6 9 217
9 2 248
2 4 224
1 4 15
9 10 164
10 8 137
5 6 234
8 7 239
1 3 148
10
6 5 236
6 7 297
10 7 253
7 1 68
9 10 182
3 10 217
6 2 15
5 8 55
4 9 292
10
8 5 275
4 5 148
2 5 151
6 2 183
5 1 7
5 7 57
6 10 146
4 9 250
3 8 249
10
4 10 139
5 4 5
2 5 260
7 10 3
5 6 242
5 1 102
3 1 276
8 1 108
9 8 73
10
8 7 180
8 4 50
10 4 74
5 4 42
6 5 249
2 8 253
5 3 70
7 1 227
5 9 13
10
6 2 147
6 7 181
6 5 100
7 1 75
4 7 149
3 6 17
9 7 20
8 5 215
10 1 289
10
5 7 80
5 4 136
2 4 189
3 2 251
8 2 32
7 9 261
6 5 244
10 5 185
1 6 51
10
3 2 202
8 3 139
5 3 38
9 8 106
7 2 202
6 5 145
4 5 245
10 8 65
5 1 18
10
10 2 125
1 2 255
8 10 18
8 4 243
7 10 110
6 1 238
1 3 271
3 5 10
9 7 283
10
3 7 294
4 7 262
3 8 28
4 10 110
8 5 183
10 1 205
2 8 1
10 6 123
9 3 202
10
4 1 160
4 5 290
4 6 158
3 5 229
10 6 182
4 9 7
7 6 156
5 2 80
4 8 228
10
2 9 215
9 8 14
8 6 156
5 8 103
4 2 20
10 5 239
7 6 95
5 1 248
7 3 228
10
8 10 56
10 4 52
2 4 50
2 1 98
10 5 17
7 2 55
6 5 43
9 7 225
3 8 252
10
5 1 269
2 1 176
2 6 228
3 2 125
3 9 206
1 4 23
7 3 78
9 8 232
10 9 20
10
2 4 1
9 2 207
9 10 102
10 6 87
2 1 150
3 2 171
8 3 49
4 5 223
2 7 299
10
4 7 26
10 4 114
10 2 98
7 3 247
5 4 160
7 6 89
10 1 94
9 2 126
8 4 295
10
4 9 211
9 8 14
1 4 119
4 10 284
8 5 285
6 8 145
1 3 280
8 2 160
6 7 197
10
9 3 157
1 9 278
3 4 202
8 3 236
2 1 225
6 4 260
7 3 276
10 4 181
3 5 29
10
7 3 287
3 1 284
1 8 225
1 2 216
4 2 33
10 4 285
5 2 284
10 6 152
9 8 274
10
5 1 131
4 5 106
5 9 17
3 1 10
5 2 123
7 4 222
3 10 113
8 7 133
6 4 156
10
9 4 258
5 4 81
4 7 138
1 4 224
10 7 116
6 5 26
10 3 65
9 8 60
2 1 211
10
2 8 102
8 6 26
4 6 239
8 10 94
7 8 293
3 2 130
9 3 291
5 3 227
5 1 159
10
8 2 71
10 2 28
2 7 43
1 8 141
10 4 200
7 6 150
9 7 60
1 3 97
9 5 15
10
7 9 96
6 9 77
7 2 298
1 2 47
2 5 130
8 5 198
8 3 208
7 4 168
10 9 120
10
4 3 52
6 4 118
3 7 70
3 5 25
3 10 260
7 2 42
7 8 22
2 1 241
9 1 252
10
8 4 248
1 4 125
6 4 154
1 5 53
4 3 58
4 7 195
9 5 268
10 8 50
2 9 245
10
10 9 206
2 10 66
6 10 263
4 2 179
9 5 211
8 2 215
1 4 84
7 5 202
6 3 173
10
2 8 205
2 4 146
5 4 113
8 3 187
9 2 7
8 6 190
7 5 75
1 4 200
10 4 255
10
7 9 284
7 6 212
6 3 256
7 8 90
2 9 158
3 4 255
1 6 188
5 3 279
10 8 101
10
5 1 106
7 5 168
3 5 280
3 6 246
7 2 169
6 10 285
4 5 196
9 5 160
5 8 61
10
1 5 270
4 5 255
7 5 66
1 10 39
2 7 251
9 7 237
8 7 117
4 3 171
1 6 29
10
4 8 105
8 9 139
5 9 79
5 2 198
7 2 226
7 10 192
5 6 203
5 1 227
3 10 253
10
1 8 73
10 8 32
2 1 217
7 10 18
3 7 234
2 5 108
4 8 130
5 6 50
9 2 44
10
1 3 79
8 1 71
10 8 281
6 1 52
3 7 79
7 9 268
2 3 60
5 9 101
4 9 112
10
3 7 180
7 2 178
5 2 126
4 7 262
3 9 270
6 5 72
9 10 155
4 8 175
9 1 23
10
9 5 219
5 7 244
3 7 203
7 4 295
7 10 103
7 8 191
5 6 219
7 1 6
2 7 226
10
9 1 176
9 6 88
1 4 25
3 4 200
10 3 246
7 4 25
3 8 5
2 3 244
5 10 291
10
3 10 11
8 10 193
8 5 54
3 9 31
3 6 233
5 4 197
10 2 168
6 7 47
1 6 80
10
1 2 70
6 1 251
6 3 1
6 7 176
2 4 202
7 9 57
7 10 236
5 3 33
9 8 294
10
8 10 132
8 9 258
9 6 183
2 10 242
10 4 283
8 1 33
4 5 179
9 7 36
3 6 47
10
8 5 136
6 8 200
5 2 72
6 3 30
9 6 268
6 1 63
1 7 206
10 5 256
4 9 130
10
10 8 238
8 7 208
7 6 256
5 8 88
9 6 210
5 4 94
2 4 126
1 6 88
3 7 232
10
2 5 72
10 2 253
5 6 205
6 1 154
2 4 193
5 7 66
9 7 21
3 1 161
8 2 268
10
9 3 62
3 7 194
4 7 55
5 7 259
6 3 168
10 7 4
3 1 271
2 4 53
8 10 167
10
5 1 277
9 5 280
7 1 111
5 10 216
10 2 101
1 8 128
1 6 46
3 9 269
4 7 246
10
9 8 286
2 8 5
8 1 14
1 10 121
7 9 12
5 2 87
8 6 7
6 4 258
8 3 254
10
9 1 22
2 1 135
2 7 174
1 6 112
3 6 261
1 10 129
8 6 18
1 5 253
3 4 57
10
10 3 169
1 3 50
10 2 49
10 4 87
5 4 129
10 7 79
9 2 172
6 3 240
4 8 5
10
8 2 268
3 2 158
3 1 191
7 8 63
1 5 193
9 2 77
6 3 184
10 6 34
7 4 40
10
10 7 76
10 6 275
9 10 290
2 7 280
7 8 184
10 5 196
3 7 253
4 8 288
1 7 2
10
8 2 225
7 8 81
8 3 162
8 9 22
4 2 22
5 9 187
5 6 90
5 10 93
1 5 38
10
2 7 64
7 9 155
5 2 41
2 1 9
5 10 246
10 8 92
6 7 50
5 4 123
8 3 148
10
1 7 84
9 7 24
1 4 184
1 3 296
2 1 38
1 8 61
4 6 35
10 6 265
6 5 230
10
3 8 177
5 8 19
5 4 137
2 3 165
3 7 276
3 9 212
6 7 21
1 8 64
3 10 261
10
8 4 188
8 5 120
4 9 117
1 4 201
8 7 181
8 2 74
4 6 279
4 3 282
10 9 154
10
5 7 86
7 2 75
5 9 12
2 3 44
9 4 34
1 4 27
7 6 271
6 8 145
10 3 211
10
8 7 188
2 7 282
3 2 280
2 6 66
9 6 282
2 1 59
8 5 183
4 8 192
1 10 30
10
5 7 106
7 3 156
8 3 75
8 4 174
8 2 26
3 9 242
4 1 217
6 4 300
10 4 190
10
4 5 214
5 6 218
5 7 258
9 7 23
7 1 92
6 3 16
10 7 110
8 7 160
2 1 204
10
9 6 25
9 2 228
8 6 216
6 4 200
4 5 172
2 7 60
5 1 134
10 6 13
3 2 242
10
9 7 136
3 7 108
8 7 192
7 2 253
2 4 280
6 9 228
10 3 117
1 8 211
10 5 198
10
3 9 252
1 9 260
9 7 294
1 10 152
4 10 74
1 8 51
8 5 242
1 6 154
10 2 201
10
10 6 143
9 10 124
1 6 118
2 10 78
9 5 187
3 10 203
6 7 77
2 4 201
7 8 44
10
2 6 266
6 1 184
7 1 66
1 8 13
6 5 7
3 6 118
7 9 23
10 6 218
4 9 67
10
9 5 76
10 5 282
9 4 111
4 3 219
4 6 16
3 8 226
8 7 229
8 1 268
2 7 49
10
3 2 182
6 2 271
10 6 10
2 7 226
5 10 107
8 7 111
5 4 219
4 9 35
1 4 204
10
3 7 206
1 3 104
6 3 18
6 4 79
7 10 21
2 4 165
10 9 217
5 2 92
2 8 8
10
8 9 146
6 8 44
7 9 5
7 2 76
3 9 115
4 7 140
10 3 96
5 2 122
6 1 194
10
9 8 124
4 8 143
8 7 178
8 5 49
2 9 204
10 5 39
6 2 279
4 1 223
3 7 195
10
3 9 144
9 7 251
7 1 106
5 1 162
2 1 285
5 4 282
9 10 254
4 8 154
1 6 72
10
4 7 16
4 2 208
7 9 209
4 6 263
4 1 185
5 4 168
8 1 170
3 2 231
10 9 95
10
8 5 118
6 8 86
5 4 72
8 1 40
4 9 89
3 5 38
8 2 278
3 10 134
10 7 93
10
5 1 77
5 4 50
7 4 81
6 7 181
8 6 31
5 2 119
5 10 54
8 3 297
9 7 75
10
5 9 278
9 8 81
1 9 239
3 8 95
9 7 48
3 10 92
2 9 169
5 4 190
9 6 198
10
8 2 175
2 6 54
6 7 146
10 2 8
2 4 42
5 8 235
10 1 204
9 2 288
10 3 182
10
10 5 229
10 2 215
2 1 192
10 8 258
10 7 12
9 5 276
5 4 108
1 3 295
6 1 60
10
6 10 200
1 10 270
4 6 175
7 4 49
6 5 127
1 3 38
2 6 4
5 9 187
8 4 215
10
5 7 232
2 7 216
5 9 154
9 4 300
2 10 193
1 9 119
3 7 50
7 8 130
6 2 80
10
10 9 32
7 10 221
3 10 146
5 10 138
10 2 144
6 9 223
10 8 243
10 1 83
9 4 213
10
4 3 226
3 8 40
5 3 114
3 7 12
9 3 213
4 10 88
10 6 110
1 5 217
2 4 66
10
9 8 287
9 4 213
9 2 96
1 8 211
3 2 91
8 10 31
5 10 107
7 9 14
5 6 15
10
1 9 42
8 9 70
10 9 48
5 9 203
6 9 32
5 4 152
3 6 173
2 9 216
7 8 126
10
4 8 66
4 10 63
8 6 75
2 10 162
9 2 191
4 7 77
8 3 215
5 3 211
1 10 258
10
4 1 163
7 4 233
6 7 137
6 2 170
10 7 255
9 7 271
5 7 61
8 1 248
3 6 243
10
10 9 153
5 10 205
9 1 102
5 7 157
5 3 132
1 6 173
4 3 85
2 1 195
8 9 36
10
7 6 174
6 8 263
8 9 51
4 9 298
7 2 96
3 2 94
1 8 275
9 5 221
10 5 130
10
4 5 255
3 4 158
3 8 269
9 3 185
6 5 25
8 7 300
4 2 143
10 4 211
1 4 178
10
7 6 119
5 7 26
9 6 86
10 5 10
7 4 195
3 9 118
10 8 294
9 2 215
1 3 164
10
1 8 181
8 10 69
10 9 133
7 8 41
6 9 213
2 10 133
9 4 247
1 5 102
9 3 249
10
1 5 87
3 5 292
10 3 278
2 5 126
7 3 231
9 10 112
1 6 3
4 10 144
2 8 30
10
10 7 87
4 7 123
8 10 44
2 4 92
1 8 210
3 4 146
5 8 220
10 9 245
9 6 8
10
4 6 102
6 2 48
9 2 100
6 10 110
6 8 254
8 3 275
3 7 87
6 5 22
8 1 266
10
9 10 189
9 8 211
3 8 187
7 10 60
8 1 186
5 7 159
6 8 172
5 2 199
4 5 78
10
3 1 221
8 1 214
1 9 99
7 1 46
3 5 271
6 5 24
9 2 187
6 10 13
4 9 139
10
1 6 141
7 6 105
6 5 37
4 6 118
6 3 249
7 2 229
9 6 158
10 4 44
2 8 131
10
7 5 205
5 1 115
1 8 33
3 8 297
8 6 133
7 9 20
4 8 187
7 10 85
3 2 300
10
8 3 186
9 8 209
3 5 150
2 5 231
8 6 201
4 9 182
6 1 204
6 10 58
7 6 207
10
8 3 180
3 4 264
9 3 206
9 5 300
7 9 221
2 7 168
3 10 207
8 6 53
2 1 76
10
2 1 1
2 5 40
1 9 35
7 5 265
1 6 229
3 5 9
8 7 243
10 7 27
4 2 118
10
8 7 226
2 7 47
2 3 262
8 1 61
6 3 93
8 10 206
9 3 12
9 5 56
4 2 141
10
8 2 205
2 6 226
9 6 179
6 3 27
5 6 15
7 9 226
4 9 248
3 1 274
5 10 247
10
5 4 172
5 9 267
5 6 91
9 7 18
9 1 265
6 2 82
3 1 126
8 3 84
10 9 289
10
1 5 5
3 5 227
3 9 270
9 7 114
5 4 149
5 10 92
1 8 26
7 6 234
4 2 215
10
7 9 100
5 7 272
9 3 274
6 9 227
5 8 237
5 10 171
6 4 177
2 4 199
1 5 262
10
1 7 198
6 7 211
7 5 246
9 5 174
9 2 163
10 7 62
8 2 78
7 4 88
3 9 190
10
7 2 22
7 8 235
4 7 1
5 8 88
9 5 80
3 4 282
10 5 269
7 6 140
1 10 64
10
4 9 1
4 7 217
9 3 15
9 1 50
9 8 266
9 2 191
2 6 155
8 5 22
3 10 87
10
8 9 86
8 7 276
10 9 38
6 10 223
8 1 12
5 1 77
10 3 143
8 4 41
5 2 252
10
3 6 145
5 6 130
5 4 47
6 10 105
3 1 197
10 2 159
10 9 60
10 8 279
9 7 184
10
4 1 173
2 1 218
9 4 138
6 2 134
4 10 54
5 2 1
5 7 13
6 8 281
5 3 200
10
6 4 266
6 5 124
4 2 78
6 9 292
1 5 290
8 5 18
1 7 23
10 9 109
7 3 102
10
9 7 178
5 9 46
3 7 45
1 3 229
10 1 258
3 8 95
4 9 5
9 2 151
6 5 236
10
5 6 258
6 9 108
9 2 97
2 8 141
4 5 158
4 7 129
4 1 230
6 10 237
3 8 5
10
6 7 58
6 2 191
9 2 66
4 7 265
5 7 187
5 10 225
8 2 273
1 2 295
3 2 22
10
1 3 49
1 2 61
3 8 247
5 3 296
3 6 242
3 10 89
7 1 137
3 4 15
8 9 240
10
1 4 274
4 5 153
5 3 210
1 8 221
8 2 261
7 2 184
10 3 51
9 3 271
6 1 32
10
4 7 118
7 10 232
1 4 13
3 7 186
4 9 185
5 4 231
8 1 89
6 5 149
2 7 33
10
7 3 263
3 8 135
8 6 290
8 1 274
10 1 189
9 8 102
5 10 232
4 6 74
8 2 123
10
7 4 241
3 4 286
3 6 269
6 9 90
9 5 42
3 8 18
2 4 174
3 10 277
1 9 11
10
3 5 31
7 3 100
5 4 281
7 8 262
6 4 212
6 2 273
10 7 299
7 1 163
1 9 199
10
3 8 56
8 7 43
2 3 65
4 8 84
5 7 125
3 10 160
7 6 220
2 1 100
9 5 106
10
9 2 129
9 7 288
9 4 211
3 2 254
4 6 80
5 4 139
10 9 215
8 10 298
1 3 194
10
4 6 77
1 4 186
6 7 59
1 9 125
7 8 159
4 5 299
9 3 254
9 10 15
9 2 139
10
5 7 52
9 5 141
10 7 47
6 9 138
10 4 20
8 10 1
6 2 215
2 3 272
1 8 76
10
6 3 126
1 3 186
1 7 173
3 9 12
1 2 19
8 2 169
9 10 82
2 5 81
6 4 283
10
9 7 279
4 7 135
8 4 172
5 7 211
3 8 85
1 8 68
2 7 300
9 10 202
8 6 105
10
1 7 141
1 2 60
5 7 255
2 6 158
3 6 40
8 7 77
4 6 156
1 10 100
2 9 202
10
7 4 244
7 9 295
7 3 33
4 10 227
4 6 64
5 4 69
2 9 94
7 8 81
1 2 31
10
4 5 220
9 4 89
5 1 82
8 4 147
9 7 136
7 3 94
8 6 195
1 10 264
2 4 211
10
1 5 292
5 9 219
1 7 210
4 9 132
1 10 268
9 8 198
8 2 74
7 3 62
6 3 275
10
2 9 242
4 2 186
2 8 203
4 1 113
3 4 140
9 10 267
6 9 257
5 10 200
5 7 280
10
9 4 61
9 8 284
5 4 155
2 4 240
6 2 95
9 7 56
2 10 273
1 4 64
3 7 69
10
1 7 11
9 7 130
1 2 73
4 9 69
5 4 90
7 8 194
4 6 262
10 6 69
3 8 123
10
10 8 209
3 10 228
10 6 4
2 6 146
7 6 142
7 4 246
4 9 295
9 1 269
5 7 285
10
1 10 219
4 10 9
10 8 278
9 8 64
7 1 284
7 6 70
2 8 71
3 8 242
5 9 90
10
7 4 192
4 6 81
10 4 228
3 10 249
4 5 30
8 5 114
10 2 255
9 2 229
2 1 182
10
7 9 23
9 3 298
10 9 195
1 3 222
5 9 252
6 1 58
2 1 288
4 5 44
8 3 94
10
3 8 253
8 5 227
3 9 165
9 6 198
4 8 31
9 7 82
7 1 222
2 7 251
10 1 94
10
3 2 229
2 6 204
1 6 49
1 4 202
2 9 145
6 8 165
8 10 249
5 2 276
4 7 138
10
2 1 48
9 2 192
2 5 57
1 4 136
2 3 194
2 7 292
6 2 23
10 7 60
2 8 181
10
8 4 216
6 8 33
8 5 259
4 10 2
6 1 106
6 2 19
3 8 165
5 7 100
2 9 171
10
2 1 7
2 4 115
3 4 104
7 1 90
4 5 164
10 7 70
2 9 54
7 8 299
6 9 50
10
5 8 237
3 8 284
4 3 67
10 8 272
4 9 264
10 1 181
10 2 19
7 8 210
6 10 235
10
8 3 139
8 1 190
3 6 241
2 1 91
7 8 215
3 4 18
6 9 218
8 10 65
2 5 246
10
4 9 157
9 6 296
7 6 89
2 4 29
3 4 243
8 2 196
1 7 134
2 5 106
10 2 245
10
2 8 80
8 7 105
10 8 127
10 5 12
4 7 223
1 8 247
6 5 248
3 4 51
5 9 282
10
9 1 269
10 1 272
4 1 173
8 9 232
2 4 54
3 8 215
2 7 87
4 5 226
3 6 109
10
7 8 29
8 5 69
2 8 195
8 1 177
5 10 71
2 3 1
5 9 171
3 4 214
1 6 20
10
10 8 128
1 8 216
9 10 229
7 1 212
1 4 224
1 3 123
2 1 96
3 5 18
6 1 291
10
2 8 12
3 2 294
2 1 207
3 5 68
8 6 122
7 3 68
9 3 141
10 9 155
2 4 285
10
6 8 190
2 8 257
2 4 144
6 1 47
3 8 76
10 3 222
3 7 299
2 5 77
7 9 288
10
4 10 288
4 3 183
3 8 203
2 3 215
3 1 158
2 6 31
5 10 192
7 3 138
8 9 74
10
8 6 219
1 8 278
8 3 166
5 8 154
8 10 295
9 8 234
3 4 296
2 1 181
1 7 204
10
1 5 64
5 10 61
2 1 250
8 5 2
6 5 152
9 2 264
3 6 144
7 10 269
4 9 72
10
2 8 48
6 2 233
6 10 279
8 3 66
6 4 101
7 4 264
8 9 136
5 8 123
9 1 186
10
8 1 151
9 8 141
10 8 188
1 2 119
5 9 41
5 6 215
4 6 246
3 1 282
7 9 23
10
5 9 104
9 4 249
3 5 186
4 7 34
1 4 60
5 2 152
9 6 85
2 8 225
3 10 181
10
3 10 230
6 3 158
3 4 79
7 4 258
3 9 134
9 8 289
10 5 57
5 1 290
6 2 32
10
4 3 239
9 4 14
2 3 243
8 4 124
8 1 281
7 9 271
6 4 207
5 2 122
3 10 280
10
5 3 187
10 5 249
8 3 78
8 2 212
4 2 24
2 7 144
1 4 262
6 2 72
6 9 44
10
2 5 90
10 5 225
5 1 89
5 4 29
1 3 45
3 8 94
1 7 169
5 6 187
9 2 252
10
7 6 158
7 2 299
4 2 27
2 3 237
6 8 130
4 1 252
9 8 280
7 5 170
10 4 68
10
5 3 90
5 8 102
6 3 264
4 5 265
1 6 41
9 5 274
5 10 195
10 7 115
2 5 220
10
8 9 139
8 3 69
8 5 62
4 8 20
10 9 47
1 9 190
7 4 189
9 2 297
10 6 80
10
1 6 178
9 6 207
6 10 197
9 3 201
2 1 252
7 9 258
8 6 30
1 4 253
10 5 74
10
7 6 209
10 6 248
6 3 196
5 10 27
7 4 180
10 2 54
2 9 62
8 10 181
1 5 138
10
4 8 86
4 9 41
4 7 132
1 9 188
4 2 258
2 10 108
3 9 232
3 5 142
6 2 276
10
8 7 287
7 4 45
7 6 254
7 1 153
6 5 136
10 4 139
2 6 264
3 2 218
9 10 196
10
6 5 208
4 5 46
6 1 214
1 9 49
9 7 62
5 8 242
1 3 177
9 2 285
4 10 41
10
4 3 143
5 4 170
6 4 109
4 1 121
1 10 26
6 9 114
8 9 41
2 3 172
7 9 86
10
1 3 225
3 7 272
1 10 153
1 8 281
1 6 62
5 7 193
1 9 99
4 9 110
7 2 25
10
2 1 218
9 1 29
5 2 194
3 2 252
4 2 184
8 1 165
6 8 290
10 4 277
7 3 264
10
1 10 131
4 10 34
4 2 94
2 6 178
5 10 96
10 7 165
8 2 283
2 9 1
3 6 103
10
5 10 215
10 9 94
4 5 42
10 6 141
2 9 9
3 6 148
5 8 227
10 1 93
7 1 160
10
1 10 68
10 5 209
2 10 91
6 10 59
5 7 12
9 5 25
6 8 258
3 7 234
2 4 132
10
3 7 259
7 6 166
9 6 253
3 10 165
5 3 3
2 10 155
4 6 75
9 8 170
4 1 176
10
8 10 69
8 6 62
8 5 107
5 4 217
3 8 245
5 1 152
1 9 294
7 8 123
1 2 125
10
4 5 70
5 6 18
7 4 209
9 4 50
7 2 174
5 3 121
6 1 258
10 4 182
8 9 216
10
10 8 3
2 10 36
7 2 92
6 10 66
6 4 6
3 10 278
6 1 167
2 9 54
6 5 55
10
3 6 61
1 6 222
1 7 237
7 8 30
1 10 231
8 4 199
3 5 94
9 4 101
2 3 4
10
8 1 199
1 6 210
8 3 133
3 2 233
7 2 289
6 9 237
8 4 47
9 5 148
10 9 225
10
7 6 271
2 7 154
9 7 173
6 10 108
7 4 156
10 5 13
2 8 71
1 5 177
3 8 15
10
1 8 228
8 9 95
1 7 60
4 8 45
8 2 10
1 6 246
6 10 279
5 9 252
3 2 33
10
2 9 206
9 7 165
9 6 193
1 6 11
10 6 246
1 5 165
8 10 195
10 4 12
3 5 1
10
1 3 128
10 3 133
10 8 24
3 9 279
1 7 299
3 4 251
2 4 8
3 5 83
7 6 39
10
4 10 146
4 8 246
10 6 264
1 6 161
3 6 57
4 7 157
8 5 265
4 9 193
5 2 22
10
8 6 34
6 4 254
6 5 3
5 3 276
4 2 151
9 6 286
9 1 55
9 10 238
1 7 185
10
2 9 236
4 9 143
4 10 290
7 10 30
1 10 195
1 3 52
9 6 9
2 5 95
8 2 193
10
2 6 2
2 8 36
7 2 80
2 4 205
5 4 237
1 6 284
5 10 46
4 9 26
9 3 251
10
5 1 211
1 9 170
3 9 57
6 3 92
5 7 288
1 2 142
8 5 145
6 10 44
10 4 38
10
5 10 110
5 1 199
1 7 224
2 10 72
10 3 37
4 2 291
7 6 285
8 3 225
6 9 164
10
9 8 196
7 8 230
6 7 269
3 6 247
2 6 232
9 4 265
6 1 11
1 5 255
4 10 294
10
10 1 221
1 5 288
10 3 115
9 1 59
5 6 102
3 8 68
2 1 244
4 3 11
7 4 297
10
1 3 34
8 1 154
1 2 237
1 5 162
7 3 156
10 8 251
2 9 135
4 7 115
3 6 81
10
8 5 111
2 8 148
5 6 169
2 4 2
1 8 219
6 10 123
3 1 210
9 8 24
7 9 210
10
4 1 246
3 1 181
3 6 153
10 6 297
1 5 44
1 8 36
8 7 127
9 5 291
2 4 26
10
3 9 185
6 9 294
3 8 16
3 10 78
1 9 26
2 3 27
1 5 39
10 4 239
7 4 75
10
1 6 275
8 1 60
6 9 58
2 1 67
4 1 279
3 1 122
5 4 230
6 10 64
7 3 261
10
5 8 51
8 9 112
10 5 128
5 2 274
6 9 131
9 4 40
1 5 72
1 7 283
9 3 94
10
2 4 296
4 10 56
8 4 210
4 1 220
4 9 216
8 3 222
2 5 67
7 8 82
6 9 5
10
3 7 233
3 5 227
3 10 19
9 10 276
3 4 212
1 5 77
10 8 214
7 6 283
2 9 9
10
7 9 141
3 9 250
4 9 106
9 6 231
5 7 139
2 3 222
7 1 298
5 8 239
1 10 48
10
6 2 4
7 6 248
2 3 55
6 9 98
9 8 155
1 8 191
10 7 256
3 4 116
5 4 300
10
1 7 161
1 3 132
3 8 11
3 4 274
4 10 242
9 1 278
6 1 42
5 3 156
2 8 228
10
1 7 291
9 1 204
2 7 74
8 7 236
10 7 85
9 4 206
8 6 107
3 1 143
2 5 240
10
7 10 264
4 7 298
6 7 110
5 4 14
5 8 138
8 1 267
3 8 82
10 9 15
5 2 138
10
9 6 69
2 6 147
9 8 220
2 7 62
2 4 182
1 8 70
4 5 168
1 10 188
7 3 206
10
9 10 239
9 3 241
3 2 233
9 5 145
6 3 280
1 10 284
7 6 260
2 8 17
10 4 8
10
6 8 141
8 4 240
4 9 86
4 5 26
2 9 241
7 8 186
10 7 145
2 3 39
6 1 216
10
8 2 134
8 9 5
2 4 36
2 1 127
7 2 40
3 4 153
1 6 136
10 9 250
5 3 290
10
1 3 204
1 2 75
7 3 205
10 7 252
3 6 103
4 3 71
7 9 284
8 4 189
9 5 198
10
6 9 191
9 7 150
7 8 160
9 10 82
7 2 97
1 6 92
9 4 154
5 1 78
9 3 88
10
1 3 61
8 1 280
5 8 153
3 7 212
9 1 52
2 7 208
3 4 104
6 3 300
10 1 80
10
2 7 232
2 9 287
7 6 86
9 3 50
1 6 260
8 3 221
6 5 196
3 10 291
4 2 69
10
6 7 105
8 7 243
8 10 93
8 3 203
3 1 210
1 4 91
6 5 81
10 2 59
5 9 148
10
9 5 78
4 9 261
7 9 119
6 4 194
8 9 127
7 10 298
10 1 159
2 1 30
5 3 2
10
2 8 175
8 3 178
4 8 179
10 2 300
9 3 164
6 2 6
7 6 208
5 10 93
1 8 87
10
9 8 261
9 1 88
1 6 14
4 9 147
8 5 169
10 9 209
10 3 294
2 1 263
5 7 129
10
10 8 62
5 8 102
10 3 46
8 2 287
9 2 172
7 8 182
1 8 298
6 8 100
9 4 214
10
10 7 142
10 3 192
2 3 96
3 9 135
8 10 271
10 6 299
4 3 297
9 5 147
5 1 66
10
10 6 110
10 9 113
10 7 170
7 8 131
2 7 59
1 6 30
1 4 255
5 6 269
1 3 15
10
4 5 80
2 4 36
5 1 219
9 5 266
8 1 53
8 6 126
1 3 80
10 1 21
3 7 179
10
2 1 121
2 7 25
10 2 54
2 8 18
2 5 127
4 1 294
2 6 10
9 8 109
3 1 116
10
10 9 219
8 10 22
1 10 164
8 6 108
8 5 114
7 6 260
3 6 167
9 4 83
4 2 122
10
4 7 56
10 4 233
7 1 164
3 7 178
6 7 223
1 5 88
3 8 290
9 10 152
10 2 200
10
4 8 204
4 5 202
3 8 163
10 4 84
10 6 118
10 2 67
10 9 153
3 7 255
9 1 259
10
5 6 170
2 5 178
2 7 148
1 2 131
2 10 216
5 8 62
7 9 171
3 5 7
4 3 81
10
5 6 123
2 6 208
1 2 268
9 5 6
1 7 169
4 5 144
3 2 12
8 6 288
10 7 273
10
2 7 270
4 2 167
3 4 1
10 2 167
9 7 122
6 2 23
9 1 166
4 5 188
5 8 255
10
5 9 98
1 5 211
3 1 265
2 3 108
6 2 245
5 7 162
9 10 157
10 8 226
4 8 8
10
5 1 43
1 6 237
3 5 204
7 5 117
1 10 172
10 9 227
10 8 252
4 6 80
2 9 284
10
2 5 183
8 2 175
2 3 41
5 4 11
3 7 273
10 8 47
9 4 36
9 1 71
6 8 134
10
5 1 291
2 5 202
9 1 69
8 1 287
2 10 66
7 5 114
5 6 172
9 3 46
9 4 195
10
7 2 54
7 4 227
7 8 217
3 4 264
1 7 122
5 3 180
9 8 147
5 6 141
10 5 229
10
8 7 233
2 8 154
7 10 74
1 7 194
9 7 110
4 10 128
7 3 234
3 6 187
5 3 184
10
6 3 26
6 2 154
7 6 33
8 3 223
3 1 130
8 5 140
3 10 58
9 5 8
7 4 183
10
3 9 99
2 9 133
9 1 198
10 2 179
4 2 124
3 8 246
8 5 238
9 7 47
6 10 32
10
6 3 94
6 9 32
2 6 237
3 8 208
10 8 6
3 1 24
5 3 207
7 9 229
7 4 286
10
8 9 238
4 8 267
2 4 85
7 9 19
5 9 125
5 6 276
5 1 238
1 3 55
9 10 35
10
6 3 180
3 7 114
4 3 48
2 7 244
9 4 116
7 10 155
5 4 202
6 1 226
2 8 53
10
6 10 113
6 4 222
10 9 185
6 5 73
3 4 267
10 8 137
4 7 281
8 1 17
2 3 221
10
3 10 193
2 10 130
1 3 174
9 3 278
7 10 259
5 7 273
8 1 94
5 6 59
4 2 236
10
7 10 80
1 10 216
5 10 108
3 10 245
6 5 287
4 1 279
5 2 8
6 8 294
8 9 85
10
9 3 239
9 2 85
9 8 291
2 4 290
2 1 135
2 6 61
1 7 66
3 10 234
5 6 290
10
8 7 49
5 7 298
7 4 129
8 10 243
9 5 189
10 6 162
1 6 207
3 8 41
9 2 219
10
3 9 80
9 4 228
9 1 48
9 5 96
2 4 175
4 6 24
3 7 31
3 10 124
8 10 248
10
7 10 247
10 2 147
8 2 261
5 8 88
4 7 257
1 2 42
6 10 27
7 9 286
3 9 232
10
6 7 292
9 6 183
6 2 174
4 6 172
9 8 211
1 6 13
10 6 215
1 3 191
2 5 245
10
3 5 90
7 3 261
8 7 149
7 10 68
6 8 2
5 1 94
1 9 120
2 10 258
4 5 258
10
1 5 135
4 1 158
7 1 177
5 2 87
8 7 83
6 5 254
3 7 289
9 4 278
7 10 262
10
4 6 234
5 6 155
1 6 278
8 6 36
8 7 286
10 7 169
8 9 85
5 2 84
3 1 109
10
3 1 177
1 7 284
1 6 222
7 9 202
6 10 136
9 2 266
5 10 155
4 2 234
7 8 106
10
8 10 163
10 6 60
7 10 151
1 6 69
10 9 277
10 3 264
5 10 145
4 9 34
8 2 183
10
4 8 192
3 8 35
5 8 164
7 5 150
3 9 50
5 10 131
7 2 157
3 1 65
6 1 87
10
5 6 173
6 3 289
10 6 255
10 8 146
2 10 138
2 4 20
1 6 30
1 7 79
9 8 198
10
6 1 70
8 6 1
1 3 127
2 6 194
7 2 218
5 3 259
9 5 62
2 4 155
8 10 260
10
8 7 115
8 1 269
9 8 163
7 6 197
2 8 289
3 9 227
7 4 257
2 10 188
5 8 293
10
8 7 186
5 7 54
1 5 168
2 1 296
4 2 239
9 2 228
9 6 208
2 10 252
9 3 21
10
7 2 97
1 7 130
7 4 43
10 7 162
5 7 250
7 8 220
1 3 216
8 9 207
6 3 169
10
7 1 117
3 7 253
7 9 10
5 3 121
4 1 43
5 2 231
1 10 83
5 8 208
6 7 186
10
5 10 39
7 10 115
10 8 256
10 1 119
7 4 141
3 10 79
2 8 57
9 3 134
7 6 28
10
6 9 188
6 10 146
8 9 65
1 8 10
1 2 48
4 8 82
3 2 136
7 6 157
5 8 283
10
4 9 299
6 9 121
4 1 91
4 8 65
2 6 93
3 1 171
7 4 168
10 1 248
7 5 125
10
4 3 186
8 3 15
7 4 98
7 10 181
5 3 274
1 4 51
9 8 168
1 6 265
2 10 229
10
8 9 281
5 8 140
6 8 228
4 5 152
9 7 20
5 3 200
9 2 170
2 10 42
1 5 166
10
7 2 121
7 4 220
9 2 124
2 5 57
1 2 263
2 10 111
4 6 124
8 1 131
3 5 7
10
8 4 93
4 2 233
3 2 172
3 5 286
6 3 294
10 8 161
9 10 119
1 4 172
9 7 128
10
1 6 152
1 10 9
10 3 132
4 10 40
6 2 154
7 4 56
1 5 288
8 1 289
1 9 102
10
10 7 232
2 10 7
1 2 52
7 5 7
1 4 64
4 8 41
3 10 69
4 9 102
6 3 180
10
2 7 180
2 5 91
3 7 183
2 9 18
8 2 137
4 9 298
4 10 103
1 7 200
6 7 94
10
7 3 22
7 1 291
7 4 78
7 2 30
8 4 76
1 9 145
5 9 70
10 7 32
8 6 111
10
2 1 259
10 1 295
8 10 81
8 4 280
10 9 148
1 3 294
3 7 68
6 1 147
3 5 228
10
8 1 257
9 1 259
9 3 179
4 1 282
5 1 173
3 6 250
7 4 112
2 9 38
4 10 110
10
2 9 209
2 1 132
2 10 186
7 9 36
8 10 25
7 3 134
4 1 272
5 2 117
6 1 59
10
3 9 213
1 9 258
1 7 127
2 3 104
3 10 69
8 10 20
6 7 264
3 5 216
3 4 257
10
3 5 180
3 9 42
3 1 108
1 8 259
7 8 20
2 8 15
10 3 86
3 6 172
4 1 182
10
4 9 74
7 9 279
9 10 281
7 1 133
7 6 219
8 7 209
6 2 254
3 2 38
5 8 72
10
9 1 256
1 7 74
8 7 153
1 4 152
4 2 36
1 10 118
6 4 22
3 6 151
1 5 43
10
5 6 227
6 3 85
3 8 89
5 9 166
8 4 140
5 10 97
6 7 291
2 7 31
1 4 108
10
6 4 92
6 7 225
7 3 168
2 4 14
2 1 219
4 9 178
5 4 229
8 1 61
8 10 155
10
9 6 7
10 6 37
3 10 225
8 9 122
2 10 59
9 1 178
9 7 9
4 6 18
5 8 41
10
5 4 141
1 5 78
1 10 149
6 5 73
1 7 87
10 9 287
3 7 175
2 7 55
5 8 141
10
10 3 230
1 3 5
4 1 226
3 2 50
2 5 261
9 2 282
9 7 155
8 4 92
6 3 294
10
9 1 40
10 9 203
9 2 111
7 2 165
8 2 179
2 6 34
7 3 105
4 2 278
7 5 154
10
8 4 251
2 8 43
2 1 280
10 4 206
8 9 193
9 6 90
3 1 63
7 1 25
5 8 92
10
8 2 300
8 3 193
7 2 243
7 1 55
1 4 274
4 10 105
6 7 68
1 9 24
9 5 150
10
7 6 227
6 1 226
8 6 234
6 3 199
1 5 150
8 9 134
8 10 19
10 2 149
4 3 22
10
10 1 161
1 7 88
4 7 283
9 10 229
2 1 14
3 10 93
6 4 217
3 8 162
6 5 267
10
5 10 152
7 10 212
7 3 33
8 10 281
1 10 142
10 2 165
1 9 107
6 2 10
6 4 146
10
5 9 278
9 6 254
5 3 55
6 8 27
9 4 212
6 7 2
5 10 212
1 6 289
4 2 173
10
1 10 5
7 10 57
9 10 12
1 8 257
10 6 218
3 6 147
2 1 119
7 5 135
10 4 262
10
4 6 210
4 7 137
3 4 74
6 2 84
9 4 60
8 2 7
10 4 20
5 10 13
1 10 25
10
7 8 42
8 5 104
3 8 109
7 1 274
8 4 54
2 1 275
10 7 5
5 9 94
10 6 13
10
1 10 236
9 1 275
7 1 126
10 4 217
1 8 268
1 2 70
3 8 32
5 7 195
6 4 217
10
1 10 248
1 7 211
1 4 71
8 1 169
8 3 263
2 3 121
9 10 57
9 6 148
5 8 235
10
3 5 224
3 2 95
3 10 93
1 3 270
2 7 146
8 1 281
8 6 108
1 4 78
3 9 203
10
2 8 79
9 8 74
1 8 36
6 2 95
6 3 281
10 2 186
7 2 168
8 5 201
3 4 159
10
3 1 24
9 3 52
3 8 6
7 9 170
7 5 223
10 7 175
4 9 98
3 6 195
10 2 62
10
10 8 283
1 10 289
10 6 213
5 10 132
10 2 94
4 8 296
6 3 95
7 1 108
9 8 279
10
4 5 203
7 4 89
7 10 289
8 4 40
10 3 275
6 8 188
2 7 297
1 5 180
6 9 35
10
6 5 61
6 2 159
3 6 84
3 4 222
9 5 49
1 5 229
2 7 265
6 10 259
8 1 156
10
9 7 94
5 7 269
4 9 124
10 7 51
8 9 58
3 5 225
10 6 147
2 10 121
1 2 221
10
10 3 113
10 6 239
7 6 282
7 8 108
7 2 215
8 4 286
1 10 125
5 6 93
7 9 241
10
7 4 221
3 7 84
4 5 201
10 7 284
9 7 69
9 6 200
2 7 49
8 6 13
1 4 296
10
1 3 7
1 8 27
8 5 228
9 5 174
5 2 164
7 8 197
5 4 11
5 6 49
10 7 83
10
9 2 111
10 9 94
10 1 192
9 7 222
7 3 75
9 6 260
3 5 160
2 8 259
7 4 195
10
8 3 210
9 3 93
8 6 53
6 1 63
3 4 285
10 6 186
5 3 22
9 7 95
2 3 44
10
9 4 101
4 6 21
7 6 185
5 4 82
9 10 231
3 9 231
6 8 40
2 4 218
1 8 43
10
6 4 69
3 6 142
2 4 132
2 9 272
5 6 187
1 9 55
3 7 117
10 6 256
7 8 223
10
10 1 100
1 9 241
9 3 5
10 5 29
3 6 221
6 4 249
2 1 296
9 8 287
7 2 200
10
1 9 33
1 5 107
6 9 266
9 8 54
2 6 146
4 5 67
3 8 5
10 9 59
7 9 88
10
6 10 157
7 10 23
6 5 125
1 10 123
10 9 284
8 6 198
2 9 212
6 3 32
4 10 127
10
1 10 74
10 3 287
3 6 224
2 6 78
3 4 41
5 10 172
4 9 167
7 10 77
8 2 212
10
4 7 181
3 7 8
7 5 286
5 9 172
4 2 97
8 2 137
4 6 36
10 6 115
9 1 31
10
6 1 43
3 6 152
7 1 283
6 2 32
1 9 283
10 2 101
4 6 43
5 10 127
3 8 213
10
8 10 187
10 3 251
8 1 117
5 8 79
3 9 213
7 5 281
4 5 12
10 2 70
3 6 87
10
1 3 145
1 5 235
5 7 76
2 7 105
7 9 206
8 7 138
5 4 6
3 6 137
10 4 218
10
8 1 55
1 10 64
1 9 281
2 1 203
8 3 238
9 5 50
9 6 212
4 8 127
9 7 208
10
2 1 50
2 5 79
2 3 242
3 4 124
1 8 85
3 9 293
1 10 75
10 6 54
4 7 75
10
5 10 196
6 10 60
2 6 220
1 5 277
9 5 66
2 7 57
4 6 247
9 8 234
6 3 19
10
10 8 221
8 1 233
3 1 286
9 10 85
6 1 193
4 6 104
3 5 139
1 2 209
7 2 23
10
3 1 154
2 3 268
3 10 68
9 3 158
9 7 63
9 5 300
8 1 60
9 4 286
6 9 83
10
10 7 50
7 9 81
1 10 116
2 1 299
1 6 214
2 3 92
3 4 261
2 8 193
5 10 70
10
1 4 268
9 1 255
7 9 261
8 1 111
4 10 130
7 2 36
7 5 254
6 1 49
3 2 241
10
1 8 200
8 4 207
7 1 83
8 3 181
8 2 274
2 5 189
6 8 149
5 10 190
9 3 118
10
3 1 68
1 2 228
6 3 176
6 8 260
8 5 274
10 6 46
8 7 218
9 7 186
8 4 4
10
10 8 141
10 5 264
2 10 186
6 2 167
8 7 48
1 5 160
8 4 256
9 5 279
3 8 111
10
10 7 24
2 7 119
3 2 191
9 2 210
1 2 11
9 6 22
9 8 25
5 3 14
8 4 60
10
10 9 244
3 9 112
7 3 116
9 6 295
4 3 239
4 5 293
2 6 167
10 8 120
5 1 63
10
4 3 299
3 10 219
1 10 109
10 9 280
7 1 190
4 6 79
9 2 12
8 9 188
8 5 293
10
8 9 275
1 9 298
6 1 189
1 3 54
9 2 23
6 7 212
2 4 210
8 10 258
5 2 139
10
7 10 247
10 1 240
7 2 30
5 1 17
5 8 268
3 10 233
6 3 266
6 4 174
9 5 195
10
8 5 68
5 7 114
7 3 150
1 5 221
5 9 67
3 10 221
7 4 230
2 8 49
7 6 296
10
10 9 238
10 7 167
7 1 170
1 8 214
6 1 190
6 4 234
5 1 95
3 10 99
1 2 160
10
6 8 73
8 10 30
4 8 261
6 9 214
1 4 48
6 7 33
8 2 124
6 5 297
9 3 119
10
7 10 50
7 5 102
10 1 75
4 10 88
5 8 142
3 5 91
9 4 86
6 7 132
10 2 202
10
8 9 93
8 5 19
5 3 150
6 8 267
7 5 232
4 3 224
2 5 297
9 1 42
2 10 129
10
8 9 54
6 9 168
4 6 224
10 6 265
8 1 92
5 10 186
3 9 83
3 2 22
3 7 167
10
4 8 89
4 1 99
1 6 97
4 5 102
6 7 63
8 2 169
8 9 144
10 2 167
7 3 77
10
2 3 106
4 3 72
9 3 163
2 6 17
5 4 25
2 8 156
10 2 33
1 2 223
8 7 230
10
4 9 275
2 4 90
9 3 27
9 5 254
6 3 270
8 4 94
2 7 178
1 7 56
7 10 8
10
6 2 197
10 6 247
2 8 160
6 5 144
9 5 41
1 5 239
9 4 186
7 4 86
3 5 266
10
5 9 157
9 4 246
8 4 163
8 2 46
4 10 285
3 8 34
3 1 71
7 8 196
6 2 132
10
3 1 10
8 1 163
1 9 100
3 4 258
5 9 172
2 4 99
10 5 47
10 7 291
6 2 293
10
5 1 264
9 1 162
9 4 243
2 5 227
7 1 260
6 1 198
8 1 58
6 10 65
3 10 155
10
5 2 44
3 2 196
2 9 77
9 1 248
3 7 26
10 2 210
6 3 57
8 6 217
9 4 115
10
3 10 291
5 10 231
10 4 213
9 3 89
8 4 102
1 8 159
9 2 211
4 7 134
5 6 202
10
10 9 31
3 10 262
5 10 274
5 2 89
2 8 194
6 8 160
10 4 91
10 7 203
10 1 139
10
8 10 151
5 10 250
10 3 130
7 10 274
5 4 251
1 3 219
2 1 1
6 5 25
9 5 143
10
6 1 261
9 1 167
9 2 37
2 3 12
6 4 241
9 5 187
5 8 82
7 5 246
10 3 86
10
10 5 197
6 10 72
6 1 86
10 9 290
8 1 6
7 6 52
2 9 230
9 3 14
4 2 101
10
5 6 51
5 2 134
5 4 227
6 3 154
7 3 273
6 8 92
9 5 208
2 10 165
10 1 76
10
7 2 77
2 1 295
1 4 274
1 3 278
5 1 248
8 4 254
9 3 179
10 9 175
1 6 70
10
5 1 188
2 5 264
2 9 125
6 1 232
6 10 57
5 7 283
4 2 2
8 1 278
9 3 17
10
6 7 206
5 6 80
1 5 274
9 1 98
2 5 120
2 10 172
4 2 119
6 8 266
3 10 162
10
10 6 300
7 10 20
1 7 110
8 1 203
6 4 151
6 3 201
7 9 162
2 7 158
5 10 10
10
6 2 276
2 10 35
6 5 299
8 6 95
4 10 270
6 7 282
3 5 149
9 6 128
9 1 184
10
7 6 294
4 7 93
5 4 273
3 5 73
6 2 35
6 9 40
10 5 65
4 8 60
9 1 181
10
9 6 36
1 9 170
9 4 198
1 2 172
3 2 28
3 5 4
7 1 92
1 10 263
8 7 202
10
8 3 80
8 4 39
1 4 92
3 7 260
10 3 56
7 6 67
4 9 75
2 3 225
1 5 18
10
8 9 16
9 5 222
4 5 22
1 4 41
9 3 259
7 5 154
6 7 160
7 10 147
5 2 113
10
3 7 215
2 3 241
9 3 198
1 2 195
9 4 180
1 6 156
6 8 224
7 10 218
5 6 148
10
3 1 120
8 1 147
5 1 88
2 3 71
10 3 200
4 3 139
6 8 133
5 7 100
3 9 226
10
6 2 157
2 7 224
7 5 106
6 9 284
6 4 265
10 7 211
3 6 123
8 9 169
1 7 117
10
1 5 196
9 5 125
5 6 25
7 6 86
4 1 2
3 9 286
9 8 148
8 10 275
2 1 93
10
7 1 141
5 7 214
10 7 243
7 9 139
3 5 68
5 8 141
2 3 78
6 9 12
4 9 227
10
6 1 266
6 5 1
5 3 263
8 5 291
7 6 269
8 9 268
2 5 225
3 10 141
9 4 3
10
6 4 257
6 8 238
8 7 230
4 1 294
3 4 271
4 2 196
5 7 124
3 9 54
10 1 167
10
10 1 85
10 6 282
1 3 15
5 3 44
9 3 236
5 8 117
8 2 128
4 6 263
7 6 133
10
10 1 69
7 1 230
6 10 69
9 1 92
2 9 223
8 2 272
3 8 297
4 10 102
5 9 145
10
7 6 77
5 6 1
2 7 76
8 6 193
1 5 250
4 7 202
6 9 213
10 7 283
3 5 257
10
7 5 205
9 5 104
1 5 146
1 10 29
9 2 126
4 10 118
3 9 181
6 9 24
3 8 170
10
6 1 205
10 6 185
3 6 89
1 7 187
6 4 192
7 2 218
9 4 97
8 4 110
5 4 104
10
5 4 205
5 9 261
1 5 187
8 4 9
9 3 42
8 6 190
10 3 57
8 2 201
5 7 100
10
9 7 159
1 9 104
4 7 94
2 4 208
5 2 296
7 6 5
9 8 149
9 3 130
10 4 261
10
2 1 208
10 2 114
1 9 150
7 1 147
9 6 127
2 4 26
3 4 208
6 5 127
3 8 125
10
9 10 136
10 1 244
1 4 244
5 9 252
5 2 188
3 2 111
10 7 225
5 6 289
8 5 122
10
5 9 92
7 5 199
7 4 107
6 5 23
5 1 162
6 10 179
6 3 202
8 4 2
2 9 6
10
6 9 150
9 7 216
6 4 4
8 6 67
6 3 264
10 7 265
4 1 295
1 5 108
6 2 51
10
5 2 94
9 5 292
1 5 29
9 10 74
10 4 122
3 1 257
3 7 259
6 5 51
8 1 65
10
7 9 275
4 7 270
10 4 156
10 3 242
6 9 238
4 5 275
7 2 105
1 4 136
8 1 75
10
8 10 162
5 10 276
7 8 133
3 10 95
1 8 62
7 4 287
4 6 153
9 10 238
2 4 1
10
6 8 263
2 6 243
9 6 41
10 9 172
6 7 197
5 9 219
3 9 299
1 3 261
7 4 211
10
9 3 85
3 5 298
4 3 190
5 10 242
1 5 150
9 2 170
4 6 220
8 6 170
7 1 19
10
3 4 228
4 9 121
3 1 182
4 7 88
6 7 41
2 9 196
9 10 71
6 5 235
4 8 115
10
4 8 216
1 8 124
1 5 25
9 8 41
9 7 202
5 2 296
9 10 174
3 10 46
2 6 152
10
9 2 282
4 2 169
10 9 140
5 10 295
7 10 76
6 10 279
10 8 110
1 9 60
5 3 262
10
7 2 130
2 5 275
2 3 48
1 2 215
3 6 119
2 8 290
6 9 242
4 1 79
2 10 135
10
6 8 49
3 6 256
3 7 37
1 6 200
2 3 272
5 1 272
5 10 184
4 6 48
9 4 237
10
2 3 20
5 2 296
3 10 247
2 1 221
10 9 88
3 4 190
5 8 218
6 3 101
5 7 264
10
2 3 247
3 4 44
10 2 96
5 3 241
3 7 126
1 2 133
3 9 73
8 10 61
6 9 63
10
5 6 122
6 2 210
3 6 164
6 10 127
6 7 62
10 9 174
8 9 176
3 4 116
1 5 167
10
5 2 139
1 5 60
5 3 111
10 3 256
9 10 63
4 9 184
4 7 245
1 6 220
2 8 243
10
8 10 30
10 3 159
10 6 224
10 5 38
9 8 246
1 10 69
10 2 84
4 3 165
6 7 9
10
3 9 105
3 10 47
10 8 162
3 7 176
3 4 209
7 5 85
2 7 298
6 9 275
1 7 290
10
7 5 101
7 2 227
5 4 132
10 7 151
8 5 49
7 1 249
10 6 233
8 9 226
4 3 186
10
9 6 42
4 9 234
5 4 85
10 5 221
6 2 215
1 9 228
3 2 134
2 8 79
7 6 240
10
9 8 36
1 9 90
8 2 56
8 5 103
9 6 104
6 10 183
7 5 202
8 3 158
4 2 186
10
3 4 206
7 4 36
3 5 60
8 5 61
9 5 206
7 6 42
1 9 119
4 10 108
2 4 30
10
8 4 53
4 1 202
5 8 20
10 4 229
8 6 198
3 4 172
2 8 59
6 7 32
10 9 89
10
1 3 44
3 10 134
1 4 227
10 2 260
5 10 138
1 7 252
8 10 26
10 6 30
3 9 144
10
3 1 155
3 6 6
3 10 120
8 6 274
2 6 70
5 10 231
1 4 280
7 10 74
9 3 7
10
1 2 50
7 1 222
4 2 65
6 1 2
2 5 145
7 8 169
3 8 199
9 8 6
9 10 191
10
4 8 295
8 6 158
4 7 288
7 10 190
2 6 154
9 8 98
2 1 270
5 1 287
3 1 184
10
3 6 189
6 9 277
3 8 247
4 8 51
4 1 89
6 10 83
8 2 67
7 1 291
7 5 35
10
4 6 91
6 7 144
7 2 268
6 8 6
5 6 239
1 2 124
5 10 82
10 3 239
9 8 9
10
8 1 99
10 1 108
2 10 171
2 5 18
3 5 21
5 4 147
6 5 252
1 9 275
7 3 209
10
5 10 255
6 10 42
9 6 288
5 1 107
1 2 21
8 1 105
5 4 192
4 3 14
9 7 196
10
4 2 109
4 10 150
2 9 183
4 3 298
3 5 10
6 10 297
4 1 65
8 5 154
7 1 162
10
5 4 87
4 2 115
2 7 24
6 2 62
5 1 286
4 8 179
1 10 132
3 10 278
3 9 26
10
4 7 72
6 4 206
2 6 292
7 9 59
3 4 99
1 9 193
2 10 52
8 7 31
8 5 52
10
4 9 240
2 4 184
6 4 50
6 5 127
7 4 64
5 1 293
2 8 65
1 10 19
10 3 145
10
2 5 85
6 5 104
5 10 213
2 8 141
2 3 39
8 4 75
6 9 287
3 7 128
5 1 122
10
1 10 293
1 7 153
10 5 82
1 8 196
7 6 191
1 2 22
4 6 179
2 3 253
5 9 162
10
8 10 243
8 9 278
4 8 176
3 4 205
7 10 244
3 5 62
9 2 189
4 1 21
6 10 268
10
9 5 228
2 9 70
9 4 185
4 1 40
5 3 266
8 1 142
1 6 270
9 7 215
7 10 179
10
2 8 219
10 8 133
2 5 299
7 2 81
7 1 196
2 9 268
6 7 242
4 6 230
3 4 39
10
1 9 294
9 5 233
1 10 266
5 7 121
3 7 198
6 9 61
3 8 26
4 8 102
8 2 221
10
10 6 108
10 5 230
3 6 134
5 8 236
6 7 124
9 8 123
5 2 76
9 4 263
2 1 262
10
5 6 185
5 10 277
7 10 194
1 5 74
3 7 6
10 9 268
2 3 69
5 4 58
4 8 218
10
2 8 193
3 2 283
6 2 113
7 2 296
4 8 200
1 2 169
3 10 274
9 10 153
3 5 3
10
9 3 123
4 9 170
3 5 173
3 8 115
7 9 7
7 6 8
6 1 50
7 2 32
10 7 91
10
4 6 231
6 7 94
2 6 239
6 3 146
4 1 223
5 7 210
10 7 104
7 9 142
5 8 132
10
2 1 262
4 2 178
4 9 96
8 2 65
8 5 293
6 2 215
3 5 82
10 4 214
6 7 285
10
10 5 57
10 6 15
5 2 255
6 7 35
9 7 265
10 3 100
4 3 20
4 1 82
7 8 221
10
7 5 9
7 10 104
5 3 55
5 4 162
2 4 217
10 1 26
10 8 123
9 4 139
6 3 268
10
2 8 165
5 8 238
2 3 48
4 8 18
6 3 81
2 9 62
8 10 118
7 10 155
1 5 194
10
5 3 174
9 3 57
3 2 256
3 7 95
1 3 94
9 6 60
8 7 128
4 2 103
10 8 224
10
3 7 195
2 3 279
1 2 44
5 3 194
8 2 207
4 8 49
10 8 268
8 9 274
4 6 98
10
3 7 195
3 2 267
2 4 38
6 3 40
2 8 58
8 9 223
2 1 50
5 4 134
10 5 148
10
3 5 114
5 9 202
5 8 188
5 7 64
6 8 42
6 10 210
8 1 146
8 2 7
4 9 40
10
3 8 208
6 8 268
4 6 23
10 3 286
8 2 209
7 8 231
1 3 87
1 5 96
9 5 91
10
1 10 9
8 1 128
9 8 125
8 5 99
10 6 64
8 2 87
8 3 95
10 7 280
4 10 299
10
3 2 192
2 5 32
7 2 55
2 10 271
7 6 182
10 1 123
7 8 261
9 6 177
4 8 130
10
9 7 73
4 7 50
2 4 221
10 4 145
7 5 118
10 8 9
3 10 262
2 6 99
1 2 55
10
10 6 145
1 10 162
6 5 124
1 8 210
9 6 220
3 1 233
10 2 258
7 6 270
4 8 203
10
8 4 26
9 8 59
7 4 295
2 8 200
7 3 167
9 6 220
1 4 212
7 10 140
5 7 95
10
4 7 1
4 9 5
6 4 86
6 1 2
3 9 57
1 5 46
2 6 167
8 7 126
10 6 32
10
8 3 146
6 3 265
6 9 160
5 9 198
2 3 166
1 2 42
3 10 43
9 7 71
3 4 267
10
4 1 251
1 10 214
10 2 217
10 5 210
5 3 59
4 7 128
1 8 175
4 9 148
6 9 128
10
8 3 1
4 8 12
3 6 56
5 3 110
6 9 106
3 10 139
5 2 216
6 1 97
7 10 120
10
5 2 205
5 6 222
10 5 294
10 8 154
6 3 144
5 1 38
6 7 115
3 9 95
4 6 18
10
6 7 96
7 3 249
6 5 230
2 7 292
9 3 240
8 5 169
3 10 84
4 10 252
8 1 44
10
7 8 144
4 7 4
8 6 169
2 7 252
4 5 267
1 5 69
5 10 204
3 5 239
9 1 12
10
9 2 154
8 2 159
2 1 182
8 4 300
3 2 91
2 7 172
8 10 5
4 6 189
7 5 173
10
3 10 116
10 9 244
10 4 171
4 1 77
9 5 225
6 5 129
3 2 298
7 3 262
2 8 191
10
1 10 274
10 7 126
3 10 183
9 1 51
2 3 32
4 1 32
7 6 35
5 10 87
8 4 241
10
3 5 57
5 9 39
9 4 274
10 9 4
9 8 62
2 3 88
1 2 117
7 4 241
6 8 163
10
4 3 146
2 3 64
7 4 8
6 2 298
3 10 89
6 8 247
5 10 171
9 6 255
9 1 181
10
5 10 156
6 5 258
2 10 57
5 3 59
8 10 261
3 4 6
4 7 59
1 3 182
8 9 21
10
3 10 17
3 1 68
10 4 157
9 4 66
8 3 70
8 2 191
8 7 90
2 6 43
5 3 58
10
9 4 183
1 9 260
9 5 257
5 7 182
8 1 198
2 9 208
1 6 65
7 3 89
10 6 228
10
9 3 127
8 9 286
1 9 86
5 3 28
4 5 212
10 9 152
6 10 47
2 6 148
1 7 154
10
8 10 149
2 10 113
7 2 234
2 4 157
2 1 22
3 4 272
1 5 204
6 4 275
9 4 89
10
1 3 236
6 1 163
6 4 37
10 1 206
4 9 23
7 10 145
8 10 193
5 8 137
9 2 36
10
1 6 165
1 8 288
4 1 46
5 4 93
9 4 153
2 6 51
5 10 277
7 5 115
3 5 282
10
7 3 161
6 7 100
7 10 209
10 1 88
4 3 110
9 1 78
4 5 173
1 2 227
7 8 184
10
8 9 178
4 9 55
1 4 235
7 9 30
8 10 68
8 2 34
9 6 23
1 5 241
9 3 11
10
10 1 213
3 10 231
10 6 194
3 9 16
4 3 7
5 4 196
8 10 201
6 2 67
2 7 190
10
2 3 82
9 3 148
1 3 107
5 1 29
8 9 159
8 6 285
3 4 199
4 7 259
10 7 243
10
2 9 255
9 6 149
6 8 253
3 8 111
1 3 235
5 6 18
10 2 64
5 7 77
4 7 85
10
9 3 186
8 3 288
1 3 13
7 1 128
4 9 94
10 8 38
8 2 167
7 6 66
1 5 28
10
8 6 193
5 6 298
10 8 150
5 7 93
10 3 105
9 5 71
9 4 235
1 8 197
2 6 120
10
6 7 143
5 6 81
5 8 69
3 8 161
5 1 157
9 6 167
10 7 169
4 5 22
1 2 268
10
4 10 1
10 3 288
6 3 62
3 2 91
8 3 196
10 7 71
4 9 129
1 6 120
9 5 199
10
10 8 84
8 1 118
5 1 166
10 2 94
3 10 46
9 10 47
9 6 46
1 7 64
10 4 211
10
9 6 27
6 10 94
6 4 105
8 10 108
9 2 31
3 4 78
4 7 172
6 1 74
10 5 295
10
2 1 68
4 1 239
2 3 82
4 10 54
7 4 66
6 7 238
4 8 286
8 5 139
9 5 95
10
5 9 205
9 8 246
5 6 115
5 1 37
3 1 117
8 2 82
8 7 117
1 10 142
4 10 123
10
7 5 64
4 7 203
4 1 41
5 2 277
8 1 287
3 2 55
3 9 34
10 4 271
5 6 229
10
6 1 130
1 4 81
7 1 261
3 7 256
10 4 74
1 2 44
5 6 139
7 9 13
2 8 262
10
5 8 268
5 6 162
9 5 233
8 10 258
3 5 118
9 2 204
2 1 220
2 4 17
7 6 214
10
6 9 292
7 6 181
6 1 207
4 7 109
6 3 181
8 9 239
6 5 299
2 7 7
3 10 10
10
9 6 88
10 9 225
3 9 269
2 10 24
5 6 215
8 10 62
1 5 12
7 5 1
1 4 194
10
5 8 14
9 5 61
7 9 15
6 5 286
3 9 225
5 1 265
2 8 97
10 7 247
4 9 291
10
10 8 121
5 8 281
1 10 40
8 9 212
7 8 89
10 6 37
4 10 219
2 5 30
3 9 17
10
6 10 164
10 7 84
2 7 133
2 9 274
6 5 105
7 8 300
5 4 188
1 8 149
3 6 204
10
1 8 18
8 6 101
1 5 293
10 1 26
3 10 226
4 3 99
1 7 271
8 2 124
9 6 283
10
8 1 265
8 2 101
2 10 4
1 6 269
2 7 182
4 7 95
2 9 269
10 3 119
4 5 17
10
6 10 237
3 10 293
6 5 178
5 9 38
9 7 283
2 3 230
1 9 100
7 4 148
2 8 167
10
3 5 234
3 10 272
8 3 45
5 6 82
9 10 104
10 4 220
3 7 205
4 2 201
1 9 211
10
10 5 82
8 10 247
1 10 217
3 10 43
4 10 68
10 9 83
8 7 261
2 3 134
6 8 267
10
2 8 298
1 8 285
2 4 149
1 6 239
5 8 38
8 7 139
7 9 293
3 6 91
10 3 29
10
3 7 267
6 3 60
1 6 14
5 6 153
7 4 78
8 5 11
2 6 25
4 9 56
10 7 55
10
7 6 265
1 6 108
3 7 65
2 3 13
8 2 133
2 9 133
3 5 100
10 2 121
4 6 221
10
2 5 291
3 2 38
2 8 149
8 1 9
5 4 16
10 5 244
10 6 175
8 7 3
9 5 87
10
9 4 56
8 9 95
9 6 47
9 3 160
2 4 275
4 7 165
5 4 45
8 1 30
10 6 230
10
4 9 82
2 9 189
9 10 118
5 4 178
2 6 24
1 2 10
7 5 241
8 9 40
9 3 83
10
2 9 261
2 3 30
2 5 143
9 7 134
5 4 59
1 5 231
6 7 288
1 10 79
1 8 242
10
2 1 120
1 9 129
9 3 58
4 9 235
10 4 263
2 6 82
5 6 298
7 6 39
1 8 30
10
2 10 77
6 2 239
6 3 113
5 6 158
10 4 239
3 8 145
7 8 48
8 9 172
4 1 9
10
3 1 72
1 9 102
3 4 162
4 2 138
7 4 202
2 6 34
4 8 280
4 5 209
10 5 155
10
1 6 141
6 5 55
6 3 149
4 3 122
3 7 291
5 10 214
2 6 62
5 9 235
8 4 276
10
6 8 83
8 9 165
8 2 3
10 2 6
4 9 294
9 3 170
1 6 77
5 10 15
3 7 298
10
2 8 295
2 1 288
9 8 87
9 3 19
4 9 120
3 7 144
8 6 166
10 7 69
7 5 136
10
2 9 64
9 6 170
2 7 182
2 3 139
5 3 276
5 1 219
5 8 121
4 2 12
5 10 275
10
5 6 173
5 2 126
2 8 89
8 10 247
7 10 267
7 1 52
4 6 286
3 2 213
9 1 112
10
9 4 218
8 9 51
8 7 179
10 8 86
9 5 49
6 9 165
9 1 200
6 3 195
2 7 116
10
5 7 10
5 4 227
4 2 237
4 1 249
7 6 300
9 5 63
10 1 300
8 10 81
3 10 30
10
3 6 184
6 4 208
2 3 54
3 7 185
7 9 291
4 5 197
6 8 200
10 5 211
1 7 158
10
6 2 226
2 9 140
1 2 149
1 10 231
4 1 251
3 1 137
8 9 29
4 5 164
7 1 44
10
7 5 64
7 9 10
7 2 294
9 10 166
9 4 92
2 6 36
8 10 54
1 10 272
3 4 226
10
6 3 186
6 10 225
2 10 179
10 7 71
2 9 131
3 8 235
1 8 179
2 4 118
5 10 89
10
5 2 136
4 5 252
1 5 112
10 4 254
2 7 32
9 10 199
6 9 278
3 6 127
8 10 116
10
6 2 52
4 6 162
9 4 265
6 7 175
3 7 178
6 1 220
2 5 80
8 1 32
1 10 11
10
6 1 233
3 1 164
1 10 293
9 3 52
6 7 153
1 5 183
9 2 252
3 4 206
3 8 122
10
9 10 135
9 1 155
9 3 245
6 3 298
9 2 206
1 8 223
4 3 45
4 7 179
8 5 258
10
5 8 203
9 5 61
3 9 282
3 6 43
3 4 154
9 7 35
2 8 51
9 10 6
1 10 173
10
9 8 162
5 9 195
8 7 173
6 7 104
2 5 277
3 8 249
8 1 51
10 8 222
4 8 248
10
6 2 299
6 10 299
4 6 5
9 4 231
1 6 85
1 3 172
6 8 92
10 7 289
8 5 53
10
10 8 183
6 8 223
8 4 239
9 10 215
10 1 10
9 3 263
2 10 30
9 5 63
6 7 135
10
8 5 189
8 1 114
1 7 278
7 2 41
1 3 261
4 8 138
6 4 82
7 9 220
10 3 173
10
4 3 135
10 3 241
8 3 127
6 3 118
3 2 98
1 3 203
7 10 157
4 5 10
2 9 138
10
10 1 37
1 7 63
10 9 178
6 7 144
1 3 191
2 9 197
4 10 20
5 9 182
8 6 69
10
4 10 100
1 4 273
4 2 148
1 6 286
7 4 226
4 8 211
5 6 171
3 10 78
2 9 50
10
4 7 276
4 5 60
4 8 203
6 8 287
10 6 237
10 1 157
7 2 18
4 3 114
9 4 102
10
7 2 253
2 9 57
9 3 47
4 9 4
7 10 108
6 10 224
8 4 66
1 7 255
2 5 8
10
2 7 160
7 3 27
3 9 45
3 6 180
5 9 236
5 8 210
9 1 117
4 7 133
10 6 183
10
9 2 28
2 10 131
5 10 20
8 5 137
7 10 214
1 8 237
3 2 69
4 2 26
6 10 213
10
6 9 272
6 2 243
9 7 181
10 2 76
5 6 298
2 3 78
7 4 89
1 3 2
10 8 295
10
6 3 272
3 9 91
9 2 177
2 5 214
9 7 159
5 4 132
1 9 192
1 8 156
10 9 186
10
9 3 244
7 9 179
9 10 160
6 7 243
5 9 69
2 6 225
2 4 174
6 1 239
8 10 125
10
4 2 103
2 7 184
8 4 24
6 4 197
2 3 130
4 10 199
3 9 52
1 3 141
5 1 27
10
5 9 275
5 10 295
6 5 164
4 5 169
10 7 240
9 2 186
7 3 180
8 5 177
7 1 163
10
6 2 277
10 6 253
10 1 208
1 7 28
9 1 296
7 4 210
8 9 14
10 3 207
10 5 203
10
3 1 200
1 9 73
7 1 61
5 1 139
6 9 120
9 2 52
10 9 282
8 3 19
4 7 243
10
10 8 107
8 1 292
7 8 266
5 7 215
2 8 41
4 7 94
3 4 151
3 9 67
5 6 189
10
3 1 49
1 2 107
2 9 95
3 4 181
5 9 144
4 6 245
2 7 269
10 1 186
8 4 34
10
2 8 202
2 9 144
9 7 98
10 9 59
7 6 99
3 8 124
2 5 196
10 1 181
4 5 233
10
6 1 205
1 5 128
7 6 183
4 1 119
8 4 86
1 10 130
2 6 261
3 6 132
5 9 53
10
7 10 211
7 1 132
8 1 119
7 4 43
8 6 196
2 4 300
9 10 151
3 1 225
5 3 280
10
8 1 94
1 7 276
1 10 41
10 3 263
4 3 145
6 10 184
9 1 93
5 10 184
1 2 292
10
2 5 51
9 2 89
6 2 36
9 4 230
4 3 96
2 8 152
6 10 208
7 3 41
6 1 26
10
5 4 79
6 4 116
4 10 34
8 5 243
8 7 291
4 9 236
8 2 280
8 3 83
3 1 193
10
2 7 86
2 10 141
1 7 233
2 3 171
7 6 198
7 5 119
9 10 154
8 7 111
9 4 122
10
7 6 259
10 6 256
6 1 263
2 1 190
3 1 139
4 7 118
10 9 59
8 1 87
9 5 54
10
7 3 159
7 5 3
7 8 201
7 2 14
3 9 57
3 10 48
9 4 140
1 10 30
6 4 40
10
4 1 274
1 9 28
2 1 51
9 5 21
9 10 166
6 9 28
8 10 238
3 9 129
2 7 105
10
7 6 9
3 7 11
7 10 102
8 6 226
7 4 60
1 8 156
3 5 141
9 10 112
2 10 142
10
9 7 175
9 1 268
7 5 273
6 5 32
3 5 129
3 8 145
8 2 127
6 10 126
4 9 80
10
9 6 225
3 9 206
2 3 269
9 10 135
6 1 140
7 1 57
4 2 164
8 6 216
5 1 103
10
2 8 198
6 8 237
9 2 290
7 8 193
10 7 195
1 9 254
9 4 252
1 3 167
5 3 78
10
6 9 200
9 5 58
5 7 53
7 8 50
2 5 16
6 4 70
4 3 113
9 1 296
2 10 154
10
2 5 86
2 8 289
6 8 130
6 7 138
4 2 104
9 8 8
10 8 32
9 3 152
9 1 31
10
9 5 121
9 10 271
2 5 156
2 1 19
7 2 198
6 5 156
8 10 49
7 4 89
3 10 22
10
7 3 46
7 9 228
10 3 29
7 1 293
10 5 205
8 5 123
6 1 261
4 5 291
2 7 288
10
9 2 280
5 9 221
5 8 58
6 9 109
4 8 111
3 8 33
4 1 132
7 2 178
10 2 25
10
10 3 300
10 4 29
3 9 59
8 9 294
9 5 293
9 6 159
2 8 146
2 1 176
3 7 134
10
7 10 146
7 1 178
7 5 72
1 2 8
1 4 293
1 6 275
7 8 256
9 10 114
3 5 284
10
7 1 99
8 7 282
8 9 138
5 1 222
7 4 266
7 3 19
10 9 11
2 10 178
9 6 2
10
4 1 199
4 8 96
5 4 217
4 6 266
3 1 33
4 9 253
5 2 246
3 10 74
1 7 244
10
1 6 197
6 3 42
1 2 297
7 1 127
4 2 232
4 5 70
8 7 295
3 10 193
9 3 129
10
9 6 2
4 6 124
3 9 191
6 7 139
1 4 247
2 7 105
5 2 207
8 9 277
5 10 240
10
10 1 279
1 3 135
4 10 213
10 5 159
3 8 40
9 5 200
6 3 166
1 2 49
7 10 217
10
9 8 265
6 8 61
8 10 75
9 4 56
9 3 193
5 6 275
2 3 244
3 1 63
3 7 171
10
9 1 165
9 5 128
5 2 173
5 6 113
1 7 255
5 10 175
5 4 88
5 8 119
9 3 291
10
2 5 126
2 6 79
9 2 95
8 5 153
8 10 221
4 10 178
3 4 162
3 7 167
4 1 212
10
2 3 122
2 8 115
8 9 26
2 1 26
8 4 86
10 3 213
4 6 37
5 1 180
10 7 44
10
6 8 169
6 2 6
9 2 123
6 1 130
5 8 258
4 1 170
4 10 15
7 5 260
3 7 116
10
7 3 58
1 7 194
7 2 1
7 6 137
5 2 36
6 8 79
9 6 183
10 2 46
4 5 24
10
5 6 214
5 1 9
5 7 117
10 1 215
4 10 55
3 4 279
3 8 101
5 2 85
9 2 258
10
2 10 158
2 5 157
8 10 209
3 2 198
1 5 224
7 3 279
9 3 209
4 8 212
6 2 234
10
6 2 7
10 2 185
8 6 210
4 8 215
7 10 226
10 9 122
2 1 35
5 4 275
8 3 108
10
1 2 273
10 2 278
7 2 145
8 10 213
5 1 55
1 3 182
4 5 125
6 8 285
6 9 29
10
8 5 37
5 6 66
3 5 21
7 5 183
4 8 58
8 2 159
9 3 227
2 10 162
9 1 2
10
6 7 113
1 6 234
3 7 125
4 1 198
3 8 212
2 6 171
9 4 80
5 6 208
10 1 80
10
7 8 222
7 9 181
3 9 259
2 3 156
4 7 194
6 9 165
10 9 220
5 10 190
7 1 195
10
9 4 45
9 1 55
5 4 16
5 2 160
5 7 34
6 1 223
8 7 125
10 6 251
3 1 271
10
10 7 269
4 10 73
6 4 285
5 10 11
5 2 240
10 3 6
1 10 260
8 4 208
3 9 299
10
10 2 86
2 3 211
2 7 38
8 10 170
6 10 283
5 8 223
4 7 211
8 1 47
6 9 275
10
10 8 207
10 3 96
4 8 292
5 10 294
5 9 105
10 7 115
1 7 158
7 2 146
6 10 280
10
6 3 141
3 4 97
4 2 193
10 4 152
6 9 192
3 8 248
1 10 98
2 5 291
10 7 229
10
1 5 158
5 9 173
7 5 65
7 10 74
8 10 65
6 9 47
8 3 141
4 8 100
8 2 170
10
8 5 300
5 6 53
8 1 48
10 6 292
4 10 41
9 1 231
9 2 276
7 1 279
7 3 251
10
1 3 238
3 2 1
2 8 144
2 4 221
9 4 219
7 8 125
7 10 164
5 9 122
6 7 69
10
9 8 83
8 4 28
5 4 154
10 8 24
3 8 251
8 6 11
1 4 268
7 4 215
2 5 198
10
7 6 180
8 7 70
2 6 230
7 9 5
3 9 205
6 5 122
4 2 176
1 3 251
6 10 225
10
5 10 2
10 9 292
1 9 199
5 2 241
9 6 3
4 9 44
1 7 241
8 7 265
3 9 52
10
8 9 271
8 7 282
9 3 292
10 7 178
6 10 131
1 3 163
4 1 219
4 5 282
2 1 41
10
7 6 189
7 9 221
2 7 200
8 9 100
9 4 68
5 9 62
3 8 135
9 1 274
6 10 87
10
10 4 175
5 10 12
3 5 159
4 6 258
2 3 51
9 10 208
10 7 82
8 2 191
2 1 206
10
8 1 171
5 1 76
10 5 240
1 2 289
4 8 188
6 2 268
7 2 2
7 3 88
9 2 174
10
6 7 156
7 9 197
9 1 146
9 4 248
2 1 152
10 2 76
3 4 154
8 1 46
5 8 140
10
3 2 251
9 3 290
2 8 221
1 2 190
2 6 103
5 1 170
3 7 86
9 4 150
10 5 68
10
7 1 82
7 2 131
7 5 43
4 1 69
4 9 257
8 5 177
6 5 1
4 3 5
4 10 158
10
3 10 236
3 6 182
10 4 173
4 9 225
2 6 97
8 9 235
10 5 3
1 4 211
7 6 128
10
10 3 131
2 3 223
10 9 229
10 6 281
10 4 172
8 3 142
1 6 268
6 5 180
7 10 254
10
9 1 154
4 9 111
3 9 35
1 10 133
6 10 270
10 5 50
2 9 55
8 4 217
3 7 179
10
10 1 260
2 10 30
7 2 102
9 10 55
2 5 8
7 3 18
9 8 195
6 9 248
3 4 37
10
4 10 16
8 10 188
8 6 291
5 4 166
5 9 165
5 2 259
10 3 127
10 7 145
4 1 64
10
6 2 260
4 2 193
10 4 123
8 6 282
2 3 184
6 1 120
7 2 164
6 9 258
9 5 209
10
4 7 169
4 8 173
1 8 244
2 8 59
5 8 276
4 6 80
2 9 188
3 5 166
6 10 237
10
5 10 71
5 2 175
6 5 240
6 8 251
7 6 167
4 10 212
5 3 280
1 5 145
9 4 285
10
4 3 137
1 3 76
4 6 287
10 3 262
7 6 119
1 9 81
5 4 47
3 8 265
1 2 161
10
1 9 6
6 9 152
7 1 65
4 9 189
1 3 130
5 1 255
3 10 151
6 8 90
8 2 177
10
10 3 251
7 3 244
7 5 28
5 8 6
7 9 145
3 4 183
2 4 11
6 9 239
1 9 102
10
10 7 256
8 10 282
9 10 5
8 3 124
5 9 289
6 7 57
4 3 10
5 1 162
6 2 210
10
1 3 108
1 10 111
5 3 182
2 1 49
1 8 222
9 5 288
2 7 246
1 4 65
7 6 292
10
2 9 227
3 9 187
7 2 165
7 1 43
2 5 294
9 8 283
6 1 128
10 3 14
4 2 287
10
7 6 174
6 9 177
3 7 204
3 10 81
7 2 271
4 7 255
4 5 230
10 8 279
1 8 273
10
2 1 91
1 5 242
1 6 94
1 3 215
2 7 11
7 4 54
7 10 295
5 8 62
9 5 205
10
7 10 269
10 2 76
1 10 101
6 10 187
1 4 101
10 3 182
5 4 233
10 8 7
9 2 37
10
3 1 185
1 10 207
1 8 295
9 10 114
9 6 245
7 10 15
1 4 72
10 2 222
8 5 169
10
6 1 141
3 1 74
8 6 131
1 10 43
5 10 169
4 5 133
7 1 51
1 9 53
10 2 108
10
6 10 94
10 1 273
10 7 155
9 10 41
4 1 256
8 7 272
3 10 207
5 3 276
6 2 293
10
10 8 88
2 10 65
1 8 214
2 7 34
2 5 65
4 8 64
4 3 49
9 5 45
6 3 194
10
1 3 72
1 5 40
4 5 107
7 3 163
1 10 112
4 8 19
2 3 294
3 9 290
5 6 182
10
8 7 264
8 5 254
6 8 89
7 3 91
2 7 261
7 10 161
8 1 53
9 8 34
4 10 145
10
1 7 257
1 2 220
7 10 114
2 9 46
3 1 289
1 6 186
8 7 288
1 5 132
7 4 83
10
10 1 289
9 10 267
5 9 111
2 10 22
7 10 35
3 7 46
1 8 104
6 1 144
4 9 174
10
10 9 181
10 2 220
1 10 135
4 1 273
2 3 88
4 8 265
1 5 143
6 8 281
9 7 239
10
2 4 250
2 5 122
9 2 146
5 10 243
10 3 233
9 1 129
2 7 161
8 7 52
6 8 25
10
8 4 30
5 4 49
6 8 7
6 9 96
5 1 256
10 4 284
6 7 110
8 2 112
10 3 42
10
4 10 143
6 4 267
4 9 77
4 8 195
5 6 192
9 3 185
4 2 231
1 8 201
8 7 280
10
5 4 232
2 4 268
3 2 289
4 10 219
4 1 3
8 3 71
8 7 20
5 9 286
5 6 224
10
10 2 201
9 10 275
1 2 41
2 8 13
6 1 69
3 10 107
7 10 42
4 8 289
5 6 183
10
5 7 166
6 7 238
5 2 286
2 10 162
9 10 153
10 1 8
4 1 46
8 2 254
8 3 280
10
2 5 45
3 5 123
3 10 240
6 10 86
7 3 109
2 8 233
1 2 53
9 5 21
4 10 129
10
5 1 29
2 5 97
9 5 112
2 6 277
7 5 14
8 1 272
3 8 96
4 8 207
9 10 186
10
1 4 242
7 1 289
7 6 247
4 10 232
8 1 250
4 9 33
5 9 235
3 1 6
10 2 146
10
7 2 105
2 1 118
5 1 300
1 6 55
7 10 105
3 1 22
6 9 189
4 3 80
6 8 140
10
6 5 204
2 6 49
2 9 78
10 6 253
10 7 292
8 7 129
3 8 261
4 2 34
1 4 121
10
5 7 292
2 5 108
7 3 27
3 6 13
2 10 241
8 3 176
5 9 189
3 4 202
1 5 205
10
9 5 281
1 9 87
5 7 270
6 7 12
1 8 114
1 2 85
4 9 144
3 8 89
10 4 125
10
3 8 177
4 3 50
7 8 104
2 7 155
2 5 55
1 2 135
8 10 43
9 7 259
2 6 200
10
6 3 213
3 5 223
3 7 179
9 3 280
6 2 7
6 1 96
9 10 178
9 8 26
2 4 90
10
7 6 19
10 7 9
10 4 229
1 4 57
6 3 22
1 2 23
3 8 45
8 9 242
8 5 219
10
10 7 51
7 4 238
4 5 233
10 2 286
9 10 141
1 9 15
8 5 177
3 5 54
6 8 149
10
7 3 84
6 7 231
8 3 260
3 4 68
6 5 127
9 8 269
5 2 175
6 10 145
2 1 184
10
10 6 144
6 3 44
6 9 72
10 5 175
7 10 161
8 10 262
4 9 241
7 2 162
1 8 49
10
8 4 184
4 6 82
9 8 269
5 4 206
5 10 236
2 6 22
5 1 35
9 7 226
3 1 87
10
2 10 181
6 2 60
2 9 143
6 8 73
3 6 26
5 2 246
7 8 85
1 6 267
10 4 149
10
8 6 251
6 2 8
9 8 100
5 9 41
3 5 145
8 4 226
1 2 17
4 10 3
1 7 276
10
4 5 209
7 4 49
9 7 272
1 4 192
2 9 297
4 3 217
10 5 111
9 6 97
4 8 243
10
1 3 190
8 1 281
2 1 196
1 5 154
9 5 95
9 10 62
7 5 129
1 4 175
4 6 271
10
2 3 214
2 1 46
8 1 240
6 3 186
2 10 157
7 6 9
6 5 83
6 4 249
2 9 48
10
6 3 7
5 6 292
5 1 45
4 6 86
7 6 228
10 5 215
7 2 177
5 8 39
7 9 239
10
3 6 91
3 8 58
8 2 225
7 3 77
1 3 273
4 6 161
3 9 203
8 5 13
10 9 253
10
9 10 256
6 10 193
8 6 162
6 3 189
2 9 278
6 1 93
5 1 251
4 3 173
4 7 100
10
6 3 271
10 6 289
3 5 253
10 4 205
3 1 114
2 4 290
4 7 179
7 8 170
9 2 36
10
3 10 284
3 6 116
2 10 172
5 10 17
1 10 229
3 7 74
9 7 249
7 4 56
8 3 3
10
10 6 195
6 8 119
1 8 298
10 2 171
9 1 33
5 1 82
5 7 182
10 4 19
3 10 169
10
8 3 143
6 8 152
6 2 230
1 3 144
8 10 138
7 1 207
3 9 29
6 4 262
8 5 199
10
9 7 65
5 9 157
7 8 136
2 8 181
2 4 79
7 1 177
9 10 291
2 3 118
6 7 87
10
1 2 142
1 8 102
1 7 281
3 7 178
10 7 133
4 3 272
2 6 49
2 5 73
4 9 62
10
8 6 243
10 6 107
8 1 279
8 7 212
7 3 205
4 3 98
4 9 107
5 6 63
10 2 68
10
10 9 264
9 1 296
3 10 253
8 3 237
8 4 256
3 7 154
7 2 108
6 3 121
5 2 192
10
8 3 67
3 10 272
6 3 5
7 10 280
1 8 150
5 10 165
3 2 161
2 9 241
5 4 266
10
4 7 281
7 9 152
2 7 225
8 4 53
4 10 129
5 7 100
3 9 21
2 1 246
2 6 119
10
10 5 134
5 4 153
4 2 207
4 1 183
9 5 162
1 7 42
9 8 261
1 3 93
6 8 178
10
2 4 281
4 10 40
10 7 283
8 4 115
7 1 123
3 8 5
5 1 240
9 1 105
6 7 3
10
4 6 255
3 6 74
5 4 225
6 7 69
4 10 199
8 3 281
1 4 265
9 7 194
9 2 32
10
5 3 174
6 5 1
4 3 76
9 5 34
9 2 3
9 7 94
5 8 277
10 4 53
2 1 143
10
9 8 152
8 3 27
2 8 37
2 10 289
5 2 53
4 10 159
5 7 177
6 5 67
1 5 247
10
10 7 246
10 2 106
1 2 169
9 2 103
7 8 201
10 6 209
5 1 138
8 3 197
4 2 213
10
3 4 277
4 7 106
4 9 206
3 2 264
2 6 259
9 8 278
1 8 264
10 6 188
3 5 265
10
3 2 137
2 4 257
3 7 200
6 2 239
7 9 50
1 7 218
10 1 92
2 8 74
9 5 146
10
1 6 28
1 7 57
1 4 78
4 2 132
1 8 129
8 3 163
8 5 294
6 9 296
10 5 283
10
6 1 190
3 6 181
3 10 123
8 10 160
3 4 48
10 9 249
2 6 89
6 5 99
5 7 241
10
1 5 231
5 6 160
3 5 14
5 4 180
1 8 145
6 9 59
6 10 173
7 5 2
2 10 194
10
9 7 156
7 3 229
6 7 158
7 4 175
8 4 57
5 6 16
2 8 241
1 5 202
5 10 105
10
10 3 138
5 10 281
1 3 190
7 1 195
1 8 170
6 8 93
9 10 298
4 1 217
5 2 267
10
6 9 188
3 9 179
9 7 278
10 9 80
10 2 191
9 5 138
4 9 196
2 8 172
9 1 291
10
7 5 78
10 5 130
10 9 171
4 7 265
3 5 177
3 1 282
6 3 58
8 3 31
9 2 135
10
9 8 252
9 5 65
1 9 79
1 4 251
7 4 158
1 6 118
2 6 213
7 3 38
10 5 37
10
1 5 206
1 2 41
2 6 193
3 6 266
3 8 55
9 2 225
4 3 296
3 10 80
7 4 140
10
9 6 233
9 8 205
1 9 21
7 6 86
2 1 9
6 5 263
7 3 210
10 5 108
4 5 227
10
5 7 172
9 7 45
2 9 94
8 9 240
10 2 52
1 7 156
2 6 60
4 2 73
2 3 249
10
2 1 97
1 4 37
4 9 127
4 5 35
3 9 233
6 5 94
3 10 86
7 2 179
8 3 136
10
5 3 199
10 3 222
10 1 277
5 6 39
3 8 26
7 1 292
5 9 162
4 1 245
2 4 230
10
1 6 215
10 6 117
1 2 246
4 1 293
1 5 112
1 7 169
7 8 273
9 6 137
4 3 10
10
4 2 66
4 8 300
8 7 3
2 6 63
3 6 95
5 2 282
10 6 29
10 1 7
9 4 229
10
4 10 13
7 4 229
10 3 224
10 2 294
7 6 36
1 2 266
4 5 211
7 9 77
8 2 113
10
10 5 231
10 1 35
9 1 153
10 4 122
10 7 94
6 10 64
5 3 78
3 8 61
7 2 252
10
8 7 161
8 4 184
7 5 50
8 6 262
6 9 155
2 4 21
5 3 249
1 9 123
5 10 58
10
7 1 156
7 3 190
4 3 119
5 4 25
4 9 215
4 6 45
8 9 28
10 9 216
10 2 2
10
3 4 262
4 1 19
2 4 222
6 1 215
2 5 121
2 8 188
7 2 261
1 10 37
5 9 279
10
7 6 139
7 9 182
7 3 11
9 4 19
2 9 36
1 6 296
5 6 153
8 9 217
1 10 154
10
9 10 57
2 9 248
9 3 156
7 10 135
7 8 155
6 8 221
2 5 236
1 5 250
3 4 292
10
8 3 93
2 3 173
2 6 151
3 1 260
2 4 62
8 7 87
5 4 49
2 10 16
9 10 85
10
2 8 184
6 2 202
2 5 136
2 4 28
8 9 286
5 7 91
9 1 168
1 3 22
1 10 93
10
6 2 125
6 10 153
2 7 116
10 9 237
4 2 298
7 5 30
3 6 14
8 6 95
1 2 27
10
5 6 235
5 2 243
5 10 251
5 8 231
1 8 268
1 3 27
1 9 215
9 7 193
4 2 23
10
8 10 33
2 8 27
4 8 156
8 5 292
4 6 157
9 10 252
1 10 205
2 7 90
10 3 112
10
8 5 240
9 8 53
3 5 183
5 6 174
1 6 106
4 8 95
10 8 164
10 2 75
5 7 157
10
4 7 14
4 1 208
3 1 217
3 8 267
9 8 291
2 9 158
10 8 283
5 7 281
6 10 162
10
9 10 169
10 3 247
10 8 9
6 8 158
4 3 125
1 4 66
5 3 215
2 8 271
5 7 296
10
8 4 169
5 4 195
9 8 199
9 1 175
5 6 178
6 3 119
2 6 34
9 10 160
7 3 140
10
7 1 256
2 7 68
1 4 207
2 6 294
2 3 125
8 6 170
10 2 153
5 8 280
4 9 8
10
6 2 214
2 9 15
2 3 247
7 3 274
8 2 78
7 5 2
4 5 38
3 10 234
1 9 210
10
5 6 211
3 5 288
7 6 72
2 6 271
6 4 160
2 10 104
9 10 139
8 10 49
1 7 58
10
4 5 52
5 8 239
5 10 191
9 5 161
8 7 157
3 5 104
10 2 181
5 1 230
2 6 150
10
5 3 230
5 6 181
3 9 88
4 9 30
5 10 8
1 9 115
3 8 229
7 4 166
5 2 168
10
7 6 111
4 7 91
3 4 1
10 3 278
5 3 46
1 3 288
3 2 197
7 8 76
9 5 259
10
10 4 167
3 4 293
2 3 101
2 1 299
4 6 275
4 7 172
3 8 174
5 10 28
9 3 217
10
3 6 4
3 4 285
3 8 262
5 8 235
1 5 289
5 10 21
1 7 258
2 7 121
3 9 113
10
3 2 144
2 5 69
9 3 5
3 7 136
5 10 250
3 1 90
6 5 206
8 1 143
4 5 82
10
9 8 176
9 4 96
4 2 3
4 6 195
4 1 165
7 6 94
6 3 287
10 9 211
5 10 59
10
7 3 211
10 7 159
3 9 291
3 6 86
8 3 88
10 5 58
3 1 169
8 4 51
8 2 49
10
1 5 134
5 7 131
2 5 252
8 7 1
4 8 74
7 9 170
3 1 190
9 10 241
1 6 274
10
5 2 107
7 2 169
6 5 103
8 7 106
5 10 64
6 4 104
7 9 39
7 3 30
1 7 274
10
8 6 125
5 8 282
9 6 37
2 5 181
2 10 107
9 3 41
6 7 184
1 9 131
4 8 65
10
9 6 195
2 9 130
5 9 111
6 7 106
7 1 81
6 3 77
8 6 70
6 10 175
10 4 168
10
2 8 265
2 9 37
1 2 31
8 10 293
7 9 48
2 3 218
1 4 50
7 5 33
2 6 57
10
3 9 129
9 6 116
3 5 33
3 10 227
9 7 103
10 4 242
8 5 192
8 2 298
1 9 223
10
9 4 163
5 9 222
1 4 234
4 2 254
2 8 286
7 5 205
4 3 214
6 7 182
10 8 111
10
9 3 192
9 4 2
2 3 213
4 8 118
6 8 143
9 5 253
2 10 146
7 6 243
3 1 201
10
8 2 42
8 10 42
8 4 48
10 7 167
9 2 281
5 9 143
6 4 166
1 6 120
7 3 32
10
5 3 272
4 3 287
3 10 293
9 5 188
2 4 242
6 4 151
1 5 23
7 9 147
3 8 247
10
10 9 108
6 10 174
10 1 139
1 2 21
8 9 139
8 4 112
3 6 138
1 7 170
3 5 281
10
7 10 120
2 10 263
5 7 245
7 6 165
4 6 193
8 10 182
3 6 299
1 10 5
3 9 111
10
6 1 225
5 1 164
6 8 252
4 5 1
7 4 78
1 3 48
10 5 98
2 1 296
2 9 192
10
8 7 6
2 8 156
4 2 190
2 9 188
3 8 135
8 6 37
1 4 245
1 10 214
5 3 25
10
8 4 185
4 7 121
3 4 259
8 10 152
1 10 126
2 3 15
5 4 7
6 7 17
2 9 179
10
7 1 120
6 7 1
9 1 246
10 9 230
10 8 52
9 5 193
9 4 33
2 10 300
6 3 184
10
9 7 228
9 1 270
1 5 3
6 5 64
6 10 77
4 7 279
10 8 215
3 6 143
2 1 41
10
7 9 110
9 5 143
7 6 209
1 7 46
6 3 192
2 1 102
6 4 284
6 8 128
9 10 212
10
7 10 20
10 5 136
9 10 213
6 9 279
10 2 288
7 8 135
3 9 12
2 1 195
1 4 72
10
9 10 250
7 10 168
10 3 23
2 9 55
8 7 20
5 8 137
6 9 23
4 7 57
1 4 131
10
4 2 161
2 10 159
5 4 17
10 7 204
2 6 39
2 1 54
9 10 63
2 3 200
10 8 17
10
6 4 90
4 1 164
3 4 200
4 9 126
9 10 74
7 4 105
8 10 14
5 10 152
3 2 91
10
7 2 176
8 7 247
2 1 207
9 8 299
10 8 187
2 3 135
8 4 83
5 7 13
6 3 103
10
3 1 197
10 1 231
5 3 51
7 3 257
2 5 251
5 6 169
10 8 91
9 2 214
8 4 72
10
9 7 108
7 5 148
9 10 285
8 10 53
1 8 245
3 10 68
9 6 81
5 4 226
4 2 156
10
6 2 203
4 6 196
10 4 221
4 9 206
1 6 247
5 1 11
6 7 20
4 8 278
3 10 58
10
3 10 245
1 10 84
5 3 69
10 9 286
10 4 21
2 5 261
7 5 113
4 8 147
6 9 178
10
2 8 90
5 8 92
8 9 21
4 9 31
6 4 23
5 10 47
6 7 159
2 3 64
6 1 296
10
9 3 168
3 8 49
9 10 56
10 5 92
7 10 34
4 3 208
4 1 276
2 3 149
6 5 276
10
3 2 272
3 5 259
7 5 112
3 9 250
8 5 66
7 1 113
10 3 216
10 4 36
3 6 63
10
5 1 87
9 1 96
5 2 261
2 3 289
10 3 47
5 8 60
9 7 170
6 10 92
4 8 287
10
2 9 289
9 10 209
4 10 6
1 2 86
3 9 282
2 6 193
5 1 111
8 4 283
7 8 298
10
10 4 269
4 1 61
4 2 25
4 7 86
9 1 207
8 2 12
1 6 74
10 3 294
8 5 280
10
9 3 128
3 8 187
4 3 76
1 3 292
9 7 213
9 6 271
5 6 113
7 10 158
5 2 14
10
10 2 32
7 2 285
6 7 119
3 2 98
6 5 141
4 7 77
8 6 94
4 9 288
1 10 68
10
3 5 264
8 3 51
10 5 203
4 5 254
4 1 83
6 5 259
9 3 195
1 2 244
7 4 155
10
1 10 236
1 5 265
5 4 202
6 4 222
4 2 240
10 7 171
9 1 142
2 3 96
4 8 33
10
4 10 7
4 3 274
3 9 60
4 2 72
7 10 189
2 6 252
10 8 263
2 5 175
1 6 120
10
5 6 35
5 9 196
10 6 237
1 5 157
10 3 120
10 8 6
10 4 109
7 4 7
7 2 198
10
5 4 221
4 9 200
7 9 1
2 4 212
8 9 106
8 3 21
2 10 38
8 1 99
6 3 177
10
6 1 223
2 1 292
5 1 44
3 5 258
6 8 242
10 2 280
2 7 126
8 4 133
9 10 136
10
2 7 277
1 2 132
7 8 219
8 6 159
2 4 47
6 5 62
7 3 238
9 2 147
6 10 38
10
7 6 272
6 3 247
6 1 211
5 3 278
7 9 219
3 10 58
10 8 205
2 6 69
4 5 57
10
4 6 216
4 1 172
2 6 30
6 3 96
10 2 9
9 1 214
2 8 273
3 7 294
7 5 298
10
4 2 205
6 4 206
4 9 37
8 4 270
4 1 288
7 8 261
5 8 283
10 2 93
1 3 84
10
6 4 82
4 5 286
10 5 187
2 5 90
1 10 237
8 6 52
1 3 27
4 7 33
9 5 57
10
4 1 90
1 10 153
10 2 218
10 9 277
10 5 204
7 1 125
10 6 10
5 8 19
3 6 300
10
4 7 153
8 7 37
8 6 159
3 8 147
4 10 8
3 1 14
3 2 114
2 9 288
7 5 14
10
10 4 14
8 10 228
9 4 266
5 9 180
1 10 112
8 2 19
7 9 157
10 6 177
3 2 168
10
10 5 49
5 9 163
8 10 222
4 8 134
5 6 193
2 10 191
3 9 84
5 1 275
7 10 207
10
7 2 200
7 10 144
8 10 221
8 9 14
3 2 206
9 1 285
9 6 90
4 9 252
6 5 61
10
2 8 97
10 8 38
2 7 36
2 3 107
3 5 198
6 7 155
9 6 172
4 8 87
1 7 249
10
7 4 208
7 9 50
8 4 297
6 7 30
6 10 84
5 8 199
10 1 158
9 2 198
6 3 185
10
3 10 210
3 1 125
1 8 109
9 8 183
4 10 120
5 8 233
3 6 216
2 8 89
3 7 69
10
4 7 243
3 4 237
3 9 294
4 8 59
5 3 121
2 4 138
6 4 259
10 4 21
6 1 218
10
2 9 33
9 7 283
2 5 81
5 1 277
4 2 99
7 10 250
3 5 24
1 6 232
8 2 227
10
2 4 80
4 3 288
7 4 102
9 3 255
2 5 184
2 8 218
10 4 55
6 3 20
1 6 12
10
8 4 137
3 4 282
4 7 251
8 10 107
7 9 95
9 5 195
2 3 293
3 1 256
1 6 76
10
4 8 195
4 7 140
7 10 261
5 10 230
2 8 185
1 5 2
6 7 76
3 4 219
2 9 29
10
3 10 5
6 3 165
3 1 8
6 4 279
1 2 240
7 4 123
1 9 90
8 6 237
1 5 128
10
4 10 292
10 2 119
8 10 4
9 10 23
7 10 2
9 1 249
1 5 181
6 7 187
3 9 238
10
5 1 281
2 1 80
1 7 93
3 2 109
9 1 256
9 8 177
7 6 21
7 4 117
7 10 130
10
3 1 222
3 9 254
3 8 209
5 3 140
8 4 294
4 7 154
10 1 276
6 7 83
7 2 100
10
3 9 145
3 7 79
5 3 61
10 9 192
2 7 292
4 5 206
4 1 255
4 6 109
4 8 284
10
4 2 20
2 5 227
5 6 115
6 7 83
3 2 4
8 5 212
9 6 188
3 1 196
4 10 28
10
9 2 214
9 10 235
2 7 74
9 5 88
4 10 265
1 4 162
3 7 288
6 1 46
8 4 94
10
1 2 34
2 9 48
3 1 14
2 8 15
1 7 55
3 4 297
6 9 231
5 4 169
5 10 206
10
4 7 262
9 7 178
1 9 143
1 10 27
10 8 227
9 6 11
2 7 156
10 5 99
3 4 97
10
3 4 49
7 3 25
8 7 156
5 8 201
6 4 297
9 7 58
10 5 169
4 1 118
5 2 69
10
10 4 157
1 4 28
1 8 299
2 8 154
10 6 64
5 8 113
8 7 190
9 7 181
3 6 165
10
9 2 212
5 9 101
2 3 16
4 3 247
1 5 264
8 5 169
10 4 276
6 3 159
1 7 257
10
6 4 24
8 6 11
4 7 145
1 6 167
6 5 15
9 4 55
3 4 74
5 10 290
2 8 155
10
4 3 244
6 3 27
3 8 163
5 8 107
7 6 245
10 5 85
10 9 39
4 2 55
9 1 148
10
2 3 64
4 3 177
2 1 78
2 5 134
2 6 295
9 5 214
10 1 207
7 3 23
9 8 82
10
8 3 225
9 8 129
7 8 225
8 5 167
5 6 178
9 1 269
10 8 278
6 2 73
4 8 87
10
5 2 29
6 2 54
2 8 53
9 8 85
5 10 221
9 4 267
3 9 140
1 2 196
4 7 6
10
10 8 131
3 10 94
2 10 232
8 7 163
10 5 111
1 10 79
6 2 105
4 7 262
9 2 59
10
6 8 138
3 6 277
4 6 23
7 4 236
3 2 224
9 8 214
10 8 252
3 1 256
5 10 87
10
2 10 133
10 5 14
2 4 6
5 9 120
7 9 128
9 1 261
9 3 80
8 4 217
6 8 95
10
5 7 280
5 2 12
1 2 84
2 9 119
5 6 231
8 5 130
8 3 186
10 3 75
9 4 127
10
4 2 148
4 8 12
5 4 299
2 6 88
7 6 292
8 3 63
1 7 208
10 3 152
9 8 60
10
3 4 173
4 9 263
4 2 242
4 10 17
8 2 271
6 3 2
1 2 227
5 2 16
7 2 36
10
8 3 274
8 10 122
6 8 46
8 5 163
5 1 80
5 7 166
9 5 58
2 6 35
4 5 207
10
1 8 169
2 8 28
3 1 194
8 5 171
9 2 35
4 2 213
4 7 162
6 7 141
10 5 131
10
2 6 152
1 6 226
3 6 22
3 8 256
3 7 206
6 9 186
5 2 218
10 1 110
4 7 246
10
7 6 186
10 6 209
4 6 261
5 6 268
4 9 32
3 10 8
8 3 290
2 10 141
1 6 91
10
8 6 97
5 6 83
5 4 60
3 6 144
3 9 228
8 7 186
10 4 263
10 1 181
2 5 130
10
9 3 225
10 9 278
10 6 244
7 6 70
1 6 129
2 6 213
7 8 295
4 7 288
5 6 200
10
4 5 281
5 6 135
4 10 37
6 7 12
3 5 28
7 9 34
10 8 65
5 1 243
6 2 153
10
2 1 79
2 3 67
2 9 250
10 2 131
4 3 183
6 3 194
8 2 66
5 2 192
4 7 294
10
8 6 145
10 8 2
7 8 74
5 8 239
1 6 81
4 1 62
9 10 2
7 2 225
4 3 283
10
10 8 46
8 1 129
10 4 128
2 10 13
9 1 60
5 8 280
6 9 270
3 5 87
7 6 49
10
9 5 73
9 7 129
4 5 252
3 7 131
8 5 72
4 1 208
1 10 262
2 9 31
5 6 226
10
5 3 186
5 2 95
5 4 140
3 7 210
3 9 143
8 3 145
10 5 252
2 1 283
1 6 242
10
5 1 268
10 1 65
9 5 275
8 9 229
3 1 118
3 7 74
8 4 291
2 4 25
10 6 71
10
6 10 164
8 10 169
4 6 89
10 7 150
9 8 236
2 4 273
9 1 205
5 8 280
3 1 249
10
5 8 73
6 8 221
9 5 163
2 6 115
4 5 277
8 1 249
1 10 140
7 6 52
3 9 172
10
4 10 224
9 4 299
7 9 148
5 7 48
4 1 240
7 2 218
2 8 174
3 10 187
6 9 140
10
2 7 55
7 5 196
8 5 255
10 2 53
10 1 212
2 4 161
9 10 107
6 10 109
2 3 101
10
2 4 139
1 2 238
10 1 123
1 5 282
1 6 87
7 6 117
8 7 203
6 3 177
5 9 206
10
10 2 92
2 5 140
6 10 29
2 1 114
10 9 98
2 7 26
8 6 260
3 7 203
4 3 241
10
4 5 299
5 7 258
7 2 222
8 5 53
10 4 131
1 2 7
9 2 232
9 3 58
6 9 238
10
1 7 31
1 2 116
6 7 150
10 6 79
8 1 221
8 5 204
3 2 205
2 9 254
4 1 292
10
5 8 26
5 9 234
8 6 297
2 6 208
4 5 162
5 10 270
5 7 118
3 10 293
8 1 82
10
5 2 128
9 5 172
5 7 128
3 9 274
4 3 8
10 2 144
4 8 145
6 10 191
1 9 65
10
1 8 30
7 1 89
4 7 132
1 9 18
9 2 83
8 3 237
10 1 288
6 3 298
5 10 177
10
1 3 58
3 2 251
1 8 148
1 6 279
2 9 195
4 3 127
7 8 83
5 1 173
10 9 203
10
3 9 192
4 3 157
4 10 14
8 10 33
4 1 136
2 4 43
5 9 297
5 7 70
6 10 46
10
4 6 136
5 6 243
3 4 221
6 8 76
9 3 272
7 6 158
2 8 23
3 10 297
1 6 224
10
8 7 204
9 8 98
5 7 152
5 1 268
3 7 65
8 10 139
3 4 141
4 2 52
6 4 59
10
6 9 27
6 5 299
9 8 279
9 1 292
3 6 196
2 3 278
4 8 238
10 2 276
5 7 294
10
4 5 13
5 3 185
10 5 268
4 8 72
7 3 143
5 6 265
5 1 164
9 3 65
8 2 242
10
7 3 32
4 3 270
8 7 163
3 1 127
8 5 300
10 7 298
6 10 25
10 2 108
3 9 93
10
6 1 140
6 2 50
6 4 183
6 3 119
8 4 266
10 6 145
5 10 8
5 7 163
9 7 69
10
4 10 10
9 4 77
4 6 3
10 2 201
2 1 57
7 10 123
3 10 209
8 9 71
7 5 124
10
4 7 17
4 2 103
5 2 196
5 6 90
2 8 175
2 3 24
2 10 45
1 4 87
9 5 268
10
8 5 237
9 8 269
7 5 141
9 4 172
7 1 146
5 2 190
4 3 1
1 10 195
7 6 16
10
1 5 260
1 8 181
8 6 208
1 2 196
5 7 185
3 1 53
9 7 119
3 10 77
2 4 120
10
5 6 172
6 10 38
10 4 82
3 10 154
7 10 84
6 1 3
10 2 101
3 8 293
3 9 278
10
6 1 127
1 3 113
6 9 91
10 6 190
5 3 123
8 9 106
2 5 88
4 10 58
7 3 254
10
3 7 62
3 2 266
6 7 283
3 4 253
3 5 143
7 8 48
8 9 189
3 1 149
10 1 190
10
1 8 105
8 9 48
4 9 198
8 10 227
3 9 91
3 5 199
2 10 291
2 6 84
6 7 131
10
5 9 180
5 1 300
1 10 131
6 9 179
6 4 175
9 7 79
6 2 49
8 9 114
6 3 151
10
6 8 114
5 6 13
8 3 13
2 5 239
10 6 70
10 4 234
3 7 49
9 2 263
1 8 262
10
1 4 30
1 6 217
1 2 195
9 4 150
10 1 205
7 2 158
1 8 4
6 5 249
6 3 175
10
5 4 124
6 5 256
2 5 196
7 2 202
8 5 143
10 4 175
10 9 78
1 10 277
10 3 231
10
6 7 203
7 2 98
2 5 170
6 8 29
4 2 227
10 6 207
1 6 48
1 9 219
4 3 275
10
9 4 65
4 1 123
5 4 298
5 2 10
4 10 134
7 2 174
2 6 119
9 3 261
9 8 89
10
9 8 84
7 9 138
4 8 154
9 2 151
8 3 116
6 7 239
7 1 57
7 10 125
5 8 74
10
4 10 63
10 5 98
7 10 193
5 1 62
3 4 265
3 9 205
10 6 107
3 2 206
8 4 298
10
2 3 64
1 2 184
4 3 23
4 7 99
9 1 87
10 2 195
2 6 39
9 8 110
5 3 228
10
9 6 202
6 8 127
9 4 203
1 4 87
5 6 164
2 5 15
7 2 294
3 2 44
10 5 49
10
6 8 272
6 2 270
8 7 101
7 9 16
2 1 210
4 7 104
1 3 132
1 10 6
7 5 77
10
3 4 170
4 9 6
4 6 149
6 5 86
3 10 91
9 8 119
10 7 218
2 6 27
1 5 90
10
6 4 82
4 3 252
6 10 260
7 10 203
7 1 7
8 10 148
5 10 74
9 3 118
5 2 212
10
2 9 162
6 9 213
2 7 79
10 9 163
5 7 226
6 1 197
10 8 32
4 9 112
3 1 79
10
9 8 235
8 2 157
7 2 223
10 7 108
1 2 64
8 5 257
6 7 92
9 3 147
7 4 72
10
9 4 64
3 9 155
4 7 12
9 8 27
1 3 68
6 1 248
5 8 216
10 9 18
2 4 130
10
5 3 145
10 5 152
5 4 51
5 8 263
7 5 110
1 10 295
2 8 90
8 6 139
8 9 95
10
3 8 267
3 9 274
7 8 70
5 3 197
6 3 55
4 5 30
9 10 3
2 8 8
8 1 290
10
7 10 258
1 7 64
7 6 238
6 9 146
3 10 40
9 5 152
6 4 223
4 2 160
8 3 134
10
3 10 112
10 5 118
2 3 64
7 3 270
6 7 248
4 6 112
1 2 243
8 7 23
9 10 57
10
3 10 110
5 3 6
4 5 125
8 3 16
3 7 185
10 1 198
2 1 9
5 6 249
8 9 241
10
1 4 222
6 4 265
9 4 18
8 1 172
6 5 283
2 6 156
5 7 12
10 9 165
3 2 195
10
9 6 259
3 6 55
10 9 187
5 9 270
4 9 235
5 7 57
6 2 189
2 1 85
2 8 249
10
8 1 292
6 8 230
8 9 45
4 9 297
8 10 72
6 7 137
9 5 265
2 5 22
3 10 159
10
3 4 157
3 10 13
10 9 152
7 10 145
8 7 3
1 3 116
4 2 84
5 7 246
2 6 133
10
2 9 235
9 4 254
9 5 132
6 9 132
3 5 282
10 2 159
8 6 109
5 7 148
9 1 252
10
10 4 174
6 4 35
3 10 52
7 4 175
4 2 248
1 6 190
1 5 228
9 6 264
9 8 273
10
2 5 204
5 1 33
2 4 252
10 5 18
10 8 21
4 9 52
8 7 21
6 7 248
9 3 50
10
10 3 85
5 3 231
5 7 58
1 3 51
10 4 232
1 9 173
2 4 38
2 6 147
5 8 233
10
7 3 178
1 3 139
8 3 184
8 5 127
5 6 134
10 7 157
2 1 256
9 2 257
5 4 83
10
7 5 143
7 2 208
1 5 287
7 3 129
2 4 92
3 10 43
5 9 80
10 6 182
2 8 25
10
7 4 253
7 1 250
5 7 285
1 3 263
4 2 38
2 6 286
5 10 77
9 6 109
8 7 37
10
4 7 135
4 2 2
4 3 141
7 8 29
5 3 185
7 6 68
3 1 89
10 1 134
9 2 166
10
8 7 264
10 7 277
6 8 182
10 4 204
5 6 241
6 3 194
10 1 26
8 2 228
1 9 155
10
4 7 141
2 4 29
4 6 74
2 5 97
5 8 201
2 1 12
3 7 194
6 10 258
3 9 74
10
2 5 188
5 9 175
9 8 247
5 1 215
4 8 63
1 10 8
3 8 276
4 7 293
9 6 286
10
2 9 132
9 7 282
2 1 13
9 3 246
10 2 21
7 8 237
2 4 146
1 5 260
6 8 292
10
2 4 209
4 8 280
4 5 285
4 10 220
10 1 90
2 6 298
3 1 56
6 7 24
9 6 151
10
2 3 33
6 3 218
1 2 93
10 3 9
6 5 128
6 8 275
8 4 234
10 9 295
7 6 71
10
6 10 16
4 6 24
2 6 239
4 1 226
10 9 152
2 7 97
8 1 144
5 1 183
3 9 140
10
9 5 244
9 4 1
9 2 145
2 8 230
2 1 188
8 6 6
8 10 22
3 2 72
7 2 130
10
7 1 197
10 1 215
7 6 264
3 10 117
4 1 166
5 1 272
10 2 235
9 10 84
4 8 177
10
1 3 244
1 6 47
2 3 208
3 4 137
9 2 37
5 9 128
9 10 266
3 7 25
8 6 172
10
6 2 270
9 2 215
9 7 221
8 2 231
10 2 174
3 7 18
1 6 4
4 9 41
5 1 247
10
1 4 248
2 4 244
3 1 66
4 8 73
2 7 150
10 3 234
4 9 211
5 3 142
6 2 206
10
5 6 214
10 6 61
2 6 124
6 9 220
10 7 76
3 7 131
10 8 84
2 1 256
4 6 103
10
7 4 43
10 4 202
9 4 62
4 5 245
6 10 101
4 8 25
3 5 285
9 2 31
1 5 235
10
6 8 258
10 6 183
1 8 193
7 1 34
5 10 268
2 1 41
9 10 82
6 4 60
3 6 31
10
6 3 106
3 5 123
10 3 67
5 4 86
9 3 136
6 8 235
1 3 297
2 1 61
3 7 88
10
2 3 288
5 3 121
2 4 272
1 4 68
5 7 211
8 4 17
10 1 82
7 9 218
10 6 268
10
5 3 19
3 6 54
3 9 30
4 9 217
7 3 26
8 6 248
9 2 187
10 4 150
2 1 295
10
1 4 66
5 4 115
4 2 182
9 5 99
10 9 207
4 7 83
3 10 115
4 8 151
8 6 299
10
4 6 113
9 4 33
8 9 299
4 5 88
8 2 11
6 3 212
1 6 268
7 4 57
4 10 207
10
2 1 88
1 3 181
3 5 199
1 9 137
2 7 275
4 3 59
2 6 210
1 10 39
1 8 181
10
1 2 80
4 2 179
2 5 51
2 6 298
6 9 215
4 7 269
1 3 54
4 8 152
10 2 282
10
2 8 178
5 8 243
7 8 96
8 9 215
1 9 194
5 4 15
10 4 248
6 5 99
3 4 158
10
5 8 147
9 5 61
2 9 69
5 3 61
2 4 61
6 5 285
4 7 107
7 10 156
9 1 166
10
1 6 68
6 4 139
2 6 191
6 9 256
4 3 241
8 3 49
6 5 28
6 7 275
5 10 225
10
10 3 127
3 9 94
9 4 92
1 4 272
9 8 221
3 6 151
8 5 12
1 2 261
7 8 252
10
3 4 20
7 3 264
8 4 247
7 10 217
1 3 61
1 9 24
6 7 225
2 8 134
4 5 7
10
7 9 221
5 9 99
5 4 116
10 5 208
3 7 117
6 5 271
1 6 231
10 2 37
6 8 114
10
4 5 153
1 5 51
7 4 34
5 2 255
5 3 137
8 4 40
3 9 294
4 10 110
9 6 142
10
4 6 8
2 6 238
2 8 236
5 2 69
7 5 277
9 2 127
5 3 121
10 2 129
5 1 39
10
5 4 239
3 4 9
7 4 142
7 10 237
2 10 32
2 8 239
9 7 208
3 6 184
1 5 29
10
7 4 68
1 7 112
6 4 144
5 7 68
6 2 41
8 6 117
9 6 192
10 6 146
3 8 285
10
4 10 212
2 10 204
7 10 121
9 10 175
6 7 11
9 1 101
10 3 185
3 5 155
8 2 229
10
3 4 173
5 4 117
5 9 33
10 9 226
4 8 238
6 8 293
2 9 269
2 1 236
7 1 22
10
4 6 271
4 10 108
8 6 46
10 9 247
3 10 253
1 8 266
2 1 92
1 5 94
7 8 210
10
7 10 62
7 3 273
10 5 67
10 8 260
9 3 197
10 1 285
8 4 143
6 7 87
2 4 44
10
6 4 232
10 6 193
10 1 129
2 4 238
7 10 294
7 9 287
10 8 237
1 3 68
5 9 76
10
3 10 158
10 9 244
6 10 96
4 10 286
2 4 89
10 8 179
1 9 203
2 7 41
2 5 298
10
6 1 242
6 10 51
8 6 208
2 6 216
10 7 78
6 4 58
5 8 291
6 9 246
3 9 249
10
4 2 26
2 1 237
10 4 146
9 4 4
8 10 25
5 4 26
3 8 278
2 6 238
7 4 172
10
7 2 140
6 7 34
9 6 111
7 10 45
1 9 98
10 8 48
10 5 52
3 5 54
4 7 220
10
8 6 118
6 2 245
6 9 41
2 7 221
8 3 202
3 1 148
9 10 254
5 1 180
6 4 262
10
2 3 152
7 2 126
2 1 262
2 6 12
3 4 166
9 6 196
1 5 185
6 8 173
10 2 296
10
3 4 106
1 3 121
7 3 242
5 1 243
3 8 297
1 10 295
6 1 297
2 4 146
9 10 289
10
9 5 256
4 9 20
2 4 168
4 1 102
7 1 163
2 8 272
4 10 212
9 3 297
6 10 254
10
1 9 129
1 3 38
4 3 184
8 9 107
1 10 62
3 5 186
9 6 12
7 10 202
2 10 118
10
7 3 289
10 3 8
10 9 252
9 6 100
3 5 61
5 4 286
9 1 212
8 6 251
2 1 262
10
4 7 266
5 7 111
9 5 48
1 5 224
9 8 45
10 5 180
3 8 209
10 2 22
2 6 188
10
5 2 300
8 5 282
3 5 104
8 7 125
10 5 52
4 3 91
9 8 13
5 6 150
1 2 66
10
5 4 167
1 5 119
5 9 159
2 4 185
4 3 268
7 3 58
6 4 175
5 8 154
9 10 6
10
5 8 252
5 3 185
6 5 67
9 6 138
9 7 113
3 4 107
9 10 193
8 2 125
1 10 291
10
10 3 81
1 10 75
8 3 288
6 1 202
3 7 220
6 2 248
6 4 69
9 3 56
5 7 228
10
3 9 240
9 10 197
9 6 53
5 10 151
8 5 188
2 9 40
4 10 191
7 9 9
3 1 131
10
3 1 21
3 4 281
6 4 143
4 10 39
4 9 59
7 10 105
8 10 173
5 4 149
2 4 274
10
2 10 50
3 10 16
9 2 123
5 9 140
7 2 199
2 8 274
5 6 251
6 4 132
2 1 214
10
6 5 294
2 5 1
10 6 221
5 9 294
2 1 95
2 3 254
10 4 300
8 4 174
7 3 300
10
3 6 217
8 3 90
10 6 192
3 2 60
1 6 185
6 5 92
1 7 281
8 9 215
4 6 65
10
10 4 203
5 4 170
10 8 98
8 7 300
4 6 241
6 9 66
9 3 46
1 3 178
4 2 105
10
2 1 29
2 5 296
1 4 18
2 10 214
4 8 143
2 3 47
3 6 114
4 9 98
7 6 104
10
2 7 193
5 2 217
3 7 46
8 5 242
4 5 177
2 1 40
4 9 178
6 4 121
9 10 184
10
2 1 62
9 1 84
2 6 30
7 1 201
7 4 46
8 1 296
3 6 85
6 5 147
10 5 169
10
3 2 20
10 3 165
6 3 282
3 9 79
4 10 168
8 10 208
8 5 115
5 7 79
1 2 195
10
7 6 280
3 6 240
6 8 65
2 8 226
10 7 140
2 1 94
6 5 56
5 9 19
4 8 124
10
9 6 232
8 6 229
9 3 90
7 3 82
8 2 220
7 5 225
1 3 210
6 4 39
7 10 99
10
2 10 6
10 6 184
8 6 55
1 6 262
9 8 145
2 5 63
5 7 137
1 4 29
8 3 171
10
8 1 42
9 8 246
9 3 106
8 6 78
1 4 195
2 3 178
5 2 106
7 2 294
3 10 215
10
3 2 85
1 3 284
3 9 211
3 10 199
6 10 99
8 9 80
4 6 274
2 7 64
5 6 123
10
2 9 56
9 5 116
3 9 116
8 5 23
3 10 215
10 7 244
5 6 86
4 10 33
1 9 145
10
6 7 180
7 4 163
4 3 184
8 3 60
6 2 38
9 6 166
4 5 20
8 10 170
8 1 154
10
4 5 46
5 9 52
2 4 60
5 6 10
8 4 152
1 9 108
10 4 28
9 3 70
7 10 189
10
3 6 95
8 3 180
1 8 290
6 2 33
7 2 227
8 5 163
2 4 187
9 2 199
10 9 35
10
8 1 52
8 4 95
5 8 279
2 8 220
4 3 235
10 1 40
3 9 59
1 7 285
4 6 261
10
10 4 118
10 9 209
10 2 149
3 10 148
5 10 87
8 9 75
2 1 11
7 1 188
9 6 160
10
9 6 246
5 6 212
6 4 124
4 7 268
7 2 287
7 1 240
4 3 172
7 10 144
5 8 29
10
4 3 164
4 8 18
4 7 295
7 10 165
8 5 210
10 9 174
7 6 31
2 5 54
2 1 181
10
8 2 83
2 3 106
7 8 235
9 7 187
1 7 166
10 8 296
5 10 195
6 10 49
4 3 224
10
9 2 43
1 9 297
5 9 21
3 2 38
7 9 6
5 6 128
8 3 102
8 10 223
3 4 155
10
4 3 174
4 6 13
6 2 59
5 6 50
3 1 178
7 5 280
8 1 135
9 3 273
4 10 137
10
7 1 23
1 9 163
2 9 162
9 4 152
7 5 118
3 1 106
9 10 21
6 10 21
7 8 21
10
4 9 57
4 5 280
8 9 195
3 8 267
1 4 261
7 8 263
6 8 66
10 4 296
8 2 87
10
8 4 50
8 9 23
10 4 280
3 9 223
5 4 38
5 2 190
6 4 275
1 9 285
5 7 188
10
3 1 220
8 3 175
8 2 30
3 6 167
5 1 23
5 9 12
3 7 142
4 2 88
6 10 2
10
8 6 34
4 8 118
1 8 199
3 4 20
3 2 277
2 7 142
1 10 249
5 6 32
3 9 14
10
8 1 262
4 8 213
7 4 287
9 1 243
2 1 151
9 10 251
2 5 198
7 3 299
4 6 121
10
1 6 256
5 1 57
1 3 39
3 7 153
3 9 51
8 1 63
10 3 111
4 1 201
7 2 248
10
10 4 73
2 10 294
3 4 69
3 6 295
7 10 223
2 5 147
1 6 241
3 9 114
10 8 66
10
7 4 163
7 3 289
7 9 79
6 3 138
2 7 189
10 6 293
7 1 47
6 8 239
10 5 80
10
4 10 134
3 4 265
5 4 170
8 4 102
3 7 47
9 7 222
4 2 16
6 4 277
1 5 284
10
5 2 100
2 1 288
9 1 294
6 1 134
8 9 109
5 7 287
7 4 296
3 1 109
10 6 270
10
4 3 70
5 3 143
2 3 71
9 3 109
9 7 56
1 4 164
8 3 251
8 6 44
10 1 198
10
7 5 287
1 5 274
1 3 68
10 7 192
10 4 145
7 2 253
5 8 118
2 9 11
6 8 224
10
8 1 226
10 1 45
8 5 49
1 9 101
10 3 2
8 7 52
6 1 25
5 2 72
4 3 101
10
2 9 79
3 2 187
7 9 229
9 1 111
1 10 47
9 5 281
8 10 60
4 3 74
2 6 72
10
5 8 59
5 4 130
8 9 247
2 4 94
10 2 238
1 4 211
10 3 104
2 6 33
7 10 237
10
8 5 159
7 5 178
6 7 18
5 10 293
2 6 249
6 3 138
2 4 22
9 3 145
1 3 211
10
6 10 274
10 2 189
10 7 250
7 8 30
5 8 246
8 9 133
6 4 54
1 4 178
3 10 148
10
1 3 204
9 3 164
8 1 19
4 8 215
10 3 49
3 2 7
9 6 29
7 9 169
5 3 300
10
2 4 196
3 4 26
3 9 10
3 8 21
7 9 258
6 8 91
1 8 70
5 1 288
6 10 98
10
8 3 74
3 10 139
7 8 290
3 9 250
9 6 277
5 6 135
3 2 91
1 3 137
1 4 159
10
10 6 100
6 4 161
6 8 197
8 5 139
5 7 30
10 9 82
2 4 112
8 3 257
7 1 292
10
1 5 144
9 5 147
9 6 149
3 1 78
6 4 268
10 3 249
4 7 213
2 3 7
8 4 219
10
8 5 243
1 5 78
1 10 161
2 1 221
1 9 37
1 4 173
8 3 166
3 7 281
6 7 233
10
6 9 225
8 9 273
8 7 111
4 7 72
3 9 232
1 4 159
5 3 179
2 6 93
5 10 96
10
6 8 192
8 4 278
3 8 198
2 3 204
5 6 197
2 1 221
7 1 242
2 9 97
1 10 48
10
10 5 68
7 5 167
2 10 175
1 2 256
9 7 132
7 8 150
6 8 111
1 4 79
3 8 300
10
6 9 161
6 7 147
7 5 30
9 2 204
8 6 211
9 1 275
7 10 160
7 4 183
3 1 246
10
3 2 15
9 3 133
7 2 90
7 6 32
1 7 261
2 4 125
9 8 221
10 7 295
5 10 225
10
1 10 121
6 10 68
2 6 35
10 3 4
1 5 35
5 9 106
7 10 40
6 8 299
7 4 24
10
2 3 282
9 2 112
9 4 4
9 5 109
7 2 201
7 10 134
6 3 289
1 9 79
8 7 68
10
6 3 64
6 7 296
6 5 161
1 5 225
2 6 22
5 9 260
10 2 284
2 4 202
8 6 66
10
8 9 254
8 6 91
5 8 274
4 8 52
5 7 240
9 2 80
9 3 48
10 5 120
1 6 190
10
3 9 1
4 9 254
8 9 53
1 4 185
4 7 191
10 3 53
7 2 66
8 5 53
6 2 122
10
4 1 279
9 4 251
4 7 263
2 7 89
4 8 176
6 8 48
3 2 7
10 4 19
5 9 156
10
5 1 116
1 6 283
1 9 127
9 2 151
8 5 193
10 6 76
3 6 81
7 9 101
4 3 51
10
6 10 238
10 9 284
3 10 51
9 2 210
6 7 214
8 3 125
9 1 49
4 7 180
5 9 264
10
2 4 246
1 2 248
2 3 77
9 4 264
6 3 105
7 1 3
1 8 178
10 7 109
5 3 271
10
3 6 84
10 6 249
5 6 151
5 7 225
8 6 179
6 4 91
4 2 111
1 10 33
8 9 7
10
8 10 135
6 10 127
4 10 135
8 7 217
5 4 264
1 10 80
8 3 80
2 6 158
2 9 156
10
1 9 180
7 9 119
7 6 280
10 6 149
2 6 15
9 4 104
1 8 194
5 4 123
3 9 198
10
2 10 20
10 6 263
10 7 285
5 2 298
3 10 76
4 7 156
8 5 38
1 5 238
2 9 229
10
6 2 52
2 3 18
5 2 7
10 5 120
10 7 165
10 8 19
1 7 290
7 9 120
4 5 102
10
10 2 29
10 8 67
4 10 2
5 4 257
10 7 160
1 5 108
9 4 133
6 2 261
2 3 155
10
5 4 89
8 4 240
1 4 207
4 3 179
3 7 120
10 3 119
2 3 177
4 9 9
6 9 74
10
6 5 195
6 2 57
7 2 34
5 4 183
7 3 139
5 1 47
7 10 144
9 4 70
8 5 272
10
3 2 246
7 2 292
3 1 74
4 3 244
9 4 50
7 10 284
7 6 289
8 2 294
5 8 241
10
9 6 96
6 5 153
9 7 37
4 7 196
4 10 197
4 8 280
1 9 99
2 6 198
3 7 264
10
2 8 52
6 8 216
6 9 51
2 5 2
10 8 196
3 8 100
2 7 113
4 6 145
1 2 196
10
6 1 97
3 6 279
8 3 166
2 1 120
4 3 137
6 5 78
5 7 169
10 1 7
9 8 33
10
1 8 173
4 1 102
7 8 172
8 3 41
2 8 38
10 7 208
10 9 54
3 5 225
6 1 42
10
6 3 161
1 3 196
1 4 25
3 10 182
7 10 42
8 10 146
9 10 120
2 9 109
5 4 254
10
10 7 267
5 7 142
5 3 50
3 2 73
6 3 138
4 5 296
8 2 289
1 10 245
5 9 133
10
5 10 137
7 10 178
6 7 194
7 3 272
4 3 210
2 5 207
2 8 30
1 7 6
9 7 300
10
6 5 263
3 6 272
6 7 294
3 1 177
9 3 175
4 3 234
2 5 183
5 10 65
3 8 219
10
6 5 194
8 6 175
6 3 124
10 3 246
7 8 160
2 7 88
3 9 120
1 8 212
4 8 126
10
1 9 224
10 9 266
9 3 65
9 4 215
5 1 146
5 7 216
10 8 202
8 6 258
9 2 245
10
1 6 180
6 8 109
2 6 300
1 4 21
7 2 170
3 7 35
1 10 140
5 3 65
5 9 282
10
1 2 148
9 2 114
1 5 293
6 5 268
8 5 55
6 10 204
7 5 111
4 9 115
3 8 182
10
9 5 43
6 5 174
1 6 278
5 8 48
6 10 65
3 6 137
8 7 92
4 10 218
2 8 61
10
9 1 285
2 9 83
2 6 1
1 3 267
9 8 279
4 2 225
5 8 221
10 5 185
7 1 254
10
6 1 147
1 7 115
10 1 240
9 6 169
4 10 254
1 3 229
8 4 78
6 2 68
5 2 238
10
6 10 47
10 8 26
8 7 88
7 9 40
1 6 92
4 8 176
4 5 102
3 1 105
6 2 59
10
9 6 136
10 6 15
10 8 13
6 1 119
9 2 250
7 10 170
5 8 13
7 3 44
3 4 5
10
9 5 129
10 9 38
9 2 206
2 1 79
6 10 100
2 3 136
4 10 111
4 8 29
1 7 253
10
7 3 192
8 3 128
8 4 19
9 7 194
1 9 123
5 4 125
5 2 279
8 6 225
10 4 87
10
9 7 94
5 9 138
9 2 239
5 8 272
9 3 288
8 10 73
10 1 139
10 4 274
5 6 164
10
4 2 149
2 10 217
6 10 144
5 2 234
6 7 166
3 10 72
6 8 274
4 9 18
1 7 137
10
1 9 142
4 9 290
9 5 14
1 8 141
4 10 4
9 3 154
2 1 129
7 5 165
1 6 194
10
6 9 87
6 5 131
6 7 56
10 5 8
8 6 140
2 7 140
3 5 299
2 1 116
4 6 266
10
3 6 151
6 5 297
2 6 54
4 5 67
8 3 184
7 2 231
5 1 261
7 9 196
5 10 11
10
8 6 229
6 2 47
8 5 183
6 1 242
5 7 73
5 3 234
10 7 176
8 4 196
10 9 77
10
1 9 172
3 1 151
5 3 299
6 9 189
2 3 243
8 5 31
6 7 154
10 2 161
4 3 147
10
1 9 20
9 3 178
3 10 76
10 6 40
8 3 289
3 2 153
4 2 130
5 4 183
5 7 34
10
1 2 107
2 7 246
8 1 230
5 7 286
8 10 244
2 3 29
9 7 123
8 6 172
3 4 286
10
5 10 280
10 4 87
2 4 70
2 6 120
1 4 121
10 7 4
10 3 12
9 5 32
3 8 84
10
9 8 236
5 9 13
8 4 57
9 3 234
8 7 149
3 1 296
6 1 1
4 2 282
10 5 78
10
6 4 288
6 8 57
2 8 1
1 6 217
7 1 224
4 9 54
7 5 47
2 3 30
4 10 168
10
4 1 291
4 3 169
4 10 62
10 7 63
6 7 236
3 9 149
4 2 93
8 4 82
8 5 230
10
7 4 174
4 10 117
5 4 19
6 4 271
6 9 139
10 3 17
6 2 199
1 4 54
9 8 172
10
9 6 225
5 6 209
9 10 80
9 8 101
7 9 276
8 2 176
4 5 85
8 3 133
1 9 292
10
9 6 200
9 8 76
4 6 258
3 4 79
1 3 106
9 5 102
9 2 259
6 10 280
7 2 203
10
3 8 292
3 7 251
7 2 50
3 10 209
6 8 145
10 4 186
1 8 114
5 2 154
9 4 255
10
2 9 37
9 7 162
7 6 279
7 4 25
2 1 151
10 6 238
3 9 128
5 9 193
8 4 18
10
8 5 189
6 5 176
1 5 192
1 3 220
6 9 116
4 8 230
7 8 8
10 5 199
2 10 61
10
9 6 37
6 7 175
8 6 65
10 6 116
2 9 90
5 7 180
9 3 164
4 8 249
7 1 216
10
2 6 5
6 8 111
6 3 256
5 3 185
7 8 191
4 5 32
1 7 260
10 2 127
1 9 83
10
2 6 26
4 2 107
1 4 119
1 7 252
5 4 84
9 7 7
3 1 220
1 8 85
10 9 219
10
10 7 129
3 10 211
4 7 271
1 7 90
5 3 243
1 9 183
3 6 229
5 2 101
8 2 240
10
9 2 164
8 2 122
4 9 185
4 7 229
2 1 175
6 4 129
9 5 134
3 8 37
10 4 75
10
5 7 6
10 5 198
8 5 38
3 10 240
9 8 27
5 6 258
6 1 249
1 4 112
3 2 281
10
1 2 101
1 7 90
1 8 118
7 5 46
7 4 131
7 10 98
9 7 291
10 3 235
1 6 83
10
7 9 78
7 8 114
2 9 82
5 9 285
1 8 215
1 3 30
6 2 150
5 4 8
7 10 15
10
8 6 9
3 8 243
8 4 150
6 9 266
3 7 156
2 4 185
6 5 48
10 7 295
10 1 71
10
3 5 168
8 5 119
8 4 66
6 3 230
9 3 192
10 9 269
1 10 89
1 7 161
8 2 136
10
1 10 27
2 1 167
2 9 205
1 4 122
8 10 156
6 10 207
6 5 117
10 3 49
1 7 157
10
2 4 130
10 4 209
7 2 263
6 7 265
2 9 279
6 1 146
2 8 223
8 5 111
3 4 293
10
6 10 3
2 6 9
6 1 189
8 1 237
1 5 276
9 6 23
7 5 26
1 3 192
8 4 279
10
3 9 182
4 3 193
3 1 148
2 3 167
9 7 182
3 6 112
6 5 275
3 8 38
10 9 9
10
10 5 293
5 9 263
5 1 258
10 6 292
7 6 28
10 8 130
3 6 143
8 4 49
2 5 280
10
5 6 46
8 6 232
8 7 254
10 8 135
10 9 273
8 1 101
7 4 276
3 5 67
2 6 66
10
10 8 50
7 10 52
3 8 286
2 7 57
6 3 274
3 1 189
9 3 120
4 8 239
5 4 19
10
2 8 245
2 6 172
9 6 280
6 1 169
3 1 244
5 2 230
9 10 63
10 4 226
6 7 42
10
5 8 228
9 5 95
7 9 217
5 10 14
10 6 140
7 3 280
3 2 213
4 2 294
5 1 105
10
8 9 278
2 8 244
1 2 237
4 1 36
7 4 293
7 6 184
5 2 285
10 2 80
10 3 114
10
1 4 195
1 2 31
1 10 59
1 5 146
4 6 282
7 5 50
9 10 209
5 8 176
3 7 97
10
1 8 123
1 10 194
8 3 174
8 6 266
1 2 253
2 7 11
5 7 78
3 4 248
9 1 147
10
1 6 261
1 8 118
6 10 96
10 2 246
5 1 110
6 7 238
4 7 275
8 9 158
3 7 117
10
8 9 100
6 9 156
5 8 224
6 1 1
2 5 135
7 8 278
2 3 258
4 3 201
10 4 71
10
7 6 289
6 10 3
9 10 89
6 4 105
6 5 113
3 6 29
10 2 231
8 3 51
1 10 92
10
10 2 94
4 2 176
10 5 182
3 2 54
3 9 88
2 1 278
7 3 143
6 10 19
2 8 88
10
4 8 88
8 3 297
4 7 159
10 3 297
9 8 230
1 3 300
7 2 55
6 3 8
5 8 23
10
6 7 118
10 7 83
6 1 53
4 6 46
8 6 226
7 2 33
9 4 161
3 10 270
3 5 223
10
2 4 283
10 2 160
2 6 26
4 3 24
9 3 240
9 1 82
5 9 250
7 10 152
8 2 295
10
7 8 20
8 2 216
7 4 244
7 1 173
1 3 237
4 9 100
1 6 247
10 2 178
5 6 180
10
4 5 151
7 5 235
3 4 195
7 1 97
8 1 31
4 9 231
6 5 34
1 2 185
10 6 140
10
3 7 252
1 3 189
5 3 178
10 1 50
3 4 245
6 3 239
9 7 220
8 10 267
2 9 275
10
5 9 150
9 1 111
6 1 78
2 6 44
10 9 138
10 3 173
9 8 30
7 2 204
4 5 62
10
2 10 257
8 10 132
5 10 199
3 5 83
9 10 157
3 7 179
8 6 13
4 6 113
7 1 178
10
7 1 118
6 7 95
7 8 107
1 10 21
6 3 99
3 4 229
5 7 126
2 10 65
9 4 271
10
4 10 270
2 4 31
10 1 93
3 2 215
10 5 50
7 5 217
4 6 52
2 9 295
8 9 235
10
7 5 27
3 7 144
7 1 297
10 1 155
10 9 236
6 7 77
8 9 243
1 4 146
2 7 220
10
9 5 93
5 3 222
9 2 51
8 5 191
5 6 40
7 6 186
3 1 284
10 2 250
5 4 151
10
7 8 236
4 7 154
3 4 265
3 2 115
8 1 220
2 6 253
9 1 253
10 7 142
1 5 271
10
10 2 217
10 8 22
9 8 30
3 9 137
9 1 247
10 4 11
2 6 284
8 7 146
5 6 121
10
1 9 58
9 7 162
9 8 53
6 8 53
8 5 57
7 3 281
7 10 6
2 10 230
7 4 197
10
9 2 271
9 5 249
2 4 276
2 1 274
10 4 195
6 10 211
8 4 267
2 3 126
6 7 124
10
7 10 142
2 10 214
9 2 150
10 8 30
8 4 137
7 3 207
3 1 52
8 5 61
8 6 56
10
5 2 6
3 2 134
7 5 49
3 8 299
6 7 146
1 3 238
6 10 169
3 9 132
4 2 211
10
4 6 197
6 8 297
2 8 229
6 7 233
8 3 23
9 4 167
2 1 101
10 4 263
5 9 218
10
5 9 235
5 3 69
2 5 250
2 1 102
10 5 154
6 3 248
7 3 18
4 6 175
7 8 215
10
9 7 134
10 7 127
1 7 262
1 6 105
5 9 98
6 2 217
10 4 274
3 9 98
8 5 5
10
4 3 50
4 6 120
5 4 19
6 7 45
10 4 271
3 8 220
2 6 182
1 4 288
9 4 276
10
7 8 227
5 7 263
7 4 191
5 2 141
4 10 292
10 3 279
8 6 124
3 9 300
1 8 25
10
2 9 64
9 1 121
8 9 54
8 10 13
2 6 60
7 9 120
4 7 281
3 7 37
9 5 120
10
2 10 174
5 10 192
6 10 13
4 10 92
9 4 81
8 4 167
2 1 209
4 7 170
3 9 19
10
8 2 120
8 9 72
2 4 86
6 4 78
9 1 99
5 9 18
1 10 143
1 3 56
4 7 131
10
4 8 153
4 9 128
9 2 83
2 10 65
5 10 142
10 3 295
1 3 102
6 3 245
7 3 170
10
6 5 208
5 3 277
7 5 60
6 4 129
2 6 285
1 6 242
8 7 172
9 5 40
10 8 267
10
3 10 10
5 3 189
4 10 253
3 6 226
8 3 11
6 2 170
1 2 25
7 1 143
9 4 205
10
5 1 130
4 1 7
4 2 59
9 5 296
2 3 156
8 3 27
6 9 65
10 1 67
1 7 226
10
2 7 272
2 8 55
8 9 146
4 7 26
8 1 119
7 5 10
6 9 287
7 10 199
3 10 264
10
3 10 190
8 10 174
10 6 200
6 4 196
2 6 259
9 8 248
1 2 284
8 7 237
7 5 58
10
10 9 59
9 5 145
10 8 182
8 6 92
1 10 78
6 2 52
10 3 300
2 4 187
4 7 75
10
9 3 265
9 8 186
7 9 148
1 7 114
2 9 185
4 8 176
10 7 43
2 5 113
7 6 232
10
3 9 87
1 3 63
10 3 179
9 6 170
2 6 153
6 7 43
4 6 147
8 4 146
2 5 20
10
1 10 184
10 7 128
1 3 137
7 2 37
1 5 110
6 1 196
1 8 110
1 9 231
4 7 108
10
9 5 132
9 2 125
9 10 224
2 4 212
9 8 186
3 9 206
10 6 119
1 3 135
7 1 245
10
7 1 290
6 1 281
3 1 140
5 3 266
8 3 162
2 7 29
1 4 22
2 9 154
10 4 36
10
9 6 165
8 6 150
2 9 236
5 9 142
4 8 168
2 7 44
1 9 166
4 10 276
3 9 154
10
2 10 119
10 5 188
5 1 203
7 5 178
10 3 289
5 4 250
9 4 64
10 6 251
8 10 15
10
7 3 200
2 3 69
4 7 279
8 2 39
8 6 198
1 7 114
4 10 195
9 7 49
5 4 154
10
9 7 104
9 6 260
7 2 294
9 1 66
2 5 30
8 5 32
5 4 173
10 6 58
7 3 146
10
3 5 222
1 3 207
3 9 14
9 2 99
9 10 57
5 7 144
2 6 6
10 8 24
6 4 210
10
9 5 269
2 5 221
10 5 150
8 10 1
4 2 42
1 9 78
7 8 266
6 10 22
3 1 9
10
10 7 256
4 10 68
6 7 56
6 1 283
9 6 268
8 1 143
8 5 70
3 9 190
9 2 260
10
6 5 180
5 4 53
6 8 236
7 6 126
6 3 54
6 9 263
6 10 107
2 3 244
8 1 90
10
3 5 270
3 9 28
10 3 96
2 3 235
6 3 3
9 4 2
7 6 189
5 8 297
1 6 68
10
2 10 139
2 1 278
2 9 183
4 9 168
3 4 166
10 5 209
9 8 65
1 6 200
3 7 2
10
10 8 266
8 5 138
10 2 296
6 5 159
5 7 171
9 5 11
1 2 13
4 1 155
10 3 118
10
8 5 126
10 5 138
1 5 186
9 1 179
7 10 231
9 2 35
3 1 205
4 3 165
8 6 276
10
4 9 150
4 8 158
6 9 42
1 9 116
1 7 51
5 7 149
1 3 30
2 4 18
10 4 30
10
9 5 189
2 9 178
6 2 198
8 5 198
8 1 295
3 6 194
8 7 80
4 2 122
10 6 170
10
9 8 206
7 9 89
8 2 131
6 7 286
3 6 80
7 5 104
2 10 157
10 1 240
4 6 271
10
4 9 145
6 4 226
6 10 269
7 9 225
6 5 247
6 2 147
9 8 65
3 9 80
10 1 272
10
7 5 257
7 10 3
8 7 20
8 4 221
8 1 5
5 6 66
3 8 174
10 9 253
2 3 30
10
9 5 199
2 9 148
3 9 2
2 8 225
6 3 130
8 7 79
9 1 51
10 6 7
4 8 166
10
6 4 145
8 4 195
8 1 251
9 1 45
8 2 68
2 7 258
6 5 211
9 3 210
4 10 202
10
4 8 120
7 4 188
8 5 99
9 7 226
10 4 87
3 7 41
5 1 137
4 2 70
3 6 63
10
5 10 96
5 1 26
3 10 221
7 1 19
6 10 31
4 7 9
9 3 264
8 3 41
2 10 276
10
2 10 204
1 2 240
1 9 99
5 9 275
2 4 166
5 8 73
3 5 219
10 6 228
7 2 43
10
10 3 205
3 7 222
7 6 202
1 10 209
2 6 40
7 5 126
4 5 58
10 8 131
1 9 233
10
6 3 75
1 3 174
6 2 169
10 1 207
9 1 12
4 10 245
9 5 85
3 7 34
7 8 244
10
3 1 53
2 1 101
1 8 192
4 1 198
10 8 253
4 6 137
5 4 33
7 5 195
5 9 150
10
9 10 229
6 10 84
9 1 171
10 2 142
4 10 282
4 5 90
3 1 187
3 8 269
4 7 297
10
1 7 185
10 7 287
4 10 160
9 4 290
2 4 80
4 5 255
3 7 231
9 6 223
8 10 289
10
8 5 47
8 7 144
6 7 44
6 2 58
9 6 28
1 8 73
1 4 197
7 3 104
10 7 157
10
10 5 111
7 5 118
7 6 142
10 2 290
10 1 104
4 10 140
6 9 250
10 3 76
7 8 233
10
2 9 68
2 6 79
2 10 77
3 6 249
7 9 69
5 6 47
5 4 103
8 5 163
5 1 144
10
5 7 105
7 6 123
9 6 167
4 6 96
10 4 49
10 1 96
1 2 272
8 5 113
3 5 196
10
3 6 87
10 3 38
5 6 123
9 5 274
9 7 29
8 9 197
7 2 267
1 6 90
4 1 90
10
2 9 175
1 2 154
9 6 288
6 7 210
6 8 297
7 4 6
10 8 212
10 5 17
9 3 284
10
8 6 146
1 8 241
7 1 105
8 10 269
8 5 190
3 10 42
4 7 16
2 8 233
9 2 133
10
6 8 137
10 8 276
1 10 53
10 9 6
8 3 68
3 5 222
7 5 104
2 7 41
1 4 130
10
7 5 264
5 10 152
8 5 196
8 9 75
10 4 242
6 5 186
2 7 201
1 4 274
4 3 288
10
7 5 124
9 5 3
3 7 94
4 7 243
7 2 96
7 8 210
3 10 93
2 6 188
1 9 226
10
10 5 299
6 5 125
7 5 34
1 6 291
10 4 194
1 3 75
9 10 47
3 8 19
2 6 83
10
9 4 241
4 6 299
4 1 13
8 4 52
4 10 219
1 7 139
6 2 226
5 10 187
3 8 225
10
5 6 98
7 5 46
6 4 269
7 3 264
1 4 194
2 7 293
9 2 110
2 8 214
10 9 255
10
3 6 209
7 6 83
7 8 208
7 10 193
7 4 190
2 6 233
9 8 73
5 8 283
7 1 156
10
8 3 107
3 5 282
6 5 96
2 6 73
9 3 50
10 3 113
1 5 259
4 6 151
2 7 126
10
7 1 115
7 6 43
1 10 25
10 3 174
1 8 249
2 3 169
5 6 239
10 4 127
6 9 136
10
9 4 193
4 3 163
3 2 14
6 3 284
7 3 69
5 7 1
10 7 5
10 8 147
7 1 232
10
5 10 212
9 10 81
2 9 187
2 4 109
5 3 74
3 6 178
10 1 147
4 8 213
7 10 65
10
10 5 28
2 10 299
2 8 288
8 7 87
2 4 175
5 1 139
9 2 236
9 6 7
6 3 87
10
1 5 268
3 5 223
10 1 77
4 1 107
9 3 291
9 6 237
2 3 142
7 6 182
8 3 193
10
5 8 70
4 8 64
3 4 47
5 9 185
1 5 161
2 4 75
6 4 242
10 8 252
7 10 132
10
5 9 82
9 4 255
9 2 189
3 4 142
9 10 199
7 9 241
5 8 117
6 5 187
6 1 3
10
9 1 282
9 7 143
9 6 173
9 4 52
10 4 252
8 1 83
2 4 193
5 10 252
6 3 280
10
9 8 257
8 2 49
10 2 291
8 1 95
2 7 268
6 10 231
4 1 7
9 5 258
3 8 228
10
9 2 116
2 10 146
4 10 89
10 7 28
1 9 37
10 6 67
2 8 259
2 5 200
9 3 109
10
7 5 254
5 2 3
2 3 78
9 2 36
5 10 212
10 4 294
5 6 6
1 4 195
8 6 113
10
5 2 34
8 5 171
1 8 104
3 5 143
6 5 226
10 5 83
4 8 225
4 9 211
9 7 123
10
1 10 160
8 1 92
7 8 89
5 1 270
2 7 274
3 10 59
4 5 146
6 4 178
9 7 275
10
4 5 111
4 2 292
1 5 56
1 6 143
1 10 235
1 3 112
6 8 12
9 10 135
7 6 149
10
3 10 250
5 10 202
10 1 35
1 8 238
8 9 183
4 8 276
6 9 198
7 4 281
4 2 279
10
7 4 153
9 7 178
6 9 198
3 7 57
3 1 124
5 6 81
6 2 182
1 8 67
1 10 16
10
6 8 297
6 1 140
4 8 158
8 3 62
1 7 243
6 2 290
4 9 291
8 5 99
10 2 166
10
9 6 184
9 4 48
7 9 70
8 4 217
8 5 156
5 2 217
2 10 98
1 9 212
9 3 152
10
7 8 185
8 3 296
2 3 202
3 1 90
4 3 143
9 3 184
6 1 228
3 10 60
5 9 140
10
1 3 152
4 1 212
2 4 112
4 8 33
6 8 176
8 9 168
3 7 257
10 3 45
5 2 132
10
8 10 174
8 3 224
8 9 114
6 9 235
7 8 119
2 9 3
1 2 212
5 2 63
4 3 79
10
2 9 7
9 5 2
5 8 67
4 9 212
1 4 168
2 3 177
10 5 123
4 7 261
1 6 243
10
2 7 138
7 4 162
4 1 109
3 7 273
2 5 10
8 4 38
9 2 257
10 2 94
6 5 282
10
1 8 70
3 8 221
7 3 278
7 9 113
3 10 114
3 6 300
6 2 143
5 7 154
10 4 278
10
9 6 177
4 9 76
4 2 5
2 7 6
8 7 155
2 10 281
1 2 187
3 10 33
5 10 175
10
10 5 106
10 2 156
2 8 274
3 5 7
1 5 266
6 5 265
3 7 211
7 9 32
4 3 182
10
10 5 27
8 10 153
5 1 162
2 1 162
4 2 167
6 1 273
3 5 21
8 7 109
9 3 239
10
7 10 85
7 6 165
7 9 15
10 1 46
3 10 232
2 9 18
7 4 20
7 8 46
5 9 228
10
6 4 215
6 7 61
9 6 97
6 1 153
3 4 202
6 10 108
3 8 128
2 9 219
9 5 7
10
10 7 284
7 5 33
2 10 299
5 4 60
9 10 88
5 6 77
1 6 142
3 9 79
8 2 210
10
9 6 124
10 9 140
6 3 77
5 6 94
5 7 287
3 2 72
10 1 27
8 9 152
8 4 122
10
8 3 182
8 2 202
7 8 54
3 10 29
7 1 38
5 2 258
5 6 74
2 4 150
9 7 169
10
2 5 135
2 7 53
8 5 61
2 1 28
9 1 85
6 2 111
8 4 255
6 10 280
3 10 192
10
1 10 171
9 1 133
1 4 152
2 4 182
9 6 270
2 5 294
3 2 116
8 2 48
1 7 24
10
5 3 38
3 6 237
9 3 215
6 1 138
6 4 104
1 8 145
5 7 134
3 2 240
5 10 136
10
8 2 251
1 2 180
9 8 118
6 1 178
6 4 97
10 9 293
5 1 122
7 4 272
10 3 31
10
7 2 102
5 7 177
2 9 294
6 5 101
3 5 256
1 2 41
8 3 172
4 6 177
7 10 112
10
8 1 63
8 3 35
9 8 117
1 4 121
7 1 173
1 5 46
1 10 122
10 6 7
2 5 285
10
4 3 284
6 3 169
2 4 72
9 6 223
7 6 174
1 4 281
10 1 71
8 7 107
3 5 23
10
4 2 229
1 2 87
1 9 199
2 10 115
2 3 217
2 8 169
3 6 226
5 2 79
1 7 157
10
7 3 104
2 7 290
7 8 3
2 1 3
4 2 118
1 9 114
5 4 77
6 2 87
10 1 201
10
10 2 122
10 9 74
4 2 25
4 8 21
4 5 100
10 6 255
9 1 110
3 1 234
7 5 281
10
5 7 58
5 8 202
7 6 175
6 1 53
1 10 33
10 4 100
10 9 131
3 5 261
8 2 261
10
4 2 97
4 3 179
1 3 70
9 2 59
2 7 62
10 7 250
8 9 182
3 5 2
3 6 94
10
4 5 24
5 8 58
8 2 1
2 1 188
5 6 295
7 8 251
10 5 226
8 3 106
9 4 204
10
8 1 209
8 6 116
5 8 153
8 9 4
10 8 2
9 3 148
1 4 237
3 7 229
4 2 290
10
7 3 159
10 7 198
10 6 163
7 8 282
6 9 42
5 3 183
1 3 103
2 5 135
9 4 143
10
5 2 61
4 2 230
1 2 172
3 2 42
10 2 156
9 2 272
1 6 119
5 7 148
8 1 44
10
1 8 206
4 8 290
5 8 193
3 1 21
1 9 297
4 7 98
5 6 74
2 8 113
10 3 51
10
5 4 87
5 7 69
5 6 42
3 4 36
3 1 21
9 1 287
1 8 140
10 9 251
9 2 42
10
2 8 118
10 8 109
4 10 230
2 1 219
7 2 255
9 4 32
6 1 249
5 8 152
10 3 136
10
9 2 106
2 6 258
7 9 266
6 4 223
4 10 43
10 3 113
7 5 209
6 1 65
3 8 173
10
9 7 117
7 3 47
7 8 9
10 7 274
7 1 294
6 1 197
9 2 283
4 8 203
9 5 73
10
4 3 241
6 3 166
8 6 27
7 6 289
4 1 65
7 2 47
4 5 221
10 2 296
9 8 211
10
1 4 151
2 4 245
4 3 128
10 1 216
9 1 93
1 8 57
8 6 218
5 8 232
3 7 87
10
6 8 4
3 8 185
7 8 227
2 6 215
6 4 95
4 1 184
7 9 98
10 7 80
3 5 141
10
9 8 7
9 7 262
8 5 105
7 2 87
7 4 249
2 10 78
2 6 109
6 3 233
6 1 138
10
8 2 181
2 4 17
4 5 135
8 3 214
7 8 99
8 10 237
4 9 272
1 4 72
10 6 156
10
1 8 83
1 9 19
1 10 47
4 10 274
9 5 50
5 7 57
7 6 146
5 3 123
2 8 273
10
7 6 138
6 4 67
4 8 101
5 4 190
4 2 44
10 8 243
3 8 206
1 7 51
2 9 282
10
1 4 220
4 10 256
4 6 124
10 7 148
3 10 143
5 7 97
3 2 142
9 10 250
8 3 85
10
1 6 29
9 1 50
9 5 96
9 3 135
7 5 288
4 9 265
8 6 70
7 2 25
9 10 13
10
7 1 69
1 8 89
10 7 146
8 9 58
8 3 132
6 3 97
10 2 156
1 4 147
6 5 27
10
6 8 91
6 2 175
5 8 219
2 10 60
10 3 217
8 7 197
1 6 107
9 6 132
6 4 74
10
9 2 296
9 3 187
6 3 101
8 6 119
9 1 126
2 5 19
10 9 225
6 4 265
1 7 204
10
7 1 60
2 1 219
7 3 66
4 7 30
9 7 134
8 7 7
6 4 153
10 1 252
1 5 136
10
2 4 138
4 7 185
4 6 48
3 7 217
4 8 162
10 6 123
6 9 226
8 1 106
5 9 193
10
9 6 116
6 4 189
10 6 282
4 1 230
2 4 159
2 3 182
8 10 194
5 6 133
10 7 52
10
2 9 1
9 6 292
5 2 186
2 7 248
4 9 144
1 7 194
3 1 286
10 9 145
3 8 222
10
7 8 72
7 9 66
7 2 284
9 10 169
10 6 185
3 10 66
1 9 221
4 2 115
3 5 204
10
7 6 61
3 6 12
10 3 6
10 9 282
9 5 180
7 2 106
7 1 14
10 8 46
4 5 140
10
7 10 235
10 1 13
10 6 169
1 3 283
1 8 52
2 6 10
4 8 77
4 5 241
10 9 69
10
4 1 194
8 4 29
3 4 174
1 2 20
2 6 266
10 6 80
7 8 250
3 9 281
9 5 263
10
2 8 75
8 3 36
9 2 223
8 7 79
8 10 19
1 3 213
5 3 235
6 3 268
6 4 148
10
10 5 78
10 3 80
6 10 184
9 10 222
7 5 162
3 1 140
1 4 44
2 7 215
8 7 139
10
3 9 8
3 5 61
1 5 93
4 5 250
4 7 110
2 5 217
3 8 8
1 10 68
6 8 221
10
7 4 54
5 4 186
5 6 149
3 7 23
7 2 66
9 6 247
10 6 78
1 2 35
8 4 208
10
8 9 180
8 1 261
7 1 213
1 4 81
3 8 88
1 5 195
1 6 55
1 2 89
8 10 216
10
10 7 136
8 10 248
7 9 85
2 10 195
3 9 84
7 1 19
6 8 151
9 4 76
6 5 68
10
10 4 113
6 10 250
4 3 204
6 8 64
7 3 125
4 1 253
2 6 70
5 10 214
2 9 73
10
2 9 105
6 9 272
5 6 133
9 3 119
10 5 37
7 5 20
4 5 169
6 1 279
5 8 33
10
4 3 77
4 7 112
3 9 280
4 6 180
4 10 35
6 5 153
8 10 183
1 5 194
3 2 48
10
1 4 179
9 1 225
10 1 273
8 9 66
10 6 39
2 1 275
7 4 163
2 5 12
10 3 188
10
5 10 12
10 3 90
4 10 146
8 4 243
10 1 20
9 5 141
2 5 132
8 7 237
1 6 95
10
7 4 73
8 4 113
1 4 173
2 4 128
6 4 80
3 2 258
6 5 99
1 10 119
10 9 215
10
1 7 26
1 5 243
3 1 297
5 6 85
4 6 201
8 3 188
2 7 82
10 8 116
9 3 92
10
8 3 116
8 4 128
7 8 261
1 3 122
9 7 119
1 5 41
6 4 240
10 8 267
2 4 222
10
5 4 211
5 7 136
6 5 6
10 7 73
9 7 165
4 8 249
1 7 286
1 3 6
2 6 33
10
2 5 128
8 5 280
10 5 117
9 8 188
10 4 274
3 8 48
2 1 62
10 7 37
10 6 279
10
6 8 138
2 6 93
6 1 167
3 2 45
3 9 269
4 3 285
7 9 155
3 10 37
5 7 268
10
8 3 184
5 3 136
5 6 179
8 7 255
9 3 224
9 2 282
9 10 205
10 4 37
1 10 127
10
1 6 223
4 1 57
8 1 118
1 9 178
6 10 21
8 5 136
2 8 36
7 4 88
3 10 223
10
7 3 25
7 8 55
8 4 61
4 2 133
4 9 266
10 2 279
7 6 221
6 5 99
4 1 203
10
6 3 283
6 10 52
10 9 208
3 5 62
7 9 167
2 7 161
4 7 89
1 10 240
4 8 9
10
5 3 67
1 3 164
5 9 126
10 9 241
9 4 134
1 2 260
3 8 101
3 6 51
7 5 233
10
1 10 30
1 6 170
6 9 275
10 8 92
6 3 298
4 3 51
1 2 25
7 2 256
5 10 289
10
10 4 180
6 4 140
8 6 124
1 6 21
6 7 86
10 9 82
3 7 34
3 5 149
2 4 229
10
6 8 178
5 8 22
10 5 139
10 2 163
7 10 297
3 2 143
9 5 4
4 8 70
1 2 92
10
8 7 62
8 9 67
3 8 267
8 2 268
10 9 181
9 6 39
2 5 52
4 10 101
1 3 288
10
2 6 84
9 6 291
9 8 55
9 7 65
3 2 138
1 6 31
10 7 130
5 10 202
4 2 193
10
2 10 250
2 3 24
3 8 237
7 2 145
3 9 48
6 10 55
6 1 97
5 1 142
4 5 260
10
4 2 282
8 4 9
6 4 285
3 4 113
4 1 216
8 10 102
7 2 136
8 5 173
1 9 245
10
10 1 101
4 10 234
8 1 191
4 3 224
10 2 246
3 9 91
4 5 182
7 2 46
6 9 37
10
1 5 20
3 1 1
1 4 202
5 9 9
6 5 128
7 5 120
8 6 103
10 8 239
7 2 152
10
3 1 183
5 3 146
10 5 129
3 2 218
5 6 277
4 3 264
3 7 273
3 9 72
7 8 29
10
4 9 268
8 9 33
1 8 82
2 9 253
4 10 58
2 6 217
6 3 270
5 10 189
7 1 107
10
5 7 128
7 2 194
9 7 199
8 7 102
2 3 166
9 6 258
5 4 228
3 10 208
4 1 231
10
2 7 38
7 3 40
5 3 60
3 4 272
8 4 188
9 3 108
10 8 204
6 4 11
1 2 127
10
2 5 201
6 2 21
5 9 147
7 6 109
6 10 232
9 1 104
6 8 68
7 4 35
3 8 109
10
4 2 71
2 8 261
8 7 75
2 5 209
9 7 173
9 3 32
10 4 30
1 9 67
6 4 199
10
7 8 233
1 8 271
5 1 146
2 8 167
7 9 66
1 4 116
2 10 6
3 10 283
6 9 263
10
3 4 81
8 3 213
1 8 238
10 4 178
1 9 130
5 1 273
2 5 94
6 4 238
5 7 100
10
3 5 181
9 3 8
2 9 110
6 9 149
6 4 224
1 4 169
1 10 15
6 8 82
2 7 48
10
1 6 52
9 6 115
6 7 110
4 9 95
10 6 117
8 7 25
1 3 223
7 5 255
2 6 79
10
5 4 224
8 4 128
4 1 133
3 4 255
1 7 179
6 5 1
10 4 101
5 2 70
9 2 2
10
8 10 24
8 3 172
4 10 71
4 2 74
7 10 286
9 3 212
9 6 89
1 3 32
8 5 56
10
3 6 174
6 4 125
1 3 134
3 8 146
7 1 62
3 9 51
8 5 293
7 2 262
4 10 128
10
2 7 184
7 5 100
9 5 262
5 6 246
5 10 146
3 5 33
1 9 270
2 8 156
4 6 62
10
6 1 29
1 4 172
7 4 204
1 3 78
7 9 14
5 4 162
6 8 246
2 3 60
10 5 154
10
2 8 92
10 8 9
2 5 33
2 3 181
3 1 276
2 9 113
4 8 296
10 7 54
5 6 254
10
4 8 140
8 7 219
7 6 195
6 10 275
4 3 277
9 7 236
4 1 212
2 7 127
1 5 68
10
2 4 213
2 10 124
8 10 221
3 2 172
7 4 292
6 7 59
1 6 97
2 5 87
9 6 168
10
8 3 242
8 10 262
9 10 195
6 10 38
2 8 1
6 5 280
2 1 227
7 5 41
6 4 159
10
7 6 21
7 4 29
8 4 244
2 6 173
7 3 84
8 9 4
1 3 101
8 5 33
4 10 21
10
5 7 41
7 6 4
8 6 226
8 4 60
7 3 108
8 10 132
3 9 185
2 10 48
1 10 81
10
3 8 90
5 8 291
7 5 245
8 9 25
3 2 145
1 2 147
6 7 158
10 7 192
2 4 164
10
10 4 139
4 2 96
4 9 154
3 10 189
9 5 94
1 5 76
10 7 219
3 8 35
6 10 39
10
7 1 191
4 7 25
7 9 93
4 3 247
7 10 213
9 6 287
5 7 272
4 8 290
1 2 224
10
9 1 182
9 2 105
1 5 235
6 5 121
1 10 124
1 4 90
5 8 50
10 3 47
5 7 253
10
6 3 190
2 3 24
6 9 217
4 9 191
4 10 296
4 8 205
8 7 112
5 9 147
3 1 277
10
8 4 145
7 8 3
8 5 207
7 10 234
9 7 164
3 9 12
2 4 201
10 6 34
1 10 64
10
3 10 271
7 10 171
6 7 223
3 2 91
2 1 162
1 8 196
4 7 152
4 9 132
6 5 54
10
8 9 175
5 9 175
7 8 244
3 7 96
7 4 258
6 8 270
2 5 65
10 9 67
3 1 240
10
8 4 246
5 8 281
5 6 19
8 1 38
7 5 86
9 1 167
2 5 5
10 5 260
3 4 5
10
1 3 95
3 9 88
2 1 47
4 2 199
6 4 171
1 5 166
10 6 34
7 9 48
7 8 171
10
6 8 21
1 8 146
5 1 276
1 10 111
6 3 10
4 3 167
9 5 29
2 5 68
6 7 272
10
6 3 114
7 3 5
4 6 295
3 8 217
4 1 275
4 2 231
5 4 29
10 6 191
9 2 35
10
1 2 228
5 2 197
4 1 4
5 10 4
9 2 156
2 6 143
3 5 89
8 9 62
2 7 290
10
5 3 183
1 5 297
6 1 189
6 9 231
6 7 46
4 6 261
7 8 175
5 2 233
2 10 144
10
5 10 215
9 10 169
2 5 63
5 3 162
3 7 97
9 6 246
10 1 33
6 4 17
6 8 11
10
1 5 142
4 5 21
2 1 9
10 1 165
5 7 77
9 5 1
10 3 217
8 10 238
6 1 31
10
10 8 251
10 3 289
10 5 100
1 8 196
5 2 113
2 4 233
2 7 82
9 7 285
3 6 28
10
9 5 167
7 9 264
7 10 166
4 9 167
3 7 20
8 3 295
2 4 115
8 1 32
6 9 191
10
2 6 275
6 7 17
7 3 106
5 3 97
5 8 145
2 10 2
9 3 90
4 3 291
7 1 121
10
4 10 25
10 3 222
3 2 15
3 1 300
7 1 157
9 7 188
1 6 155
1 8 196
5 9 255
10
8 1 59
1 2 106
5 2 30
4 8 187
8 6 263
5 7 271
4 3 41
9 2 256
10 7 260
10
1 9 260
9 2 8
9 10 38
5 1 297
7 9 260
3 1 83
8 2 23
3 6 7
4 8 144
10
3 5 122
2 5 50
2 1 231
2 7 41
9 5 83
2 6 258
3 4 293
2 10 282
4 8 86
10
9 4 127
9 7 202
4 5 260
1 7 219
9 3 265
8 4 134
7 6 108
3 2 72
10 2 171
10
9 3 222
9 2 23
4 2 255
5 4 45
2 8 140
9 1 82
10 5 144
7 5 75
8 6 286
10
2 8 44
8 4 179
5 2 246
6 8 95
1 5 219
3 4 84
1 7 156
5 9 65
2 10 65
10
5 2 223
1 5 177
1 9 227
6 5 241
2 4 75
4 8 193
8 3 300
6 10 212
7 8 237
10
10 2 184
5 10 228
9 2 120
2 3 260
4 9 78
3 7 273
6 4 194
1 9 27
8 5 27
10
7 4 132
6 4 167
4 2 101
1 6 46
10 4 93
4 5 231
9 1 19
8 7 239
3 4 221
10
5 6 55
6 2 76
9 2 218
6 3 268
1 5 119
4 6 257
10 6 134
8 9 127
8 7 47
10
4 10 295
1 10 171
4 6 208
6 2 289
4 9 40
5 6 291
1 3 205
9 8 260
7 6 201
10
6 2 275
7 2 32
10 7 164
1 10 257
5 6 52
4 2 294
4 3 211
9 1 71
8 5 177
10
2 4 101
4 6 207
9 6 231
4 8 279
9 3 211
6 10 246
5 8 242
3 7 238
1 5 21
10
2 3 144
2 6 60
2 4 85
2 10 94
4 9 243
2 8 220
7 4 134
4 5 269
8 1 28
10
6 1 43
2 6 48
1 3 175
2 10 89
9 10 155
5 3 198
4 6 28
1 7 215
5 8 258
10
3 5 106
7 5 216
3 6 120
9 3 189
1 7 45
4 9 238
2 7 175
5 8 243
10 1 184
10
9 3 56
7 9 135
7 4 176
1 7 172
10 7 193
6 3 145
10 2 242
5 2 78
8 1 111
10
5 7 256
7 6 191
10 5 286
3 7 198
7 4 65
6 9 283
1 10 176
6 2 238
8 2 152
10
7 4 138
4 2 182
7 8 264
9 7 231
1 7 233
10 2 58
8 5 145
6 1 106
5 3 97
10
7 3 67
3 2 75
3 5 259
4 3 166
6 3 273
1 5 174
2 8 134
8 9 186
10 7 175
10
3 9 140
8 3 214
3 2 18
10 2 262
9 7 53
10 4 101
6 8 236
9 5 218
6 1 276
10
2 7 266
8 2 168
5 2 86
8 10 251
10 3 199
6 2 273
3 1 102
3 4 263
9 6 98
10
8 6 243
3 8 270
9 6 238
6 4 36
10 4 95
5 3 80
1 6 54
2 4 201
7 1 241
10
7 3 146
6 3 8
3 4 266
2 3 191
6 8 236
9 7 242
7 10 178
7 1 244
5 4 191
10
5 8 72
5 4 152
6 4 143
3 8 249
5 7 114
2 7 178
1 5 145
10 7 200
9 7 47
10
9 7 85
7 2 272
6 7 297
7 3 61
7 10 143
5 6 281
4 7 146
7 8 248
1 4 110
10
7 9 138
3 7 265
1 3 165
6 3 243
4 7 56
1 8 297
1 10 112
5 6 156
2 4 216
10
9 8 115
8 3 188
7 8 58
10 3 156
3 4 9
8 5 110
2 7 164
1 8 21
2 6 20
10
2 8 170
5 2 255
3 8 89
2 6 190
10 2 91
3 4 44
6 9 286
1 3 283
7 5 241
10
1 3 197
4 1 103
8 3 21
8 2 79
6 8 246
5 6 209
1 9 143
8 10 18
8 7 227
10
4 2 199
2 3 295
3 7 297
3 1 206
3 9 231
10 3 182
6 2 182
5 10 23
9 8 268
10
7 10 200
7 4 38
4 5 219
6 7 92
9 4 63
10 8 23
10 2 112
3 4 151
2 1 26
10
3 6 92
6 4 285
3 2 178
2 1 212
1 7 137
1 9 176
4 10 51
5 2 227
1 8 222
10
5 4 71
1 4 27
10 4 186
10 8 131
3 10 245
9 1 118
7 9 172
2 3 57
6 7 189
10
3 2 16
7 2 69
3 1 100
5 1 212
6 5 56
8 7 99
8 4 214
9 4 208
9 10 181
10
4 3 133
3 6 20
6 10 26
10 5 290
8 3 267
4 1 221
8 2 283
7 6 8
6 9 258
10
1 4 85
8 1 226
4 5 19
2 8 238
1 9 122
8 7 34
3 4 209
10 2 146
6 7 212
10
10 4 39
6 10 151
10 3 49
1 3 86
9 1 192
5 6 97
9 7 108
3 2 95
3 8 68
10
5 8 84
8 9 24
9 7 25
5 4 191
9 1 225
6 4 300
8 10 27
9 3 239
2 10 240
10
6 8 164
3 8 154
10 6 72
7 3 75
8 2 41
1 7 81
10 9 91
4 3 74
7 5 210
10
8 4 126
4 2 122
8 6 92
9 4 197
10 6 96
3 8 10
9 7 218
5 4 153
10 1 165
10
8 5 129
2 8 300
6 8 143
6 4 183
1 5 274
7 1 86
3 4 199
2 10 84
9 2 252
10
10 2 64
10 6 232
6 7 86
1 6 107
4 1 37
6 8 30
10 9 121
2 3 204
5 2 25
10
3 6 20
2 6 300
5 2 96
7 3 96
6 10 14
5 9 274
4 2 295
2 8 68
6 1 211
10
10 8 142
2 8 31
9 8 138
7 8 22
8 3 247
5 7 52
6 2 174
3 1 78
4 2 282
10
7 3 219
5 7 115
6 7 85
7 1 140
6 8 195
1 10 3
6 4 98
6 9 175
2 1 125
10
7 3 155
8 3 215
8 10 101
3 1 231
7 9 288
4 8 210
8 6 255
3 2 58
5 9 257
10
2 1 110
9 1 9
4 1 25
1 8 248
1 3 141
5 8 1
10 1 147
6 8 159
10 7 219
10
6 3 96
2 3 291
9 2 46
8 9 77
4 2 172
4 1 124
10 2 297
7 2 252
5 1 87
10
3 7 74
9 3 5
4 9 29
9 5 118
1 4 235
7 2 34
4 6 171
2 10 69
8 7 94
10
2 1 218
8 2 250
5 1 148
2 9 272
9 3 207
8 10 227
4 2 172
7 4 49
6 5 42
10
7 10 47
10 2 120
4 2 209
3 4 162
2 1 275
4 6 180
5 3 112
8 6 238
6 9 29
10
5 8 103
5 6 239
7 5 92
7 1 288
4 8 258
3 8 262
9 4 132
2 6 62
5 10 141
10
2 1 168
2 3 155
4 1 257
3 10 32
4 6 65
8 4 300
5 10 148
5 9 3
7 5 145
10
4 8 134
8 7 63
2 8 266
2 3 156
10 7 174
4 1 90
6 8 99
4 5 183
1 9 180
10
1 10 141
10 9 27
6 1 281
8 6 24
5 9 10
3 1 205
10 4 76
9 2 178
8 7 123
10
1 7 210
1 2 177
3 2 42
3 5 273
3 9 86
1 6 61
8 7 228
4 5 44
10 2 31
10
9 7 295
7 5 98
8 9 15
8 4 296
6 5 272
9 10 95
1 8 239
10 3 142
2 5 197
10
5 9 160
9 3 18
5 6 77
5 8 243
1 5 140
4 6 45
10 9 25
6 7 70
6 2 7
10
5 2 281
10 2 99
1 5 264
4 10 232
4 7 247
1 6 47
5 9 298
2 8 113
6 3 133
10
8 6 268
4 8 166
6 1 113
5 8 20
5 3 14
3 10 252
4 7 169
2 8 121
5 9 54
10
1 2 162
1 10 259
2 9 116
2 6 75
9 8 218
9 7 26
8 3 291
9 4 205
5 4 217
10
2 7 296
2 8 190
1 7 86
2 10 102
4 2 253
9 2 171
9 6 118
4 5 291
3 2 276
10
3 10 12
8 10 194
4 10 278
10 5 164
1 4 230
7 10 300
6 5 187
1 9 296
8 2 85
10
3 2 202
2 8 247
2 7 167
6 3 22
5 3 36
1 8 227
1 4 81
1 9 264
4 10 79
10
9 4 108
2 9 173
7 4 231
2 6 115
8 6 279
4 10 9
1 7 147
5 9 140
7 3 20
10
1 4 235
8 1 200
8 9 28
8 2 7
2 7 8
3 9 158
4 6 28
10 6 238
1 5 185
10
6 1 125
2 1 260
4 2 294
6 10 28
8 10 151
5 6 54
3 8 294
8 9 247
7 4 292
10
9 8 236
9 5 136
8 6 117
6 1 214
7 1 123
3 1 204
10 9 82
4 8 71
3 2 265
10
9 6 217
9 7 73
8 7 200
5 6 55
4 9 183
9 2 158
10 6 168
1 10 275
3 9 55
10
1 10 293
10 8 34
3 1 147
5 1 97
3 4 299
10 9 206
10 7 115
2 5 50
6 2 71
10
5 9 11
5 1 53
3 1 45
5 2 57
2 4 70
7 5 80
4 8 44
6 7 224
10 3 44
10
10 2 39
6 2 245
1 6 183
1 3 138
1 4 296
6 9 161
7 9 11
3 8 19
4 5 196
10
1 8 184
8 10 290
7 10 63
4 8 140
4 3 192
5 8 158
3 2 235
2 9 292
6 7 191
10
5 2 84
5 4 205
9 2 36
10 4 79
10 1 210
10 8 16
4 3 44
1 6 132
7 5 182
10
1 7 150
7 8 90
7 10 226
2 10 231
7 5 202
3 10 180
6 10 201
10 4 54
9 6 76
10
3 5 22
8 5 261
2 3 205
8 4 234
3 1 22
4 7 245
2 10 271
4 9 254
6 4 246
10
7 4 79
4 3 291
7 2 158
4 6 287
2 5 166
3 9 235
10 6 81
9 1 15
3 8 248
10
5 1 142
9 1 76
6 5 217
1 10 41
8 9 295
4 9 238
3 5 98
5 7 124
6 2 262
10
5 10 277
8 5 98
7 8 158
5 9 117
2 5 241
5 6 39
4 6 245
1 10 220
3 1 90
10
10 9 55
9 8 126
1 10 161
5 10 216
4 1 299
9 7 31
7 2 236
3 1 27
6 8 234
10
3 4 131
3 8 270
1 4 238
4 5 121
3 10 61
4 9 123
2 5 262
6 10 152
2 7 266
10
4 9 272
9 5 65
2 9 102
5 6 289
3 5 195
8 2 266
6 1 192
9 10 125
7 1 96
10
5 8 111
8 3 277
3 2 71
1 8 97
6 3 63
7 8 69
10 5 17
2 4 127
3 9 134
10
6 8 277
8 1 200
2 8 64
8 3 240
1 5 81
7 1 213
1 10 162
4 5 170
9 1 7
10
1 10 271
3 10 194
10 6 176
10 7 23
10 5 26
2 6 206
8 7 110
1 4 119
9 2 186
10
10 1 256
1 4 284
5 4 212
4 7 296
5 8 17
4 9 203
2 7 44
1 3 84
6 5 208
10
2 3 137
8 2 127
4 3 257
8 7 2
9 7 184
10 3 274
8 6 196
6 5 232
2 1 43
10
3 10 234
1 3 58
4 3 170
2 4 293
2 6 117
6 8 67
5 3 32
6 7 154
6 9 292
10
5 7 122
9 7 35
7 2 51
9 8 247
2 6 248
5 10 36
8 3 89
10 1 14
1 4 41
10
7 6 54
2 6 298
2 5 56
7 8 225
2 9 130
9 3 105
5 1 208
10 1 63
4 2 243
10
2 9 300
2 6 136
2 10 128
9 3 42
6 8 89
5 6 224
10 1 89
10 4 39
8 7 224
10
3 8 262
4 3 288
8 7 250
7 6 257
3 2 75
9 8 172
5 3 29
9 1 48
10 4 276
10
2 5 16
7 5 46
8 2 54
8 9 24
8 1 208
3 1 222
4 3 2
2 6 163
2 10 18
10
4 3 264
7 4 131
8 4 36
5 3 193
1 4 30
5 9 77
7 6 151
4 10 13
10 2 250
10
10 8 13
8 9 26
10 6 154
5 10 58
3 5 104
4 8 28
1 5 155
7 8 237
2 8 224
10
5 1 76
3 1 39
4 1 8
10 3 244
8 4 274
6 10 38
1 2 22
1 7 104
9 7 285
10
9 4 30
4 6 294
4 5 167
9 8 136
1 5 150
2 5 286
2 10 58
1 3 218
7 6 31
10
5 7 238
10 7 171
7 8 195
4 8 87
3 5 170
10 1 280
5 9 98
3 2 262
6 1 193
10
5 1 245
3 5 165
5 2 182
1 9 196
4 9 48
8 4 70
4 7 78
9 6 47
8 10 172
10
1 3 280
1 2 130
3 10 51
5 3 153
4 1 73
7 10 251
6 3 7
8 5 48
5 9 105
10
8 6 76
6 5 117
6 9 217
4 9 172
1 4 182
4 3 290
2 1 111
7 3 139
10 5 56
10
3 1 202
7 3 60
2 7 155
9 7 38
2 4 125
4 8 260
3 5 159
10 2 68
3 6 41
10
10 4 104
10 8 110
2 10 196
1 10 128
1 5 55
6 2 15
2 9 286
10 7 270
8 3 100
10
8 5 132
5 7 75
4 8 146
5 2 81
7 1 126
10 5 79
3 10 57
6 1 230
1 9 30
10
7 6 255
3 6 90
6 2 150
7 1 135
6 5 136
9 7 201
8 9 208
4 7 54
10 1 256
10
9 4 54
4 10 62
9 5 138
9 7 39
5 2 243
4 8 93
5 6 228
1 4 174
3 2 203
10
1 4 54
4 5 265
9 5 186
1 10 59
5 7 269
6 1 189
8 7 75
3 5 164
2 3 196
10
7 4 61
2 4 51
2 6 97
6 3 198
9 2 67
10 7 170
5 9 230
1 9 233
8 6 90
10
1 3 145
3 7 89
3 6 74
10 3 51
10 4 103
8 7 86
2 1 299
9 6 215
6 5 237
10
5 4 6
6 4 87
5 3 175
10 6 16
10 9 291
7 5 93
9 2 60
1 2 5
8 10 174
10
10 2 289
10 7 254
1 2 194
10 6 189
1 4 189
5 2 161
8 6 223
3 10 258
10 9 11
10
1 6 62
1 2 149
6 7 172
6 10 215
5 1 247
7 9 89
3 6 79
7 4 116
8 7 97
10
9 4 165
7 9 13
7 2 219
1 2 291
7 5 219
3 5 60
5 6 162
8 7 14
7 10 240
10
4 3 300
1 4 52
8 1 137
9 1 87
4 10 179
8 6 268
7 9 168
5 4 91
2 4 295
10
2 3 275
2 8 190
1 3 72
9 3 224
9 7 275
7 6 275
10 9 266
4 2 36
3 5 188
10
9 8 183
3 9 175
5 9 162
5 6 139
5 4 231
7 4 58
2 7 113
1 6 281
8 10 200
10
4 3 54
10 3 216
8 3 162
9 4 25
10 5 25
4 7 117
1 10 38
2 9 227
8 6 35
10
6 1 281
6 4 228
9 1 104
8 1 200
10 6 288
3 1 147
2 8 6
1 5 126
7 8 88
10
6 10 97
7 10 250
4 6 95
6 2 182
4 5 146
5 8 277
9 7 80
1 4 100
9 3 228
10
9 6 228
8 9 147
7 8 125
3 8 144
6 5 38
7 10 91
2 6 13
1 5 91
4 3 52
10
10 6 267
10 8 122
4 10 245
9 8 241
8 5 154
4 1 266
7 8 80
1 3 166
7 2 128
10
3 9 162
3 5 101
5 10 27
3 4 224
6 3 132
1 6 113
1 2 122
7 3 173
3 8 85
10
9 7 26
9 8 19
10 7 163
7 5 231
5 2 124
9 6 137
9 3 268
6 4 226
1 10 104
10
1 3 102
2 3 172
2 5 55
1 9 282
9 8 40
2 6 269
4 3 288
5 7 38
10 6 296
10
1 9 140
1 6 39
8 6 175
5 8 30
10 9 235
9 2 287
4 8 148
7 5 213
3 7 281
10
10 1 122
1 2 48
2 8 84
8 3 165
10 9 173
6 2 64
6 7 288
4 3 164
5 1 107
10
9 8 183
4 8 48
9 2 151
2 3 3
2 10 56
6 9 6
5 2 45
7 3 229
5 1 298
10
1 8 4
8 9 17
8 5 208
8 4 296
3 5 6
7 5 52
6 5 51
5 2 296
10 5 157
10
4 6 4
5 4 158
6 2 76
2 1 221
9 6 15
9 10 299
3 5 236
5 8 214
1 7 231
10
1 8 109
8 9 158
9 10 216
8 4 212
6 9 76
5 6 102
5 7 112
2 7 40
8 3 249
10
7 6 211
6 2 16
3 7 287
3 1 208
6 10 71
9 10 73
5 9 73
9 4 237
2 8 150
10
10 2 8
3 2 133
5 10 32
1 5 156
6 3 40
5 4 61
4 7 23
5 9 86
1 8 280
10
8 4 9
1 4 161
9 1 66
2 9 138
2 5 14
3 2 152
9 7 218
2 6 263
10 7 273
10
8 4 7
2 8 294
9 2 162
6 4 134
8 1 160
8 7 52
3 8 235
6 5 264
4 10 37
10
6 4 149
6 5 252
4 8 49
4 10 196
4 2 144
6 9 207
1 9 21
7 6 111
5 3 287
10
10 8 133
5 10 30
2 10 162
3 8 127
10 1 296
6 5 6
3 9 189
8 4 185
4 7 283
10
5 2 234
10 2 133
10 4 193
5 7 191
9 2 259
10 6 172
5 1 17
3 2 91
1 8 180
10
8 6 242
9 8 170
6 1 21
8 2 165
2 4 121
4 3 169
10 3 8
3 5 21
7 4 38
10
6 7 233
4 7 84
6 9 84
1 4 75
7 10 191
4 5 113
3 9 19
4 2 157
3 8 142
10
3 6 1
8 6 266
8 4 45
8 7 157
3 5 230
6 2 60
9 4 121
1 9 194
1 10 43
10
3 2 123
5 2 201
3 9 222
9 1 19
3 4 113
1 8 154
6 1 107
2 7 141
10 5 103
10
8 7 251
7 3 27
8 1 15
8 5 279
6 3 274
9 6 258
1 10 286
4 3 123
2 6 67
10
4 8 184
8 2 231
7 2 167
3 7 123
1 7 207
6 7 93
3 9 219
5 8 100
4 10 227
10
2 1 83
10 2 89
1 7 151
1 3 109
3 5 282
10 8 19
9 10 136
6 1 183
7 4 25
10
6 10 210
8 10 71
4 6 70
1 4 108
9 8 127
2 9 25
10 5 198
6 3 213
5 7 58
10
7 10 260
4 10 54
3 10 19
10 1 240
3 5 54
4 8 284
9 7 128
5 6 13
1 2 142
10
1 4 11
4 2 52
7 2 137
4 9 98
8 2 4
3 2 198
6 4 14
5 2 177
4 10 216
10
7 9 15
9 2 116
1 9 112
4 9 44
10 1 288
6 10 161
6 8 243
1 5 248
3 8 262
10
9 2 118
3 2 7
1 2 101
4 9 259
5 3 43
10 1 223
5 7 156
8 5 110
6 2 275
10
8 10 17
7 10 220
10 2 107
8 4 267
10 9 238
3 7 4
7 1 192
6 4 150
5 6 33
10
1 5 246
10 1 236
5 7 252
5 6 8
4 7 227
2 4 154
1 8 53
3 1 163
9 3 179
10
4 7 12
4 8 76
2 8 255
6 2 137
8 10 40
2 5 80
3 4 161
10 1 103
9 4 170
10
9 5 115
5 1 269
5 6 42
1 3 124
3 8 239
9 4 185
7 8 182
10 6 260
4 2 213
10
1 5 10
10 1 22
8 10 68
7 5 195
10 3 15
9 8 255
10 2 51
1 6 7
2 4 178
10
9 5 82
10 5 122
5 4 217
3 9 242
9 6 146
10 8 283
2 5 116
7 6 63
4 1 224
10
7 3 112
3 10 291
6 7 76
3 1 33
7 4 293
6 5 167
4 8 45
9 8 54
2 6 263
10
3 5 38
4 5 93
7 5 71
1 3 281
2 1 155
10 5 221
9 3 87
8 1 222
5 6 136
10
1 6 195
6 7 78
1 5 249
1 8 156
6 4 138
10 6 27
9 6 51
7 3 180
2 3 87
10
8 7 123
3 7 94
3 10 39
8 1 118
9 8 103
9 6 42
2 1 124
10 4 111
2 5 14
10
6 10 215
10 3 54
1 3 230
3 9 193
2 1 118
5 10 207
1 4 228
3 7 158
8 10 178
10
2 1 218
2 8 220
4 1 261
10 1 102
5 2 293
9 1 203
10 3 286
6 3 83
1 7 185
10
7 1 93
1 4 68
5 1 89
5 10 185
9 7 173
9 8 273
2 10 58
8 3 58
6 10 103
10
4 9 43
4 7 294
4 3 227
9 10 196
5 4 228
3 6 242
1 3 208
4 8 299
4 2 297
10
5 8 189
5 4 140
4 6 288
3 8 141
9 6 203
1 3 57
8 7 152
8 2 230
10 5 144
10
6 5 226
7 6 63
7 10 21
4 6 200
2 5 219
9 6 145
7 1 83
3 2 200
8 5 43
10
3 1 149
7 1 20
7 5 198
5 4 187
3 9 164
10 1 135
9 6 82
3 8 65
2 8 169
10
1 6 73
1 10 233
4 6 87
1 2 94
5 1 207
10 3 192
9 10 175
3 8 45
1 7 25
10
1 5 208
6 5 92
8 6 271
10 8 231
2 8 288
10 7 253
2 3 266
10 9 211
4 2 48
10
3 9 228
3 5 7
8 9 25
8 10 47
10 6 43
4 8 125
5 1 183
7 5 144
2 1 131
10
8 1 194
5 8 169
8 4 55
4 6 230
10 6 210
10 2 300
1 7 283
3 5 64
1 9 66
10
9 4 15
4 6 108
9 3 217
9 2 143
2 8 283
4 5 281
3 7 16
5 1 163
10 8 264
10
3 6 198
5 3 205
4 3 56
4 8 221
2 8 116
9 8 233
10 3 34
3 1 21
7 5 86
10
5 3 126
6 5 166
6 8 290
4 3 69
3 1 240
7 5 67
10 7 157
3 9 30
2 6 7
10
1 9 235
1 6 235
1 7 124
9 10 124
4 6 144
7 5 74
8 1 47
10 3 35
5 2 195
10
4 1 111
6 1 288
10 6 235
1 3 32
7 1 179
4 9 139
2 1 120
2 5 10
8 2 21
10
3 8 10
9 8 68
3 5 260
6 3 140
10 5 233
5 1 165
3 4 273
5 7 289
2 10 216
10
6 3 146
4 6 204
4 1 91
5 3 124
8 4 99
4 10 51
4 7 279
9 5 274
6 2 22
10
9 1 183
1 8 14
1 10 176
8 6 175
2 1 151
6 4 92
6 7 168
7 5 290
2 3 6
10
6 3 41
6 7 157
7 8 97
8 9 100
9 2 273
5 3 45
6 1 31
7 10 49
4 8 104
10
3 2 16
5 3 68
2 7 97
5 8 215
1 3 238
1 4 2
9 3 246
10 5 189
6 7 162
10
3 1 277
9 1 248
7 1 157
5 7 30
2 5 24
6 9 278
5 4 49
4 8 124
10 3 157
10
9 5 141
5 7 112
5 6 1
1 5 188
1 4 139
6 10 239
2 5 162
8 10 102
2 3 125
10
6 9 106
5 9 153
5 3 141
4 5 286
2 4 179
4 8 75
8 1 151
9 7 201
10 2 153
10
8 4 109
2 4 138
4 9 168
9 1 11
5 4 57
1 10 241
7 10 236
6 1 259
3 1 257
10
8 9 288
8 1 287
9 3 277
8 7 208
10 7 138
3 5 165
2 8 234
6 1 95
4 3 69
10
10 7 245
7 4 135
2 4 269
5 7 23
7 9 147
2 3 87
1 5 171
8 2 151
4 6 188
10
6 9 28
6 5 227
4 5 253
2 9 124
6 7 247
1 6 168
2 3 223
4 10 201
10 8 157
10
3 10 292
9 10 148
8 10 182
1 10 88
9 6 74
8 2 73
5 1 277
6 4 67
10 7 91
10
4 8 211
8 2 207
4 5 173
8 6 200
8 1 85
8 3 207
10 2 265
10 7 249
6 9 264
10
1 9 200
9 4 158
1 5 192
1 7 95
1 10 293
10 6 254
8 9 298
2 5 174
3 4 257
10
3 8 88
5 3 254
8 9 193
9 6 185
1 9 28
1 4 199
7 5 190
8 2 121
1 10 107
10
3 10 152
4 3 129
4 1 124
6 4 77
8 3 186
3 7 27
9 1 41
8 2 261
5 8 84
10
6 10 98
10 5 31
7 10 89
5 4 138
7 9 279
3 7 229
1 4 260
7 8 168
2 4 216
10
8 10 204
9 8 205
6 9 254
7 9 184
1 7 70
9 3 36
1 5 227
10 2 92
4 6 235
10
8 7 43
8 2 20
7 1 48
9 7 186
4 8 179
8 10 175
6 8 236
5 4 66
6 3 143
10
8 1 232
7 8 74
10 1 136
5 10 245
9 7 124
6 8 252
7 3 4
4 8 273
7 2 5
10
7 2 57
6 2 199
7 3 97
1 2 203
5 2 100
1 9 260
6 8 40
9 4 184
10 6 239
10
7 6 147
10 7 190
7 5 192
1 7 291
4 6 83
2 7 79
6 3 201
9 4 249
8 4 73
10
9 2 299
3 9 184
1 3 120
2 7 14
9 5 293
6 5 219
7 10 192
5 4 122
2 8 32
10
6 3 104
1 3 59
1 9 36
7 3 138
5 1 190
7 2 177
7 4 295
1 10 14
8 4 213
10
3 9 171
8 3 126
1 3 14
10 9 154
7 3 12
5 9 211
2 10 174
4 1 12
6 10 232
10
8 4 145
8 5 143
2 5 156
7 4 144
5 3 5
4 10 295
1 7 107
7 6 58
9 10 53
10
8 2 212
10 8 102
7 10 149
3 2 288
9 10 299
5 8 252
10 4 156
4 1 274
8 6 49
10
1 10 66
3 10 283
1 7 8
7 8 97
7 6 179
10 5 300
2 6 81
8 9 2
4 10 101
10
3 5 243
7 5 156
8 3 217
5 2 293
8 6 244
2 9 234
8 1 112
10 9 48
9 4 47
10
8 4 215
9 8 96
4 5 31
2 5 285
5 3 20
6 2 143
7 5 160
9 10 77
1 9 164
10
3 9 201
9 5 265
5 7 124
1 9 163
5 8 54
6 1 147
2 8 144
3 4 297
10 9 148
10
4 2 183
6 4 284
6 9 237
8 2 148
9 10 280
4 5 185
7 5 33
3 2 149
10 1 128
10
3 1 130
1 2 123
8 3 270
10 2 64
2 7 205
1 4 122
8 6 223
4 5 61
5 9 127
10
9 5 243
6 9 206
4 5 207
6 2 286
3 4 183
10 4 4
6 7 99
1 2 89
8 4 186
10
3 9 8
4 3 21
9 10 300
1 9 13
8 1 154
6 9 82
6 5 270
4 7 48
2 1 49
10
4 5 64
2 4 154
7 5 169
4 8 190
9 4 299
4 10 35
4 1 262
3 1 36
8 6 91
10
3 1 159
3 6 214
10 1 205
1 2 91
8 3 75
10 7 36
9 3 249
5 1 20
6 4 111
10
7 4 269
1 7 54
10 7 1
8 1 218
6 1 174
6 9 175
1 5 294
8 2 206
7 3 168
10
7 2 52
10 2 99
7 4 239
7 1 263
5 2 173
8 2 261
9 5 52
6 1 273
7 3 297
10
10 3 213
4 3 122
3 2 130
7 2 213
5 7 215
10 9 156
6 2 237
1 2 58
8 9 281
10
3 9 187
5 3 240
9 1 97
9 6 58
2 1 172
8 5 13
4 1 121
5 7 124
10 2 107
10
2 10 208
6 2 26
6 7 202
1 10 288
10 4 207
2 5 255
8 10 270
10 3 262
9 7 240
10
3 7 219
3 4 233
7 10 33
10 6 161
3 5 212
1 5 91
3 9 129
3 2 252
8 3 8
10
4 2 113
1 2 2
2 8 47
2 9 122
7 1 181
8 5 235
8 3 236
1 6 183
10 6 49
10
7 2 84
7 10 88
2 1 286
2 6 286
3 1 209
7 8 227
10 4 67
9 4 216
5 1 29
10
7 5 161
8 5 106
1 5 292
5 6 256
3 8 16
4 7 167
7 2 107
2 9 226
10 8 55
10
7 1 122
7 9 85
7 6 30
10 1 158
9 8 245
3 8 206
2 9 21
9 4 181
5 2 19
10
8 9 102
5 9 114
9 2 112
1 2 22
1 10 161
5 7 179
7 6 42
3 5 115
5 4 196
10
1 5 60
4 1 186
4 7 48
1 3 128
3 6 174
7 9 284
8 1 269
7 2 221
8 10 189
10
8 1 254
1 4 19
10 4 80
5 4 256
5 7 291
10 9 179
2 4 45
9 6 181
3 7 85
10
7 4 248
10 4 175
7 1 76
2 10 196
1 6 51
1 3 207
4 5 40
9 2 245
8 1 280
10
3 2 175
2 1 201
9 3 145
1 5 275
8 2 239
10 1 142
1 7 226
10 4 166
9 6 12
10
4 2 55
7 2 80
5 7 233
5 3 102
1 4 208
4 8 276
7 10 259
10 6 276
9 7 241
10
3 9 146
9 10 179
8 3 35
7 10 158
4 10 148
5 3 21
10 6 10
9 1 248
4 2 148
10
10 2 1
10 9 170
9 5 207
5 1 102
3 2 268
3 4 140
3 6 246
7 6 189
4 8 162
10
7 9 234
7 6 102
5 7 205
5 1 76
3 6 22
7 8 261
8 2 145
4 7 288
10 8 135
10
7 3 158
4 7 98
3 8 79
2 7 167
4 5 251
10 7 64
4 6 45
9 10 292
2 1 274
10
6 2 260
2 5 212
6 7 127
7 10 101
2 8 287
9 8 269
7 3 61
8 1 208
4 5 128
10
5 6 145
6 9 12
5 1 89
6 2 277
1 10 256
8 6 183
6 4 215
4 3 159
7 2 31
10
10 4 175
5 4 121
9 10 211
8 9 282
9 2 233
3 10 1
7 5 82
6 8 7
10 1 283
10
3 9 179
9 5 230
9 8 218
3 7 66
3 10 21
9 2 224
1 9 253
1 4 156
3 6 254
10
6 1 232
3 6 293
3 5 174
4 5 293
7 4 93
10 3 106
8 4 3
9 4 72
2 7 273
10
3 4 54
3 8 8
3 5 130
1 5 136
9 8 75
8 10 261
7 4 28
1 2 130
9 6 160
10
7 10 238
10 2 114
5 7 52
6 2 120
2 4 116
6 8 121
7 9 269
1 10 271
3 5 107
10
5 2 202
2 3 221
3 4 122
10 4 236
6 3 170
8 3 183
8 1 289
7 10 175
2 9 282
10
5 7 110
5 8 10
9 8 224
3 8 129
8 10 213
2 8 113
4 3 23
2 6 141
9 1 272
10
2 6 82
4 2 83
2 1 172
5 1 296
3 5 1
10 5 169
7 3 260
8 6 192
8 9 228
10
3 6 135
7 3 170
5 7 165
6 10 239
8 3 51
1 6 269
2 7 120
10 9 97
4 10 151
10
1 10 289
10 4 221
7 4 185
8 10 201
7 5 176
9 7 31
6 7 214
10 3 45
9 2 96
10
4 7 244
8 4 118
1 7 299
7 3 170
2 7 221
10 4 237
10 6 288
9 10 107
5 10 119
10
3 9 73
4 3 131
9 8 116
8 1 85
4 6 94
3 10 237
1 2 112
7 6 134
4 5 75
10
3 9 220
9 4 213
8 4 27
10 4 96
3 6 189
5 4 247
2 5 248
3 7 8
9 1 170
10
7 3 131
6 3 297
7 9 207
3 8 289
9 1 180
7 2 191
8 10 235
4 6 177
9 5 226
10
5 4 267
8 5 140
6 4 255
7 6 194
6 2 210
7 1 195
10 8 295
9 5 296
3 1 231
10
8 2 210
3 2 287
2 5 241
2 7 177
9 2 198
6 8 122
8 4 287
4 10 5
4 1 4
10
10 6 127
10 2 162
6 3 12
10 8 190
8 4 226
3 1 100
7 4 251
5 10 155
9 10 193
10
3 9 182
3 5 61
4 3 284
2 3 14
1 5 138
3 6 83
10 9 141
3 7 111
9 8 83
10
7 5 37
10 5 6
7 4 12
4 2 46
4 3 151
9 3 113
8 3 45
1 2 165
2 6 177
10
7 10 178
2 7 63
3 10 243
4 7 195
10 6 223
8 7 93
1 7 74
1 9 91
5 7 178
10
4 2 33
2 6 113
2 10 234
1 4 277
1 3 139
7 2 160
8 7 232
5 4 76
9 5 202
10
3 1 175
6 1 232
10 1 50
4 10 253
4 8 101
3 5 275
7 8 2
9 5 143
2 9 278
10
2 9 273
2 10 117
10 6 172
5 6 67
2 8 198
5 3 219
10 1 64
4 9 290
7 4 67
10
6 8 175
5 8 249
9 5 247
8 4 169
3 6 74
1 5 27
4 10 109
6 7 56
2 9 23
10
7 1 237
7 9 130
9 2 290
9 5 149
4 2 202
5 10 43
9 8 130
5 6 6
3 2 286
10
2 6 118
1 6 88
8 1 152
2 9 119
1 5 29
3 8 129
1 4 261
9 7 52
10 7 227
10
5 8 282
5 6 133
2 6 39
10 8 283
2 4 6
1 2 105
7 2 47
9 1 244
3 1 163
10
1 3 207
8 3 24
3 4 156
8 5 47
9 4 85
8 6 200
4 7 216
6 10 22
2 8 95
10
9 4 85
7 4 20
7 8 193
5 8 38
9 6 195
2 6 191
4 3 180
9 1 83
10 3 160
10
2 1 270
6 2 172
8 1 156
3 1 1
3 9 237
5 2 142
10 3 154
3 4 257
7 9 127
10
3 5 106
9 3 144
3 1 7
9 4 92
7 4 230
5 10 57
8 1 166
6 1 98
2 5 252
10
5 4 297
7 4 291
8 5 82
9 5 110
8 3 128
6 3 183
8 10 38
1 7 185
2 10 45
10
2 3 244
1 3 54
1 5 215
10 2 254
10 8 195
4 10 33
6 1 228
7 4 107
5 9 220
10
1 7 74
7 5 279
9 7 83
6 9 256
6 8 197
8 3 91
8 10 121
5 4 201
2 1 6
10
9 5 242
5 2 15
3 9 67
5 4 242
1 9 88
7 3 195
10 4 15
3 8 125
6 7 235
10
5 7 265
7 1 174
5 2 86
8 2 155
7 4 175
1 6 22
9 6 106
1 3 173
1 10 21
10
1 5 35
10 5 145
5 6 83
5 4 125
6 8 162
5 3 15
7 6 14
1 2 44
5 9 282
10
7 8 267
8 6 244
6 1 76
6 5 290
3 8 289
9 8 167
4 7 45
1 10 18
2 3 213
10
3 2 240
9 3 173
9 1 2
8 2 68
1 7 192
10 7 224
5 1 42
4 8 21
8 6 140
10
1 10 51
1 4 128
9 4 148
8 10 66
10 5 43
2 1 112
8 6 86
7 4 155
3 6 215
10
1 2 277
8 1 81
3 1 146
3 9 214
10 3 262
9 4 256
6 10 195
5 8 280
3 7 243
10
4 6 200
1 6 294
6 10 105
7 4 78
3 1 225
7 9 110
2 4 217
5 7 163
5 8 154
10
5 7 104
4 7 148
10 7 282
5 2 229
9 5 104
3 5 128
9 8 69
6 5 3
1 3 124
10
2 5 143
5 8 62
8 4 270
4 3 171
4 10 21
10 6 12
9 10 21
10 1 218
10 7 266
10
7 2 51
2 1 87
2 8 28
9 8 162
2 5 13
5 3 294
7 6 161
10 9 184
4 5 265
10
4 1 34
10 1 288
4 7 87
10 3 250
1 8 263
5 1 134
10 2 180
9 3 127
5 6 266
10
2 8 163
8 1 174
8 5 275
1 10 92
6 2 281
3 10 133
9 3 218
1 7 123
4 3 241
10
3 5 168
1 3 105
5 10 129
10 2 43
9 2 260
3 8 280
9 7 36
4 10 273
6 7 60
10
2 1 264
3 2 173
2 9 200
5 1 139
5 4 68
10 3 25
5 8 134
2 7 97
7 6 25
10
3 9 31
3 10 140
5 3 25
3 8 96
3 2 38
4 5 131
6 10 151
9 1 158
7 3 279
10
6 7 216
9 7 82
4 9 250
1 7 76
1 3 222
4 2 113
10 9 237
5 7 121
6 8 296
10
8 6 199
8 3 231
6 5 300
7 6 88
8 9 187
10 6 48
5 1 200
4 8 56
8 2 51
10
4 9 234
2 4 214
4 10 40
9 1 185
9 6 108
8 2 240
6 5 170
7 9 180
3 9 63
10
6 5 277
9 5 150
3 5 108
6 10 44
9 8 249
2 5 108
1 9 245
5 4 135
3 7 262
10
1 3 204
5 1 168
9 5 5
6 5 173
6 4 143
7 3 197
10 3 85
8 10 292
1 2 213
10
7 6 27
6 4 164
9 4 90
7 10 213
5 7 182
2 9 62
9 8 193
3 8 161
1 6 5
10
4 5 246
4 2 72
1 2 131
9 1 292
2 8 36
1 7 143
1 6 281
4 3 56
5 10 235
10
10 8 291
4 8 185
8 9 277
9 3 267
1 3 127
7 9 56
4 5 81
2 4 59
6 1 104
10
4 7 241
3 4 102
1 4 90
8 7 247
6 8 68
4 9 122
5 6 103
10 7 179
2 5 39
10
4 10 119
7 4 60
1 4 195
7 9 62
1 2 247
5 2 266
4 3 71
6 4 227
8 2 54
10
2 8 102
2 1 275
2 7 191
8 10 39
6 10 271
3 6 172
4 6 211
4 5 54
6 9 206
10
5 2 156
1 2 19
3 2 212
7 1 91
5 4 229
10 2 273
8 3 289
4 9 233
6 1 207
10
3 7 15
5 7 223
3 6 56
1 6 174
8 6 219
10 6 254
1 4 252
10 9 245
4 2 244
10
8 6 37
7 8 24
1 8 249
1 10 56
10 2 130
1 9 48
10 4 61
3 2 160
5 4 227
10
10 8 171
3 10 246
2 3 93
4 3 245
9 3 112
6 3 78
10 1 170
2 5 16
7 4 71
10
7 8 7
3 7 143
10 3 140
1 3 163
5 10 155
1 4 82
9 5 23
1 6 43
2 5 144
10
4 3 87
6 3 144
4 1 239
4 2 232
8 6 212
5 4 144
2 7 9
9 5 32
3 10 178
10
8 5 148
5 4 178
3 5 298
4 1 113
8 10 223
2 4 10
9 4 54
3 7 285
7 6 288
10
9 2 231
10 2 169
2 5 170
8 5 30
1 8 17
5 4 194
7 9 24
7 3 224
7 6 200
10
9 6 164
8 6 231
4 8 126
9 5 35
2 4 164
6 1 92
9 10 203
9 3 282
8 7 172
10
4 3 175
7 3 132
3 2 229
3 5 77
10 5 199
8 10 22
1 8 206
9 2 269
6 10 203
10
8 4 226
8 9 132
8 1 219
8 3 284
4 5 112
8 6 231
7 5 252
10 6 282
9 2 157
10
6 8 113
6 9 63
1 6 44
6 2 232
1 7 15
8 4 147
9 5 269
10 6 80
1 3 34
10
5 4 266
5 1 63
5 6 157
6 2 300
1 8 180
9 6 134
2 3 140
8 7 170
10 9 60
10
10 5 24
10 7 106
5 9 295
4 10 274
10 3 297
2 9 30
6 4 15
1 3 259
8 6 241
10
6 2 143
2 7 128
1 6 278
10 2 264
8 10 161
5 8 60
8 9 131
10 4 238
9 3 193
10
7 6 111
6 5 62
8 7 68
7 9 191
5 1 158
8 3 64
6 10 163
2 7 69
4 8 279
10
3 7 170
7 1 95
4 7 106
2 3 293
7 9 273
9 5 267
9 8 118
7 10 86
1 6 239
10
8 5 27
2 8 63
4 5 261
9 8 281
8 10 222
2 7 151
1 7 263
3 5 67
6 10 101
10
2 3 118
7 2 169
3 6 70
6 5 289
9 3 210
1 9 228
1 10 169
9 8 60
3 4 20
10
10 4 240
10 3 49
4 1 109
6 3 74
2 3 257
3 8 149
3 5 150
2 7 30
4 9 8
10
8 5 82
3 5 199
3 10 270
10 9 117
4 9 165
7 8 158
7 1 40
6 8 285
7 2 136
10
3 1 42
10 1 297
1 4 228
4 2 81
8 4 169
10 7 8
5 7 2
1 9 246
4 6 55
10
7 3 63
7 10 171
10 1 84
7 9 76
9 5 247
7 2 119
8 1 152
8 6 150
3 4 154
10
10 5 296
4 10 89
10 9 44
5 8 62
4 6 18
10 7 61
7 3 168
9 1 8
2 7 119
10
1 10 148
10 4 280
3 1 90
3 7 163
1 6 170
6 8 61
9 10 126
5 4 85
2 10 256
10
9 7 293
3 7 16
7 6 172
2 7 123
6 1 94
1 5 292
8 1 106
1 10 206
4 8 93
10
6 7 232
10 7 224
8 6 187
9 6 272
5 8 189
3 5 252
4 6 175
2 10 181
1 4 293
10
6 2 57
10 2 149
6 1 154
9 6 22
7 2 285
8 6 289
8 5 167
4 5 205
8 3 275
10
8 9 21
9 2 32
4 8 287
3 8 16
5 3 164
10 9 101
10 6 271
7 2 39
6 1 224
10
1 8 282
5 1 94
8 4 237
9 8 131
7 9 215
3 9 241
6 4 138
10 1 106
9 2 300
10
2 1 264
4 2 50
3 4 191
2 10 130
10 9 293
2 6 224
7 4 157
2 8 17
7 5 198
10
3 5 266
3 2 25
10 5 220
3 8 55
9 8 6
8 1 195
6 8 287
9 4 18
9 7 36
10
8 6 271
6 10 187
2 6 107
1 2 272
6 4 92
4 3 217
9 10 93
7 1 3
4 5 74
10
3 1 257
8 3 259
8 2 62
2 9 191
10 2 181
3 7 79
5 9 227
8 6 181
6 4 163
10
2 4 2
6 4 230
10 4 287
2 5 150
9 2 285
1 2 195
1 3 230
6 7 56
8 4 117
10
3 1 39
7 1 150
4 3 37
9 3 271
7 2 62
3 5 187
4 8 207
4 10 194
7 6 118
10
8 4 167
4 5 4
5 6 244
6 2 209
4 10 131
3 8 159
4 1 135
7 10 13
9 10 158
10
7 5 268
7 2 146
4 2 63
2 1 49
4 8 217
1 3 299
9 5 223
4 6 115
10 8 237
10
7 10 255
6 7 236
10 3 56
5 7 66
1 5 206
10 8 235
2 1 73
5 9 217
4 6 44
10
2 10 194
2 9 93
7 2 240
1 7 156
7 5 143
6 7 225
8 2 167
3 10 8
9 4 238
10
7 10 32
1 7 237
7 2 201
2 6 240
10 4 292
1 9 217
1 3 252
5 4 272
6 8 169
10
9 1 55
9 6 161
9 7 124
6 5 130
7 10 289
8 1 144
3 1 242
2 3 120
4 8 132
10
8 6 57
8 10 297
10 5 13
2 5 82
2 9 174
5 4 243
7 10 290
6 1 124
5 3 159
10
10 1 193
1 8 250
1 2 103
8 5 82
6 1 131
1 3 119
7 8 158
10 4 21
7 9 17
10
5 9 124
9 2 273
9 1 143
2 3 217
3 4 113
6 2 164
7 1 264
8 6 67
10 3 272
10
6 10 275
6 7 235
8 7 125
5 7 149
1 7 146
9 6 174
2 5 218
6 4 33
7 3 125
10
7 3 164
3 1 30
7 2 188
7 10 269
8 10 34
2 5 59
6 7 171
2 9 212
4 5 109
10
4 1 18
4 5 216
2 5 143
4 10 188
9 2 85
3 9 96
9 7 173
10 8 299
6 3 189
10
8 6 286
3 8 197
9 3 275
6 1 55
2 3 52
2 7 279
6 10 38
2 5 262
4 2 226
10
7 4 245
7 2 70
9 7 195
5 9 164
9 6 63
1 4 64
3 5 78
10 9 287
1 8 185
10
5 6 104
8 6 286
6 10 284
6 4 49
1 5 24
3 10 191
6 9 239
4 7 167
7 2 285
10
10 6 63
4 6 91
4 8 146
9 6 133
1 6 240
5 9 271
6 7 222
2 6 149
10 3 279
10
5 9 209
9 3 46
3 8 235
5 2 33
4 3 16
2 1 201
6 9 129
7 6 107
2 10 278
10
10 5 37
5 4 178
6 10 300
5 7 290
4 1 269
2 5 60
9 1 300
8 7 214
3 1 86
10
4 8 149
10 8 193
7 4 107
8 9 68
4 1 66
7 6 254
9 3 264
9 2 211
4 5 32
10
8 10 208
9 8 128
8 5 149
9 6 149
6 3 12
4 9 57
10 2 53
7 4 121
1 5 268
10
3 2 286
2 4 44
2 10 55
9 4 117
9 5 11
8 10 250
9 1 232
9 7 195
6 3 170
10
1 2 47
9 2 180
10 1 283
6 10 30
5 10 9
7 10 92
9 8 17
7 3 26
4 3 64
10
9 7 227
7 10 88
9 4 198
9 1 181
9 3 271
10 8 291
9 2 280
10 6 124
5 9 45
10
8 10 143
8 7 117
7 9 176
1 10 46
8 4 142
6 1 275
7 5 217
3 4 270
2 5 4
10
9 8 192
6 9 72
1 6 267
6 2 2
3 8 83
7 9 116
4 3 174
10 2 169
2 5 204
10
5 2 186
8 5 2
5 1 60
7 2 287
2 6 43
1 3 280
10 8 233
4 7 73
9 2 76
10
1 5 205
5 7 65
3 1 22
3 8 141
2 1 42
5 6 104
2 9 221
7 4 25
10 1 233
10
1 9 132
6 9 152
2 1 16
7 2 297
4 7 204
9 8 49
5 1 149
10 6 216
6 3 218
10
8 3 124
3 7 234
8 9 182
1 7 118
1 5 250
8 6 180
9 4 17
2 7 103
5 10 84
10
7 9 221
8 7 136
9 1 63
1 4 241
7 6 130
8 3 198
5 7 193
2 7 38
10 3 92
10
10 6 231
7 6 188
8 7 190
6 2 297
10 5 117
8 4 40
9 4 21
3 5 174
1 4 27
10
5 2 249
2 3 217
3 1 54
5 8 49
6 3 94
4 2 48
2 9 115
7 6 86
10 2 142
10
9 4 201
4 1 178
1 3 6
3 6 51
3 8 132
10 1 175
3 7 193
3 5 275
2 8 69
10
5 7 275
4 5 219
1 4 294
7 9 11
3 4 138
8 1 97
8 10 84
1 6 66
6 2 105
10
7 2 191
2 4 69
5 2 53
3 4 79
7 9 187
6 3 36
8 4 75
1 6 90
7 10 61
10
10 4 176
10 5 236
4 9 110
6 9 266
2 6 272
1 9 74
3 5 183
8 5 244
9 7 220
10
9 8 296
8 10 227
7 8 184
9 1 168
2 8 20
7 5 124
2 4 280
6 4 4
1 3 109
10
3 8 45
8 4 139
8 2 5
7 4 160
5 7 197
10 7 254
7 6 121
2 1 232
9 6 220
10
7 8 196
5 7 138
5 10 206
1 10 19
6 1 64
2 8 62
10 4 144
7 9 62
4 3 255
10
2 10 220
9 2 240
7 9 290
10 4 163
4 1 85
8 7 6
9 3 191
1 5 96
8 6 35
10
8 5 256
5 10 296
9 8 246
8 4 13
9 2 187
3 5 233
5 6 224
7 8 53
1 6 158
10
9 5 88
9 2 57
9 3 134
4 9 236
6 4 249
6 8 27
8 1 209
4 7 30
4 10 39
10
3 6 195
3 10 140
4 6 160
6 1 103
5 3 28
8 6 289
2 10 78
3 7 263
9 6 295
10
9 8 290
2 8 289
6 8 94
4 8 280
2 1 122
7 2 105
2 5 297
10 7 300
3 9 1
10
7 2 136
8 7 129
2 9 2
9 10 56
10 6 57
10 1 255
5 10 42
2 4 219
3 7 48
10
4 10 280
6 10 221
4 3 14
10 7 123
10 9 175
1 6 244
5 3 234
2 5 78
7 8 292
10
1 4 51
3 4 158
9 3 95
5 9 177
9 6 300
1 10 198
3 8 241
1 2 267
9 7 249
10
1 3 132
1 7 94
7 2 277
6 2 99
7 9 197
8 2 29
1 4 124
10 1 236
5 3 132
10
9 3 143
5 9 270
5 10 60
8 10 13
4 10 44
10 1 166
6 5 43
7 1 196
2 1 238
10
5 10 36
10 2 32
10 8 192
2 9 287
8 7 87
3 2 181
6 8 151
7 4 283
9 1 64
10
5 10 12
3 5 267
4 5 8
1 10 35
7 5 270
10 9 245
2 9 46
8 2 100
6 9 100
10
4 3 200
9 3 98
9 5 82
7 4 114
7 2 27
1 7 80
10 2 97
9 6 12
8 4 24
10
2 10 85
10 3 158
10 4 271
2 5 79
1 4 156
10 6 231
9 6 296
7 3 10
10 8 45
10
8 4 72
4 3 284
7 4 168
4 6 65
2 8 110
4 1 27
8 9 173
7 5 91
10 9 70
10
5 6 221
8 6 230
5 9 42
5 10 93
2 10 214
9 1 3
2 3 265
4 9 127
3 7 124
10
8 2 218
1 2 9
3 1 160
3 10 139
3 5 72
4 1 23
6 3 93
5 9 5
9 7 102
10
5 8 210
8 1 137
2 1 240
1 7 201
7 3 75
6 8 3
2 10 118
6 9 227
4 8 102
10
4 7 11
7 9 292
3 9 172
4 10 266
10 2 135
6 9 44
7 8 19
5 6 125
3 1 258
10
3 10 216
4 10 265
10 2 48
3 8 126
8 1 94
1 7 296
8 9 102
9 6 273
10 5 16
10
9 1 63
1 4 254
1 6 271
3 4 204
1 7 80
1 8 84
10 1 261
9 5 174
4 2 273
10
1 4 299
7 1 17
10 7 276
3 4 182
6 10 174
9 3 150
2 6 88
5 3 156
8 6 247
10
5 7 263
5 4 142
5 10 19
1 4 296
5 2 270
4 8 228
6 4 108
5 9 104
3 2 213
10
1 3 236
8 1 147
3 4 178
8 9 283
3 5 94
4 2 90
1 6 156
7 1 12
10 7 153
10
2 10 22
1 10 259
7 2 186
5 2 70
6 7 228
8 10 134
3 7 20
2 9 12
4 9 251
10
5 8 209
9 8 276
5 6 107
9 10 31
5 3 50
3 1 164
10 4 19
1 2 272
5 7 111
10
2 5 43
2 6 140
8 2 293
5 7 79
6 9 124
6 4 176
1 4 52
2 10 14
3 10 295
10
1 7 193
4 7 37
4 8 147
4 9 162
7 2 104
10 8 244
5 2 47
3 9 1
2 6 257
10
4 5 297
5 8 71
4 2 227
8 6 76
4 1 296
2 3 295
1 9 263
7 1 295
2 10 182
10
4 3 273
1 4 135
5 1 157
2 4 214
3 9 49
9 6 89
6 8 238
2 10 221
6 7 94
10
8 6 111
2 8 290
9 2 172
9 7 35
3 8 172
4 9 135
7 1 132
8 10 139
5 7 211
10
6 7 240
1 7 217
10 1 243
1 4 198
10 5 287
3 1 233
2 1 265
8 6 233
1 9 64
10
3 7 38
9 7 97
9 2 50
4 2 34
10 9 220
4 8 20
10 6 239
5 4 111
6 1 263
10
4 8 201
10 8 21
6 4 220
8 7 220
8 9 108
4 2 166
1 6 120
6 5 40
3 2 26
10
4 10 225
8 10 102
4 1 113
10 6 223
2 10 13
10 5 277
2 3 76
1 9 197
7 2 7
10
9 4 56
9 3 153
1 4 208
4 5 107
7 5 125
9 6 21
1 10 189
8 5 270
2 3 64
10
6 10 94
10 1 17
10 5 272
2 5 256
2 9 275
8 9 143
9 4 179
1 3 288
7 2 119
10
5 2 277
2 8 42
1 5 91
5 7 86
5 10 141
3 7 172
9 10 278
6 10 294
6 4 30
10
5 9 213
5 3 214
3 8 260
9 10 73
10 4 220
1 5 104
4 7 49
7 6 199
2 5 192
10
3 9 254
9 2 182
10 9 214
9 5 258
4 2 83
1 9 89
10 8 143
10 7 106
7 6 196
10
1 3 247
10 1 99
8 1 226
3 2 9
7 8 127
4 8 40
2 6 49
9 3 76
2 5 121
10
5 8 285
8 3 188
7 5 1
4 5 170
5 9 73
3 6 13
6 2 74
2 1 175
9 10 247
10
3 1 52
9 3 281
1 6 212
10 1 138
7 3 167
1 4 193
6 5 117
8 7 98
2 5 36
10
5 9 32
9 6 191
4 9 116
10 6 224
3 10 238
7 9 86
8 9 297
2 4 276
7 1 2
10
2 9 245
2 3 18
9 10 186
1 3 300
5 9 215
3 6 157
8 5 68
7 5 121
1 4 101
10
2 8 46
8 7 114
5 7 16
10 5 182
5 9 24
9 6 297
4 5 24
5 1 21
10 3 245
10
10 1 220
2 10 160
2 3 251
7 10 41
10 8 270
6 8 180
2 4 23
5 6 293
2 9 267
10
7 10 283
8 7 240
9 8 147
10 1 143
2 1 46
9 3 222
6 1 150
7 5 195
9 4 12
10
1 8 80
1 5 268
8 7 239
2 5 69
8 4 128
6 1 175
10 1 81
3 8 161
10 9 299
10
6 3 114
6 10 132
3 1 65
7 3 232
6 9 191
2 6 169
9 8 189
4 3 10
3 5 59
10
2 9 59
9 10 161
7 10 158
3 10 164
4 9 284
10 6 237
10 5 187
1 5 189
8 10 297
10
5 7 23
9 5 39
7 3 215
2 3 11
6 9 62
2 8 273
10 2 191
8 1 122
9 4 281
10
9 7 149
7 2 224
4 7 50
8 9 300
7 1 126
4 6 191
10 9 282
6 3 245
5 10 85
10
3 5 264
1 5 56
1 6 205
7 5 11
3 4 283
3 9 239
10 7 281
8 10 235
2 5 28
10
1 5 54
10 5 294
5 2 144
4 10 111
10 9 131
3 10 242
10 8 248
4 6 274
7 6 129
10
6 4 234
4 3 263
10 3 119
1 10 44
8 6 298
7 8 18
1 9 204
6 5 209
2 8 94
10
9 6 165
9 5 142
6 2 279
5 1 122
6 3 268
4 3 162
8 9 37
8 7 240
10 3 41
10
6 3 264
5 3 75
1 3 175
2 1 248
2 9 91
3 7 126
4 6 100
8 4 102
10 2 219
10
10 4 290
5 4 39
5 1 26
2 4 49
6 5 132
8 10 232
6 7 11
6 3 217
7 9 24
10
5 6 296
6 3 245
5 7 39
9 6 54
1 5 38
6 10 58
7 4 263
9 8 106
2 3 58
10
5 3 147
5 7 209
3 1 226
5 9 161
2 5 271
1 4 157
7 10 33
8 4 292
6 7 193
10
1 7 114
6 7 83
3 7 271
1 10 62
8 1 193
10 9 46
10 5 11
1 4 254
9 2 216
10
4 7 137
4 1 82
7 8 233
7 3 265
4 10 224
6 7 272
7 2 167
8 9 261
5 9 248
10
3 8 263
2 3 220
2 10 204
8 1 275
4 2 151
8 6 139
9 4 93
5 6 7
5 7 71
10
8 3 102
3 1 231
1 6 156
8 2 6
2 7 193
4 7 164
10 2 49
4 9 232
4 5 78
10
4 7 52
4 10 7
3 7 271
4 6 246
8 3 109
3 9 241
3 2 151
1 9 244
5 2 200
10
3 5 123
5 2 270
3 7 263
7 6 2
9 7 32
8 2 206
10 6 293
1 9 221
4 2 136
10
2 5 158
5 3 114
5 8 73
2 1 64
5 6 279
7 8 205
2 9 107
3 4 130
10 9 82
10
10 3 142
1 10 279
3 6 109
2 10 298
1 9 61
9 8 39
4 1 84
5 9 296
7 2 212
10
5 7 36
5 3 275
7 6 149
10 7 118
5 9 221
1 9 292
8 3 224
4 7 107
2 6 119
10
9 1 109
9 3 206
3 6 148
3 2 195
4 2 83
9 7 124
1 5 85
10 5 18
8 7 208
10
6 2 45
7 2 36
3 7 149
2 4 157
8 3 281
9 3 211
10 8 78
8 5 141
1 10 273
10
10 6 141
10 8 57
10 4 225
7 8 83
10 2 199
9 7 273
10 5 222
3 7 86
1 5 279
10
9 7 254
2 7 269
9 6 209
3 6 162
1 9 105
8 9 201
4 1 15
10 9 293
5 4 144
10
8 4 300
9 4 193
9 2 31
3 9 103
7 9 214
4 10 285
3 5 13
5 6 62
1 9 31
10
4 2 57
3 2 106
6 2 42
4 1 177
6 7 81
9 7 262
8 1 129
5 7 95
5 10 25
10
2 9 50
5 9 201
5 1 101
1 4 38
5 6 276
3 6 160
3 10 148
1 8 148
7 6 208
10
3 7 245
7 4 118
4 10 105
3 1 26
6 1 191
3 8 51
5 6 269
6 2 125
9 2 241
10
6 9 58
9 4 195
2 4 127
5 2 178
2 8 249
10 6 138
1 2 65
10 7 25
8 3 5
10
9 7 26
4 9 108
2 9 222
7 1 284
3 7 292
8 2 213
6 9 102
8 5 60
3 10 12
10
8 5 247
5 7 23
4 8 207
9 7 300
6 8 285
1 6 171
4 10 232
8 2 228
3 8 144
10
6 5 274
5 9 108
9 7 112
2 6 149
6 1 182
8 6 35
10 6 281
1 3 42
1 4 265
10
5 7 61
5 8 167
9 7 211
7 10 166
10 1 217
5 2 56
3 8 261
4 3 139
6 1 220
10
6 9 39
1 6 300
6 5 233
1 4 210
10 1 259
2 4 161
7 10 91
7 3 164
8 7 253
10
1 8 189
6 1 223
7 1 22
2 1 119
3 2 122
6 5 56
2 9 134
4 6 33
10 5 220
10
6 10 19
6 8 137
3 10 96
10 4 193
3 9 150
1 9 182
5 9 131
9 2 34
7 2 32
10
9 4 170
2 4 33
6 9 246
6 1 28
6 8 24
4 3 280
5 4 19
3 10 42
2 7 157
10
9 5 293
9 7 4
9 3 247
4 9 194
2 9 113
10 3 263
4 1 139
9 6 155
8 1 52
10
8 3 84
3 2 269
4 2 47
8 10 221
7 10 145
3 9 216
1 9 75
10 5 259
5 6 163
10
1 3 38
5 1 278
5 7 246
1 9 188
7 10 175
1 2 218
2 4 67
9 8 194
6 5 275
10
3 10 134
4 3 15
8 10 62
10 2 98
5 8 188
2 6 147
7 10 84
3 1 13
9 7 221
10
9 7 167
9 10 199
9 4 110
3 10 296
4 8 280
3 2 185
5 7 172
4 6 259
1 10 231
10
4 8 75
6 8 80
2 4 12
9 2 291
3 2 257
5 8 105
3 1 179
7 6 247
2 10 38
10
10 8 33
5 10 64
8 1 98
2 5 158
6 2 138
10 4 104
9 10 190
3 4 168
7 6 200
10
1 7 209
2 7 254
1 5 61
5 9 139
1 4 238
1 6 63
9 8 231
6 10 32
3 10 49
10
3 1 216
3 4 21
3 10 244
1 2 195
7 1 37
5 2 273
1 9 152
3 6 15
8 4 237
10
2 9 69
5 9 224
1 5 283
9 8 227
10 5 277
7 1 80
8 6 27
9 4 96
3 1 28
10
8 6 111
4 8 215
3 8 127
4 1 170
5 6 243
7 6 265
6 2 280
3 10 261
9 5 160
10
2 3 181
2 1 15
5 3 58
4 1 284
5 6 142
4 10 172
9 1 62
8 2 201
7 5 84
10
10 6 222
6 4 56
10 3 74
4 9 130
10 1 78
5 6 36
6 8 249
7 8 46
2 4 151
10
7 1 6
2 1 100
7 3 51
7 4 270
8 2 2
3 10 18
4 9 272
5 8 56
5 6 129
10
5 9 250
7 9 70
3 5 206
4 3 147
5 1 294
1 10 199
5 6 84
9 2 99
9 8 24
10
10 1 68
6 1 140
1 8 207
9 8 286
1 5 119
7 6 99
3 10 248
2 1 146
4 10 37
10
10 5 40
10 3 298
10 8 164
10 6 99
1 10 246
10 2 31
4 10 161
8 7 203
9 3 2
10
9 3 32
10 3 47
2 10 230
2 6 203
2 4 213
3 1 125
3 8 135
5 3 65
7 10 49
10
6 4 207
2 4 175
6 5 138
5 10 11
5 8 151
3 4 241
10 7 174
9 3 280
1 4 160
10
8 7 200
7 9 123
4 9 33
2 4 222
10 4 247
8 3 75
4 6 251
7 5 266
5 1 51
10
1 9 226
6 1 129
6 5 219
1 3 264
4 5 67
4 8 152
10 8 128
1 7 62
2 5 234
10
9 7 168
7 8 202
8 5 115
5 6 26
9 2 7
2 10 73
10 1 139
3 5 169
8 4 20
10
9 6 110
7 6 141
9 8 275
5 9 192
6 2 205
6 10 71
7 4 100
5 1 141
10 3 224
10
4 9 269
9 10 202
4 7 150
6 10 106
8 9 171
1 6 196
3 9 152
5 9 90
2 10 120
10
9 3 273
3 7 236
7 1 285
5 7 2
7 6 194
5 2 105
10 3 208
4 10 122
3 8 79
10
1 5 68
10 5 2
9 1 232
1 4 288
1 7 1
4 3 28
6 9 148
1 2 228
1 8 277
10
10 1 275
5 10 270
7 1 60
6 7 136
5 9 189
3 7 230
8 7 180
2 3 30
10 4 105
10
3 8 21
8 2 29
7 2 99
6 2 258
3 4 236
4 1 278
6 5 134
9 1 119
6 10 222
10
5 9 294
5 3 263
3 8 231
4 8 263
7 5 169
1 8 38
6 8 254
2 6 14
4 10 264
10
7 5 252
3 5 9
8 7 71
4 3 64
6 3 146
10 5 127
9 4 136
8 1 210
1 2 164
10
1 4 222
6 1 139
1 10 198
6 5 105
9 4 114
9 7 284
8 10 93
2 8 6
3 8 161
10
10 9 26
3 10 286
9 6 151
10 2 42
8 2 106
3 1 91
6 5 233
1 4 35
2 7 123
10
9 5 235
5 2 68
10 5 108
10 8 236
2 1 144
1 7 174
5 4 154
6 5 30
8 3 221
10
2 4 45
9 4 124
9 8 115
4 6 62
2 3 230
9 7 4
6 10 111
2 1 132
5 8 45
10
6 3 212
5 6 23
8 3 29
4 3 174
2 5 237
2 7 46
5 1 8
10 3 235
9 6 215
10
8 10 231
1 8 200
1 9 82
5 10 237
5 3 200
5 6 23
5 4 114
2 3 105
9 7 227
10
6 9 126
6 3 28
1 3 191
2 6 80
5 3 1
4 2 2
7 6 292
2 10 57
9 8 255
10
7 8 264
7 10 64
9 10 112
4 10 103
7 5 182
3 9 99
6 10 15
6 1 143
2 6 248
10
2 7 47
2 3 69
7 1 254
1 9 292
7 6 12
4 3 249
8 9 120
5 3 284
10 9 14
10
2 1 113
1 7 283
7 5 167
6 7 16
2 10 47
5 8 227
3 8 10
9 8 183
4 8 49
10
10 5 86
5 2 61
5 4 150
4 9 159
8 9 49
6 8 252
3 9 239
6 7 155
5 1 36
10
3 4 211
6 4 40
3 1 178
1 2 51
6 8 113
7 1 148
7 10 248
4 9 150
10 5 145
10
7 5 233
9 7 237
6 7 145
8 7 175
2 9 281
7 1 224
2 3 35
4 5 224
1 10 273
10
2 6 220
6 9 72
2 5 253
10 9 59
3 6 253
1 2 152
5 4 47
4 7 264
10 8 126
10
5 8 265
1 8 229
8 9 122
9 2 70
4 1 282
10 4 31
6 4 1
5 3 219
7 1 145
10
2 1 268
4 1 173
5 1 284
5 3 262
7 1 38
6 5 99
6 8 64
9 5 227
10 3 101
10
5 6 41
2 5 54
4 5 211
3 6 82
10 2 242
6 7 173
4 8 52
1 6 276
9 6 91
10
2 6 237
9 6 240
5 2 272
10 5 262
3 10 15
2 7 299
1 5 135
1 8 167
5 4 4
10
1 2 50
2 7 132
1 4 242
10 4 280
10 5 57
3 5 218
9 10 102
6 2 297
8 10 268
10
6 5 262
5 4 82
5 8 66
8 3 237
10 6 60
7 6 211
5 1 43
2 8 263
9 4 18
10
9 10 187
7 9 270
4 10 168
6 10 153
8 10 11
3 9 172
5 3 99
5 1 165
2 5 214
10
6 8 73
6 4 63
6 10 37
5 6 111
6 3 193
2 6 248
8 7 59
9 5 269
1 5 225
10
5 9 45
9 2 233
2 1 246
10 5 199
10 4 230
3 1 236
9 6 101
8 10 114
7 5 121
10
3 1 41
1 5 139
2 3 113
3 4 98
2 10 239
5 9 272
7 1 204
6 3 188
8 6 216
10
8 9 254
10 8 230
5 10 105
9 7 1
10 3 150
5 4 1
6 7 85
2 4 173
1 7 293
10
2 9 295
2 5 170
3 5 146
10 5 60
8 10 134
6 5 174
7 8 106
9 4 135
6 1 124
10
6 9 289
9 3 112
1 3 137
3 7 209
6 8 91
5 3 293
3 4 237
8 2 214
3 10 240
10
3 5 229
2 3 36
10 5 61
3 7 130
6 2 206
2 4 222
9 5 148
8 7 112
1 5 214
10
3 1 162
3 8 61
8 6 112
3 10 82
4 8 59
5 1 12
7 3 221
1 2 59
9 10 285
10
7 4 222
4 5 254
10 4 97
1 5 272
6 10 10
10 2 211
4 3 20
8 1 269
9 4 72
10
1 8 78
6 8 257
8 7 235
1 3 65
5 7 274
10 8 7
9 3 45
10 2 44
2 4 57
10
1 8 43
1 2 138
10 8 145
6 8 40
6 7 255
5 8 133
2 4 272
3 8 114
9 4 63
10
3 8 298
3 10 152
1 3 157
5 1 178
6 1 122
3 9 285
2 8 289
9 7 45
8 4 163
10
9 3 49
10 9 109
9 5 54
4 3 221
7 10 216
1 9 148
4 2 224
10 8 45
6 1 168
10
3 1 155
7 1 281
3 2 279
9 3 105
4 3 96
3 6 154
3 8 96
2 10 266
2 5 253
10
6 9 1
9 3 104
7 9 55
1 6 193
5 6 175
10 6 200
8 3 213
4 1 191
9 2 208
10
6 3 271
3 10 285
1 3 231
3 8 143
5 1 32
2 1 41
4 1 134
7 1 24
7 9 260
10
1 6 8
1 2 173
2 5 2
3 2 291
4 5 239
3 7 138
6 8 48
10 5 210
9 6 113
10
8 1 169
1 5 34
4 5 141
9 1 120
2 4 163
6 5 232
5 3 209
10 9 251
3 7 297
10
6 5 163
6 4 242
1 5 109
10 1 187
7 10 293
10 8 95
3 4 121
4 9 222
4 2 260
10
6 10 258
1 6 246
9 6 90
5 6 61
4 6 131
7 4 249
3 4 291
10 8 294
3 2 122
10
1 2 85
4 2 99
7 2 94
5 2 124
6 1 206
7 8 24
4 3 218
10 6 296
9 2 59
10
1 8 4
7 1 21
6 1 221
4 8 146
1 5 118
10 5 277
6 9 81
3 10 21
2 4 291
10
6 8 72
3 6 274
8 9 60
5 6 13
6 4 271
9 1 245
5 10 230
3 7 167
1 2 138
10
5 2 239
5 7 178
6 5 268
10 5 273
4 5 87
10 8 55
4 9 231
3 2 260
1 6 253
10
3 5 66
3 4 118
6 5 274
5 10 157
9 3 141
9 7 62
8 10 42
2 6 263
1 7 237
10
8 3 57
10 3 144
5 3 160
3 9 59
1 10 214
5 6 146
2 10 106
3 4 14
7 2 287
10
6 1 113
1 5 202
5 3 238
4 1 77
8 4 17
2 1 267
9 1 246
10 2 207
7 8 56
10
9 1 107
6 9 285
4 9 53
7 9 53
3 7 68
8 9 43
5 9 264
9 10 272
2 1 263
10
3 10 30
5 3 144
3 1 288
8 3 289
1 9 157
6 5 77
9 2 253
6 7 115
9 4 268
10
7 8 197
2 8 262
7 3 238
8 1 268
5 3 124
4 3 47
1 6 31
7 9 232
5 10 249
10
7 9 164
9 3 87
9 10 15
3 6 257
9 4 64
2 4 272
7 8 164
3 1 176
1 5 216
10
4 3 29
2 3 218
2 6 172
1 3 14
7 3 169
10 7 284
3 5 66
7 8 41
2 9 107
10
3 9 162
9 5 139
5 1 36
5 6 246
1 2 294
9 7 219
5 10 19
2 4 60
8 1 14
10
9 10 126
1 9 158
9 3 143
9 2 210
2 4 294
7 9 55
9 6 233
8 10 56
5 1 25
10
10 3 262
3 1 94
6 10 192
3 9 229
5 1 299
8 3 147
3 4 240
7 5 243
2 7 292
10
10 8 9
6 8 98
7 10 32
10 3 246
1 7 100
4 8 133
5 1 91
4 9 279
8 2 107
10
6 2 201
6 10 196
7 2 151
8 2 36
4 6 217
7 3 23
4 9 289
5 6 161
8 1 246
10
4 9 39
10 9 35
10 7 126
4 6 111
1 4 179
10 8 241
3 7 237
4 2 253
5 9 47
10
4 9 290
4 1 38
3 1 132
7 3 88
1 2 29
4 8 60
9 6 258
5 2 281
10 9 185
10
4 6 262
9 4 63
6 5 264
5 2 177
6 8 182
10 2 262
8 7 235
3 5 48
5 1 228
10
3 2 19
10 2 235
1 3 124
2 9 59
2 6 77
7 6 208
8 2 193
1 4 92
9 5 21
10
6 4 299
2 6 29
2 10 284
4 5 66
5 7 49
2 3 6
3 8 63
4 9 197
1 7 248
10
4 3 15
4 7 112
10 4 224
4 8 272
10 2 70
5 8 58
9 2 280
7 1 203
2 6 237
10
5 8 115
8 9 185
5 1 154
10 9 279
1 4 149
7 1 234
1 3 243
5 6 123
2 9 67
10
2 3 65
4 2 125
2 6 132
7 6 219
6 5 161
7 9 85
1 3 132
9 10 107
8 6 208
10
7 9 179
7 3 241
1 3 221
4 7 82
10 1 114
6 9 167
5 10 203
8 9 246
8 2 61
10
8 1 228
8 4 71
8 2 203
8 10 261
5 2 78
2 3 215
6 1 293
10 9 215
8 7 2
10
7 2 241
4 2 184
3 2 283
9 3 139
6 7 177
7 8 294
5 6 290
10 8 227
3 1 196
10
5 1 173
10 5 178
5 2 6
2 9 89
6 9 46
8 2 4
8 7 291
1 3 266
4 10 177
10
4 9 201
9 5 297
2 4 199
10 5 45
4 7 127
10 8 231
4 3 176
6 10 1
1 9 67
10
2 1 226
2 7 6
3 2 157
10 7 252
7 9 124
10 5 261
1 8 45
2 4 180
2 6 75
10
4 8 257
8 6 131
6 9 80
10 6 284
7 8 292
2 10 193
3 7 141
1 6 68
5 4 169
10
2 3 293
2 9 280
7 3 45
3 8 62
8 1 145
1 4 153
6 9 52
6 10 82
2 5 9
10
2 5 261
4 5 213
2 1 141
9 1 152
4 6 124
7 1 242
7 10 237
6 8 257
3 5 220
10
10 9 61
5 10 220
5 1 52
3 5 21
7 5 203
5 2 161
8 7 261
9 6 135
8 4 207
10
7 5 190
5 1 167
2 5 133
2 3 87
3 4 249
7 10 223
7 6 127
9 3 192
5 8 274
10
6 3 252
6 9 245
6 10 26
1 9 54
6 2 216
5 9 143
8 6 74
8 7 251
4 9 279
10
8 1 35
8 3 20
5 3 186
7 5 120
1 4 250
4 6 90
10 5 19
2 3 102
3 9 150
10
7 9 245
7 10 197
6 10 106
7 5 270
3 5 30
3 4 92
2 7 140
4 1 237
5 8 82
10
1 2 104
3 1 5
6 3 91
8 6 256
5 1 296
4 8 53
10 4 143
9 4 108
7 4 233
10
10 3 224
10 5 65
9 10 142
6 10 139
7 9 108
3 2 260
2 4 209
1 9 270
7 8 185
10
1 4 291
10 1 19
1 9 196
8 9 178
9 2 249
3 10 297
6 8 196
7 8 161
6 5 253
10
7 10 81
7 1 41
4 1 38
10 6 26
2 7 213
2 9 160
3 1 182
8 2 267
5 6 110
10
8 9 108
7 9 237
5 9 92
7 1 182
8 4 133
3 9 17
10 9 123
2 5 181
6 2 94
10
7 1 85
1 3 60
4 3 8
1 5 30
8 4 16
4 9 239
6 5 92
10 1 177
10 2 89
10
2 10 259
2 8 215
2 1 217
6 8 155
3 6 263
3 5 290
4 8 61
7 6 156
1 9 231
10
10 4 167
7 10 95
4 9 196
6 4 231
4 1 140
3 7 114
8 7 224
4 5 179
9 2 59
10
7 1 237
7 3 291
7 6 183
4 7 90
2 6 119
1 8 61
5 3 290
9 2 184
10 3 95
10
7 4 148
8 4 66
3 8 230
3 10 79
8 6 152
9 6 119
6 5 18
1 9 38
6 2 290
10
6 1 124
1 2 61
1 7 174
10 1 287
7 9 157
2 8 247
5 6 115
4 5 293
6 3 79
10
8 3 72
3 10 250
10 6 102
10 2 135
6 5 101
8 1 31
8 7 278
8 4 152
8 9 98
10
5 6 1
1 6 189
2 5 164
9 5 198
5 4 102
10 4 60
8 1 57
3 5 95
7 3 121
10
4 8 238
4 2 223
8 10 195
1 8 113
4 3 296
9 2 134
10 7 81
6 1 8
5 2 268
10
2 9 171
2 4 203
9 1 135
9 3 26
4 8 174
4 10 225
5 2 127
1 6 166
7 5 3
10
1 9 148
6 1 138
7 1 142
1 2 166
3 9 56
7 5 269
7 4 288
7 8 203
10 9 23
10
9 5 195
9 10 297
5 6 66
5 1 132
3 10 79
9 7 39
10 2 184
8 6 1
10 4 115
10
6 10 293
8 10 216
10 2 149
8 3 222
2 1 257
10 7 141
5 2 146
2 4 220
6 9 244
10
9 7 217
5 7 289
7 3 106
7 8 111
9 4 15
2 4 265
6 7 60
10 5 232
1 10 121
10
5 1 5
4 5 219
4 7 91
8 1 220
1 10 284
5 3 214
6 5 93
10 9 80
2 1 166
10
7 5 116
6 5 22
6 8 90
10 5 199
9 6 280
5 4 33
2 8 195
10 1 24
3 6 290
10
1 2 136
1 5 253
7 2 179
6 1 295
2 3 17
2 4 267
10 7 16
1 8 240
6 9 3
10
4 1 186
4 9 142
7 4 270
1 6 254
1 8 186
3 6 10
10 8 86
4 2 38
5 10 217
10
2 8 277
2 3 55
3 5 102
3 6 147
1 3 70
1 9 67
2 4 279
7 4 267
4 10 46
10
5 8 101
1 5 163
1 4 212
3 4 222
5 9 200
10 3 149
3 6 290
7 8 227
2 9 127
10
5 6 174
7 5 187
5 1 286
5 2 115
3 2 120
7 10 296
1 8 139
2 9 102
10 4 41
10
7 9 210
9 10 23
9 5 38
10 3 287
1 7 77
3 2 159
1 6 283
2 8 179
4 1 99
10
5 4 109
4 3 158
10 4 252
10 6 228
7 3 167
9 10 258
1 6 225
4 2 14
8 9 119
10
4 10 154
5 4 277
10 1 109
1 8 15
3 8 142
7 8 223
9 5 287
2 3 68
6 5 151
10
7 8 230
8 5 127
8 9 17
7 3 193
5 1 20
6 1 70
9 4 235
10 7 98
2 5 64
10
4 7 296
7 5 270
7 9 99
6 5 138
6 2 257
7 10 264
1 6 233
2 8 254
9 3 250
10
9 1 216
1 3 284
10 3 24
6 1 62
9 5 177
3 4 206
7 6 167
5 8 44
2 3 281
10
9 2 34
9 6 272
7 6 297
8 7 247
6 3 30
6 5 261
1 7 233
10 6 299
5 4 61
10
8 4 41
4 9 172
9 1 179
1 7 88
5 4 127
2 8 77
2 3 14
10 5 83
6 4 297
10
10 7 159
10 9 216
10 4 240
4 2 194
7 5 254
5 1 224
2 3 42
8 9 59
6 5 239
10
10 7 297
7 9 286
3 10 91
6 7 222
8 3 69
6 2 33
4 8 263
1 4 75
7 5 27
10
5 8 135
10 5 100
5 9 171
5 4 55
7 4 89
2 10 139
1 7 283
3 5 288
6 5 175
10
10 9 120
5 10 251
8 10 275
1 8 109
1 6 259
1 3 94
4 8 20
2 5 157
7 9 198
10
6 8 60
6 2 114
10 2 236
1 8 31
6 5 163
9 5 164
3 10 63
7 2 202
3 4 132
10
6 9 139
9 8 188
5 6 153
7 6 55
2 5 24
2 3 116
4 2 157
8 10 237
1 10 158
10
5 10 88
10 3 90
9 5 156
4 5 181
10 8 73
9 2 16
4 7 236
6 4 16
9 1 280
10
7 6 61
4 7 179
4 9 45
4 3 114
6 2 64
5 3 237
10 3 126
1 9 280
10 8 190
10
4 8 175
10 8 271
10 6 218
10 1 283
6 2 104
9 4 298
1 7 291
1 5 163
6 3 185
10
9 8 103
2 9 31
8 3 53
2 6 63
4 3 213
7 4 209
2 5 197
6 10 117
9 1 239
10
5 2 46
10 5 76
2 3 92
1 2 33
4 2 105
6 3 3
9 1 171
8 6 207
7 2 243
10
2 4 13
2 3 66
2 5 79
8 4 7
9 4 207
5 7 197
10 2 208
6 9 205
1 2 215
10
2 6 76
6 3 78
8 2 21
5 6 126
6 7 55
8 9 143
1 6 162
3 4 68
10 5 71
10
4 5 299
6 4 128
10 5 100
5 9 215
4 2 91
7 10 191
8 6 50
1 4 83
7 3 270
10
2 3 240
3 10 42
3 5 48
3 6 190
6 4 242
2 7 268
9 10 131
1 7 118
8 10 195
10
2 7 253
7 6 116
10 6 101
4 7 192
3 4 93
3 8 15
6 5 215
10 1 99
2 9 136
10
9 2 130
10 9 203
1 9 10
9 6 230
7 1 36
2 4 164
3 6 2
6 5 178
4 8 286
10
7 5 48
4 5 52
5 1 71
2 1 194
1 8 232
5 6 258
6 9 111
5 10 93
10 3 162
10
5 3 59
3 7 296
7 1 106
9 1 103
8 7 163
6 1 63
4 8 270
10 8 218
8 2 76
10
10 2 41
2 3 206
8 10 55
5 8 102
8 7 103
4 8 88
3 9 16
1 5 18
6 1 132
10
7 4 242
3 4 243
6 7 66
3 2 217
7 8 128
5 6 275
1 8 245
5 9 30
2 10 131
10
8 3 176
3 6 139
6 1 279
10 6 63
1 9 213
5 9 167
3 4 182
9 2 48
7 9 46
10
4 8 41
8 5 175
5 7 258
4 3 82
10 8 109
2 10 11
5 1 300
7 6 16
9 1 212
10
5 8 183
10 5 193
10 7 228
8 3 237
9 10 85
2 8 130
3 6 260
10 1 17
4 9 60
10
4 2 149
4 1 124
3 2 148
2 10 300
1 9 39
4 8 32
7 9 66
5 7 210
9 6 275
10
1 4 134
9 1 212
8 9 151
5 1 14
6 5 85
8 7 153
3 7 80
6 10 74
2 9 273
10
1 3 274
2 3 86
5 1 207
5 7 157
4 1 97
2 10 7
5 9 156
3 8 160
6 2 269
10
1 6 156
10 6 138
5 1 26
7 5 54
1 4 226
10 2 29
9 6 178
10 8 279
1 3 117
10
10 3 241
2 10 55
5 2 294
10 1 147
4 10 273
3 9 108
4 6 257
7 1 21
8 5 94
10
10 1 34
1 5 192
6 10 22
1 9 249
4 1 196
5 8 252
5 7 149
3 7 104
2 9 172
10
3 2 242
3 10 91
7 3 192
2 1 148
2 6 5
5 7 181
8 5 73
1 4 155
4 9 144
10
5 4 241
2 5 174
9 4 238
5 3 65
6 4 208
1 2 181
9 8 20
10 4 260
7 9 142
10
10 4 224
7 4 250
5 10 283
4 2 70
3 7 182
4 6 33
9 2 205
3 8 229
2 1 246
10
8 6 40
1 8 18
9 8 190
7 8 190
8 2 88
2 10 274
1 4 81
5 6 94
1 3 237
10
2 8 119
2 3 260
8 6 273
3 4 2
3 9 7
10 4 48
1 2 244
5 2 51
7 6 112
10
10 1 37
10 6 45
2 6 24
1 5 276
4 10 135
7 6 280
3 6 244
6 8 293
4 9 140
10
10 6 286
6 9 173
6 8 222
3 10 288
3 4 186
10 2 63
7 8 122
2 1 4
7 5 4
10
1 5 117
9 1 109
1 10 234
10 8 217
10 2 87
5 4 9
7 10 86
6 10 80
3 9 201
10
9 8 98
6 8 295
6 10 222
7 9 227
2 10 50
9 4 211
10 3 105
5 7 39
8 1 230
10
4 10 223
10 7 26
7 2 185
7 5 231
8 5 31
9 7 12
8 3 144
2 1 288
6 3 13
10
1 9 89
9 6 227
5 6 212
8 5 104
1 2 177
10 6 172
8 4 118
3 6 140
7 2 241
10
4 7 12
9 7 28
5 4 45
3 7 109
1 9 61
2 7 164
3 6 81
6 8 265
3 10 267
10
8 5 141
3 8 262
9 8 66
6 9 139
10 5 254
2 6 281
9 7 191
4 2 228
1 4 55
10
3 10 90
10 1 274
9 3 228
6 3 184
7 9 284
2 9 266
5 2 224
4 9 296
8 10 185
10
1 3 71
3 10 63
3 5 268
6 10 51
8 3 221
6 9 120
6 4 295
5 7 132
6 2 8
10
7 10 9
10 3 43
6 10 148
4 10 63
7 8 83
8 5 294
6 1 141
9 4 10
3 2 226
10
8 6 45
2 6 251
4 2 96
4 5 141
9 6 43
6 10 90
1 2 71
1 3 98
7 8 190
10
10 7 243
6 7 194
4 6 260
7 9 201
5 6 82
7 1 38
2 4 110
6 3 86
8 2 202
10
6 8 265
5 6 292
3 8 259
4 8 105
4 10 48
1 5 102
9 5 111
2 5 51
7 10 48
10
1 10 219
10 4 162
9 1 154
7 10 147
6 4 27
4 2 92
3 10 57
7 5 296
9 8 244
10
7 5 249
5 9 77
10 9 83
4 5 231
2 5 207
8 2 296
3 7 63
10 6 102
10 1 158
10
3 9 224
3 7 73
9 5 173
6 9 83
6 1 274
2 3 273
2 10 240
4 2 216
8 3 269
10
8 7 85
7 2 191
6 8 118
8 10 212
7 1 203
4 1 33
6 9 54
5 10 28
3 5 81
10
10 6 30
6 5 76
9 10 4
10 2 259
4 6 17
8 2 162
10 1 175
8 7 38
8 3 28
10
4 2 63
4 7 270
2 3 166
9 3 225
4 10 298
7 5 182
8 7 155
1 5 227
6 2 242
10
9 7 220
9 4 98
4 6 272
3 6 111
2 7 19
4 10 159
9 1 182
6 5 242
10 8 208
10
10 6 228
8 6 246
5 8 40
5 4 44
7 5 31
4 1 13
3 8 230
2 7 44
9 4 89
10
8 3 243
1 3 85
3 7 238
2 8 165
5 8 86
7 9 222
8 10 97
7 4 235
10 6 261
10
2 9 75
10 9 281
2 7 229
1 2 217
7 5 56
4 2 142
5 8 236
5 3 110
6 8 70
10
5 6 78
6 10 179
2 6 224
10 3 118
9 10 64
1 3 123
7 3 245
10 4 112
6 8 52
10
7 1 89
2 1 200
7 5 106
9 5 91
9 4 204
10 5 167
3 4 3
3 8 42
8 6 193
10
6 5 250
7 6 123
10 6 64
4 7 150
4 1 137
2 6 283
9 2 271
9 8 263
3 1 135
10
7 1 172
7 5 222
1 2 239
8 2 9
9 2 25
6 2 69
9 10 241
2 4 230
7 3 206
10
5 9 274
7 9 37
6 9 173
8 7 254
2 8 171
6 10 57
6 3 85
10 1 109
4 1 299
10
2 5 181
2 4 212
7 5 114
3 7 245
7 10 101
3 6 95
4 1 230
4 8 119
9 8 61
10
10 9 83
1 9 210
7 9 77
10 5 40
1 6 276
6 4 30
6 8 263
3 10 288
7 2 172
10
3 10 129
7 10 278
5 3 211
3 1 240
4 1 203
10 2 66
6 3 260
9 4 33
6 8 184
10
1 9 104
5 9 55
2 5 265
7 2 285
3 5 67
4 9 136
2 8 144
4 10 251
6 5 261
10
4 7 20
3 7 117
5 7 298
8 5 74
10 8 294
5 6 141
8 2 48
10 9 156
8 1 195
10
5 4 207
7 4 242
7 3 179
5 2 16
10 4 241
1 4 135
8 10 56
9 10 42
8 6 103
10
9 5 134
6 9 131
5 1 39
4 5 286
5 10 282
8 9 27
9 7 155
6 3 259
5 2 212
10
2 6 109
1 6 135
5 2 188
7 1 152
8 6 82
5 9 260
7 3 169
10 6 192
2 4 276
10
1 6 136
9 6 100
4 1 215
7 1 296
7 2 229
10 2 63
3 1 254
3 5 95
3 8 168
10
10 4 184
1 10 73
1 3 280
6 10 57
4 7 10
5 10 242
8 1 157
9 10 74
1 2 242
10
7 6 186
7 2 193
8 7 175
8 9 179
10 7 171
3 8 23
6 5 52
6 1 255
9 4 235
10
4 10 183
4 6 82
5 10 128
6 2 47
6 8 21
10 9 239
4 3 119
1 5 89
4 7 37
10
6 7 61
7 9 58
4 7 162
1 6 232
10 6 47
7 5 242
3 7 112
7 2 241
8 7 44
10
9 1 8
5 9 285
1 3 63
1 2 282
8 2 82
9 10 60
4 2 245
7 2 8
10 6 271
10
10 5 41
3 10 58
4 3 88
3 1 165
4 6 46
7 4 56
10 2 124
3 8 109
4 9 33
10
3 4 96
3 6 4
7 3 284
4 8 146
5 6 90
9 7 107
5 1 191
8 10 42
6 2 131
10
6 10 240
9 10 71
9 4 135
5 4 265
1 10 73
10 3 67
8 5 48
7 9 232
3 2 278
10
6 7 130
3 6 15
3 2 177
4 3 105
2 10 86
6 1 9
9 10 171
5 6 119
8 3 297
10
3 1 153
10 1 95
7 10 120
10 2 273
2 5 298
6 2 258
6 4 58
9 2 251
3 8 89
10
3 8 214
5 8 158
3 4 194
4 10 266
10 6 187
2 10 216
5 7 190
5 9 150
3 1 245
10
9 7 157
9 4 192
3 7 202
1 3 237
10 1 27
1 5 24
10 2 24
2 6 95
8 2 83
10
2 6 6
2 9 77
10 9 296
6 3 22
7 6 134
8 6 34
5 7 276
1 9 232
4 1 281
10
9 5 151
7 9 220
5 10 126
9 1 143
3 1 107
9 6 228
2 7 171
5 4 55
8 10 70
10
8 3 202
7 3 267
3 4 9
9 3 123
2 7 2
2 1 30
6 2 172
8 5 203
6 10 31
10
5 8 234
4 8 259
6 5 171
7 6 156
4 10 194
8 2 261
6 3 202
9 5 16
5 1 69
10
7 10 90
10 5 282
2 10 112
7 9 136
10 4 220
5 6 273
10 8 245
5 1 41
9 3 212
10
9 3 114
10 3 12
10 5 101
8 5 179
7 10 129
9 1 171
6 5 288
4 9 260
2 7 182
10
8 2 79
7 2 250
3 8 158
6 2 164
2 4 147
4 10 26
9 6 286
10 1 176
5 6 58
10
3 8 195
3 4 297
6 8 71
4 9 292
6 7 199
2 3 197
5 6 98
3 1 295
5 10 296
10
10 1 76
1 6 52
10 3 219
7 1 160
8 1 207
3 4 118
7 2 163
5 1 44
9 8 14
10
5 3 284
3 7 219
7 2 142
6 2 276
4 2 132
9 3 251
9 8 290
9 10 5
1 6 173
10
9 2 148
9 5 105
9 4 6
9 7 282
8 9 209
3 5 123
6 4 256
1 9 277
5 10 2
10
5 4 179
3 4 110
2 5 158
10 4 266
10 6 76
9 5 187
5 8 71
2 7 292
10 1 8
10
10 2 263
4 10 230
10 7 105
7 5 92
1 4 229
5 9 230
1 6 190
3 2 90
8 6 127
10
4 5 170
5 8 56
4 2 239
1 4 269
6 4 295
7 1 232
9 1 233
1 10 123
3 9 185
10
1 4 157
6 4 170
5 1 221
2 1 214
1 9 135
8 6 263
1 10 225
8 7 66
2 3 135
10
1 4 70
5 1 293
9 5 52
6 4 271
10 9 270
4 8 186
7 5 97
10 3 147
2 3 222
10
10 9 20
1 10 45
10 8 217
8 7 205
8 3 161
5 7 200
1 6 108
2 9 201
4 1 64
10
7 2 9
1 7 87
4 1 91
10 2 189
6 10 101
9 6 44
6 3 179
4 5 128
8 6 230
10
4 6 143
2 6 219
1 4 18
1 8 110
10 8 115
9 2 111
10 5 125
4 7 141
3 2 68
10
7 2 31
7 9 9
8 9 133
9 4 56
10 8 240
1 10 153
10 3 231
6 10 52
5 6 66
10
5 1 157
6 5 175
3 6 222
8 6 113
4 5 278
2 5 186
9 1 141
10 5 277
1 7 109
10
8 6 58
6 10 242
8 5 96
10 4 238
5 2 228
10 9 79
1 8 180
6 7 88
3 6 175
10
8 9 121
2 8 144
1 9 7
8 3 190
10 1 71
7 10 47
3 5 231
5 4 126
6 2 246
10
3 1 156
1 2 180
1 9 206
9 4 9
6 3 133
5 6 149
8 1 87
5 7 93
4 10 11
10
8 9 82
3 9 270
10 9 146
7 9 163
4 8 177
3 5 148
3 2 109
1 4 16
6 10 3
10
4 10 240
8 10 296
4 7 138
7 6 285
2 8 21
3 7 196
6 1 253
5 1 184
4 9 16
10
9 4 80
4 8 133
9 5 167
3 9 18
10 9 180
4 1 121
3 7 176
7 2 158
4 6 11
10
1 3 300
1 2 43
5 1 67
10 3 128
2 4 222
10 9 61
7 1 51
8 2 287
6 2 291
10
3 9 263
5 3 39
6 5 132
8 5 242
2 8 226
4 8 180
6 1 261
7 6 188
5 10 70
10
7 2 20
7 9 1
2 5 158
8 2 194
7 1 231
4 7 196
2 10 10
3 10 205
6 1 179
10
9 1 257
1 2 261
3 9 175
5 3 144
2 8 164
3 6 48
5 7 220
8 10 118
9 4 198
10
6 4 231
9 4 137
9 8 116
1 8 116
10 6 82
5 6 137
7 9 63
2 8 192
3 1 274
10
6 8 8
9 8 128
8 5 249
4 8 212
9 2 252
2 3 113
3 1 195
1 10 256
6 7 147
10
8 6 297
10 8 249
6 7 23
6 5 183
4 8 105
9 4 279
4 1 4
8 2 95
7 3 195
10
2 1 229
2 8 65
8 9 146
9 6 47
10 2 264
8 7 129
5 1 256
2 3 55
10 4 247
10
1 4 206
6 1 151
4 9 12
4 10 279
3 10 56
9 2 8
7 6 25
5 9 174
7 8 199
10
7 6 236
7 5 53
3 7 13
9 6 46
8 3 267
10 3 204
10 2 201
6 1 296
1 4 133
10
10 1 29
5 10 75
5 7 232
5 4 166
9 7 129
3 10 246
4 2 13
4 6 100
8 6 207
10
6 4 155
4 1 164
7 1 17
9 7 19
8 4 290
5 1 141
2 8 287
5 10 213
3 2 145
10
2 5 177
4 5 51
4 3 208
5 8 193
7 4 90
9 5 163
3 1 106
4 6 143
9 10 231
10
6 2 300
2 10 298
3 6 9
8 6 86
1 6 195
1 4 281
10 9 16
10 7 234
9 5 124
10
3 1 283
7 1 103
4 3 211
5 1 97
3 2 54
7 9 230
8 7 287
6 9 68
10 2 164
10
6 10 19
10 4 70
8 10 206
8 2 284
8 3 258
6 7 208
4 1 265
5 3 268
6 9 95
10
9 5 142
6 9 25
7 6 152
5 3 299
7 1 175
10 1 283
2 1 241
4 7 73
10 8 249
10
1 7 272
3 1 195
10 1 49
1 9 141
5 9 165
10 6 159
2 7 296
6 8 195
4 7 236
10
9 2 221
2 6 184
9 10 237
9 4 85
6 3 161
8 2 6
10 1 111
10 5 137
6 7 170
10
10 7 68
8 10 130
7 3 181
5 8 150
5 4 115
8 2 195
9 3 195
10 6 291
1 6 154
10
2 3 53
9 2 269
6 3 65
6 4 76
9 10 193
7 10 85
8 7 263
5 9 229
1 4 165
10
2 7 293
8 7 165
9 7 292
2 6 252
1 2 227
7 4 5
3 4 1
5 4 65
7 10 137
10
6 3 239
3 2 248
2 8 33
8 9 221
6 4 168
7 2 68
8 10 230
1 4 104
10 5 213
10
7 9 34
7 5 46
2 5 232
10 7 60
10 1 130
8 10 16
4 2 230
6 9 15
3 2 161
10
5 1 190
6 5 94
2 5 58
1 10 179
5 4 204
6 8 228
9 10 253
4 7 205
7 3 259
10
7 2 159
6 7 270
6 10 60
4 10 172
10 1 158
9 1 135
7 3 262
5 10 35
6 8 66
10
6 3 34
9 6 146
9 4 115
10 4 137
4 5 106
6 7 134
4 8 105
1 6 209
2 6 139
10
5 3 300
9 3 26
7 9 57
5 10 195
2 10 70
9 4 133
1 7 116
1 6 289
8 3 135
10
1 5 61
5 9 175
2 1 7
1 6 224
6 3 116
5 4 288
7 6 91
3 10 138
8 1 192
10
8 5 32
4 8 275
6 8 161
10 6 142
2 5 30
9 6 59
10 7 280
6 1 66
3 2 208
10
1 2 291
5 2 154
2 3 186
6 2 169
4 3 197
4 8 56
9 2 277
5 10 289
7 3 287
10
3 6 187
6 2 282
9 6 237
10 3 210
1 6 172
5 3 74
7 6 130
8 9 236
1 4 51
10
8 3 197
7 8 99
10 7 261
3 4 261
8 6 60
9 4 274
2 10 221
4 1 173
9 5 216
10
5 6 166
5 8 53
5 3 135
5 1 174
1 7 39
1 4 46
2 3 151
10 6 142
9 4 5
10
1 3 206
1 4 263
3 9 18
8 4 223
9 7 88
10 4 162
2 1 135
10 6 249
7 5 179
10
2 4 107
2 10 49
5 10 77
10 3 137
8 2 194
10 1 28
6 10 239
8 9 68
9 7 22
10
1 8 106
8 4 112
4 2 233
9 2 177
3 9 45
5 1 195
10 4 296
9 6 26
7 2 181
10
4 10 163
4 2 212
9 2 61
5 9 278
5 7 123
3 5 40
9 1 243
6 1 51
1 8 260
10
8 9 295
7 8 165
5 9 3
2 5 59
1 7 254
1 6 244
3 8 60
1 4 36
10 7 163
10
4 10 35
4 8 147
10 1 238
8 9 296
6 1 42
6 5 9
8 3 64
2 9 72
7 9 173
10
1 9 212
4 1 3
1 8 70
3 1 298
5 8 71
6 1 34
6 7 62
3 10 284
2 8 214
10
5 9 227
1 5 162
8 1 254
8 6 164
10 5 222
3 6 288
7 6 193
4 10 46
2 4 299
10
7 4 105
3 4 170
4 10 82
4 6 174
6 8 56
10 1 133
2 1 6
5 1 190
2 9 194
10
9 2 210
8 9 237
6 9 155
2 10 55
9 4 53
3 8 120
10 5 131
7 6 210
4 1 190
10
9 5 57
5 6 71
10 5 231
5 2 216
9 4 84
4 8 215
5 1 189
9 3 156
5 7 234
10
9 6 18
6 2 110
10 2 260
6 3 213
1 2 182
4 2 144
1 7 107
8 4 229
5 4 137
10
9 7 199
7 2 54
2 3 230
5 9 3
1 3 133
4 9 234
2 8 86
3 6 143
9 10 39
10
8 2 152
2 1 139
4 1 176
1 3 267
7 1 202
5 4 112
9 5 238
10 8 141
4 6 106
10
10 3 58
3 7 204
8 3 162
8 9 61
6 7 103
4 7 101
3 1 110
5 1 170
2 9 79
10
4 3 92
8 4 34
3 1 184
8 6 129
4 2 278
1 5 61
2 10 155
9 8 116
7 10 149
10
1 7 98
9 7 158
2 9 262
6 2 287
1 4 52
3 4 190
10 1 107
8 7 85
3 5 200
10
5 8 166
2 8 242
3 8 22
4 5 195
7 3 283
9 2 221
6 9 79
1 3 171
10 2 221
10
10 3 153
8 3 99
7 8 248
1 8 95
10 4 67
5 3 273
2 7 265
6 4 162
9 4 278
10
8 7 221
10 7 255
8 9 61
10 4 212
2 7 264
7 6 230
1 7 202
6 5 27
1 3 275
10
8 1 112
3 1 84
8 2 295
6 2 168
4 6 19
6 5 81
8 7 9
10 7 88
1 9 142
10
8 1 120
8 10 261
3 10 296
4 1 206
9 8 24
4 7 286
6 8 30
4 2 263
2 5 127
10
8 7 128
6 7 200
8 5 42
5 10 102
1 7 48
2 1 233
8 9 275
3 2 58
3 4 280
10
5 7 165
8 7 34
2 8 286
5 6 39
9 8 56
10 9 71
4 2 52
3 5 285
7 1 283
10
10 4 136
4 5 36
9 5 219
3 4 180
10 8 269
5 7 56
10 2 240
3 6 280
4 1 163
10
7 4 295
4 5 150
2 7 170
8 2 253
9 5 71
8 1 56
2 10 24
8 6 209
3 9 120
10
1 3 6
4 3 93
5 3 281
10 4 294
8 10 181
4 7 226
1 6 283
9 3 256
2 8 2
10
10 8 55
6 8 176
1 8 298
6 3 94
3 9 69
7 1 282
4 9 243
6 2 215
5 4 53
10
3 1 286
4 3 48
3 2 178
4 10 173
6 4 268
10 8 16
4 7 190
9 7 244
3 5 94
10
2 6 272
6 10 51
7 2 11
1 2 282
2 4 297
8 1 67
5 8 269
10 3 72
9 1 192
10
1 2 96
1 10 168
3 2 272
7 10 221
8 1 189
9 2 286
4 9 14
6 8 75
5 2 211
10
10 9 293
9 5 275
10 3 197
1 10 20
9 7 162
2 10 296
7 4 298
6 5 159
9 8 77
10
7 5 38
9 7 23
5 1 282
3 5 82
1 10 105
9 8 218
6 9 8
10 2 13
7 4 33
10
1 9 169
9 4 280
1 7 136
6 7 206
10 4 116
2 4 241
7 3 264
3 5 292
4 8 9
10
4 3 66
7 4 28
6 3 196
5 6 203
4 8 189
6 10 142
1 7 36
10 9 116
8 2 172
10
5 3 159
10 5 261
10 9 27
5 1 83
6 9 198
4 5 9
8 4 119
2 10 95
7 10 129
10
8 10 244
10 5 142
10 2 179
7 8 174
1 7 23
7 3 261
4 8 253
3 6 294
9 5 130
10
2 7 284
1 7 63
8 1 268
7 5 8
2 3 47
5 6 298
9 7 51
4 1 206
3 10 216
10
7 4 256
7 1 84
7 5 232
7 2 120
1 3 192
5 6 237
6 9 125
9 8 262
10 1 248
10
7 6 265
2 6 280
8 6 128
1 7 28
2 4 98
6 10 4
8 3 167
2 5 272
3 9 83
10
10 2 67
2 5 289
10 3 17
3 7 203
10 1 18
8 10 109
9 3 92
4 10 199
3 6 217
10
6 4 74
4 10 3
10 2 187
6 7 37
8 10 108
1 10 258
9 6 198
3 1 115
2 5 49
10
3 2 225
4 2 8
2 6 272
8 4 87
1 8 263
10 2 193
9 2 200
5 9 240
1 7 233
10
1 2 29
3 1 158
8 2 204
10 3 82
7 8 114
5 1 40
4 2 233
7 6 180
9 6 108
10
7 8 140
8 5 111
3 8 246
8 1 174
1 6 267
6 2 194
3 9 230
7 4 234
10 1 78
10
2 8 183
5 8 53
9 5 64
1 9 248
2 7 5
5 10 276
6 9 224
4 1 242
3 8 39
10
4 6 22
4 1 171
6 9 4
1 2 287
7 6 266
3 2 35
8 6 98
10 9 63
7 5 150
10
7 4 269
4 8 51
4 6 37
8 1 235
6 3 60
1 9 114
2 3 84
1 5 184
10 4 139
10
8 3 152
4 3 15
8 1 289
4 9 263
10 9 51
3 5 141
9 7 141
2 9 44
7 6 90
10
4 10 286
6 4 44
6 5 48
9 4 83
9 7 15
10 1 140
2 9 98
8 7 30
3 5 113
10
5 2 156
7 5 148
8 2 178
3 5 68
2 6 54
1 8 61
9 7 75
9 10 166
9 4 241
10
5 3 281
2 3 245
9 3 227
10 5 123
4 2 105
5 7 136
4 6 177
4 8 223
1 5 5
10
1 5 34
1 4 22
8 4 218
7 5 230
9 5 243
3 1 270
2 3 196
9 10 129
6 9 57
10
4 6 184
4 9 176
7 6 197
7 2 42
4 3 89
6 8 65
6 1 116
1 5 182
5 10 74
10
3 4 285
3 2 85
9 4 283
2 5 63
1 4 258
1 7 193
4 8 210
6 9 73
10 5 248
10
10 7 251
3 10 278
10 4 35
5 10 41
3 6 32
6 9 296
1 4 274
10 2 283
2 8 273
10
7 2 234
7 4 298
2 8 132
9 4 166
6 4 144
6 5 184
3 2 62
10 3 178
1 2 28
10
9 3 82
9 10 13
6 9 235
1 3 107
9 4 149
10 5 276
7 9 264
3 8 249
1 2 257
10
1 6 11
3 1 285
9 6 107
8 6 198
3 5 255
10 1 239
7 6 91
2 6 242
3 4 190
10
7 8 177
10 7 161
7 2 111
3 8 229
10 9 131
2 4 201
7 5 47
1 2 71
2 6 276
10
9 5 67
5 1 86
1 8 272
1 7 34
10 1 35
1 2 111
8 4 160
6 4 260
3 6 21
10
6 5 204
6 9 93
5 10 133
8 10 83
9 2 107
7 6 266
1 8 213
4 10 182
1 3 140
10
8 9 232
8 7 206
8 2 224
8 6 38
7 5 106
4 2 18
6 10 238
1 9 101
3 5 296
10
5 2 72
3 5 133
4 3 253
6 3 44
2 10 92
9 3 139
1 2 41
1 8 294
8 7 148
10
3 4 179
4 8 266
3 9 21
8 6 18
3 10 144
9 7 68
4 5 156
1 6 200
2 6 279
10
1 6 96
2 1 227
9 2 147
1 8 169
9 10 78
4 6 227
5 2 186
6 3 150
7 3 249
10
10 3 81
10 6 61
3 9 146
7 3 229
2 6 254
8 9 296
4 10 159
8 1 267
5 10 42
10
9 8 275
6 9 254
5 6 74
7 9 251
8 1 124
5 4 181
2 8 123
10 4 54
9 3 128
10
3 1 141
1 10 203
5 3 251
9 1 219
7 5 80
10 6 229
6 2 290
1 8 54
4 1 215
10
1 4 168
2 4 290
7 1 62
4 10 125
2 3 233
5 2 266
6 10 52
10 8 3
9 8 63
10
4 8 144
5 4 1
7 5 188
1 4 133
6 1 99
8 10 280
8 9 23
3 8 6
10 2 255
10
8 7 154
2 8 12
2 4 148
6 4 183
3 6 37
1 2 128
5 1 205
4 9 29
10 5 190
10
4 10 201
10 7 104
1 7 11
4 2 52
7 9 221
4 8 33
4 3 248
6 10 238
2 5 148
10
9 10 69
10 6 90
9 8 4
9 1 241
5 1 119
6 2 141
2 4 55
7 9 184
3 1 181
10
2 3 111
1 3 187
4 3 162
8 4 207
9 4 192
8 6 86
5 1 5
9 10 87
9 7 21
10
9 3 236
9 2 256
10 3 20
7 2 278
6 3 288
1 6 129
8 2 125
4 8 140
1 5 123
10
3 1 146
4 1 243
8 3 163
10 8 295
3 7 77
8 9 158
2 3 20
5 2 200
6 4 156
10
8 10 98
10 6 70
2 6 116
8 5 13
9 10 24
3 5 282
9 4 2
4 7 208
1 7 158
10
7 10 235
9 10 145
7 8 127
2 8 89
6 7 210
3 2 129
9 5 128
4 10 124
1 3 168
10
4 10 276
10 3 24
9 4 106
9 5 215
10 1 295
4 2 44
6 5 235
10 8 219
10 7 5
10
8 2 87
2 4 28
2 10 10
8 6 52
8 1 228
9 1 149
9 7 146
3 4 169
5 3 257
10
4 5 264
5 8 8
3 4 293
6 8 208
4 7 276
7 1 164
5 9 208
3 2 69
10 9 37
10
7 5 26
8 5 221
6 8 210
8 3 93
1 8 46
2 7 230
4 1 168
4 9 41
8 10 47
10
4 5 8
1 5 107
8 4 182
5 2 152
8 6 63
8 9 256
8 7 115
10 8 275
9 3 264
10
3 6 252
6 10 158
10 8 185
3 7 194
9 3 216
2 10 159
5 6 214
1 2 10
4 8 187
10
10 3 62
10 6 71
2 10 100
1 3 299
7 6 173
9 3 137
8 9 43
4 8 259
10 5 209
10
7 4 39
4 8 18
9 7 167
4 2 276
5 4 50
10 4 45
10 3 100
1 9 95
1 6 294
10
10 5 155
9 5 211
5 7 62
6 5 235
5 2 33
8 6 185
4 6 156
6 1 209
10 3 269
10
7 8 249
7 1 141
1 9 88
10 7 51
8 3 195
7 6 259
3 2 123
1 5 134
4 3 38
10
9 10 273
10 7 227
8 10 150
1 9 179
5 8 179
8 3 133
9 4 263
6 7 118
9 2 179
10
8 3 10
6 3 218
6 9 246
1 6 119
10 1 223
9 5 31
1 2 235
7 10 22
4 9 139
10
8 6 250
6 10 285
5 8 158
5 3 217
3 9 72
3 2 289
8 7 197
6 1 165
6 4 222
10
8 10 30
3 8 267
2 10 245
2 9 161
3 5 288
2 6 167
6 1 81
7 8 90
1 4 265
10
9 7 47
9 8 112
3 8 250
2 3 95
2 10 204
10 1 14
5 10 77
6 9 109
1 4 84
10
2 8 201
6 2 187
10 6 133
10 9 69
7 10 214
10 3 249
4 3 186
5 9 234
6 1 253
10
10 8 248
7 10 85
10 1 230
3 10 289
8 9 289
1 5 185
1 2 137
5 6 2
1 4 206
10
8 2 103
9 8 89
9 4 41
9 5 118
7 5 147
2 6 209
3 4 98
8 1 258
10 6 234
10
9 4 174
9 7 89
4 5 173
4 10 295
3 4 4
10 2 42
8 2 169
7 1 121
6 10 199
10
10 1 11
1 6 30
3 10 213
6 9 120
2 6 50
4 9 29
8 2 36
6 7 242
6 5 23
10
5 3 282
2 3 93
4 5 146
10 4 200
5 8 249
7 4 280
8 1 26
6 10 165
8 9 171
10
6 1 278
1 4 23
6 10 277
10 9 195
4 8 162
3 1 67
10 7 29
5 6 206
2 6 24
10
10 8 271
1 10 48
8 3 287
3 6 195
9 10 112
1 7 248
4 7 207
8 5 119
8 2 176
10
10 9 35
10 2 108
2 4 250
3 4 50
10 1 135
5 3 278
4 6 246
1 7 38
10 8 94
10
3 9 280
3 4 69
9 10 220
10 2 54
5 2 178
7 5 165
10 1 241
6 5 149
7 8 251
10
1 10 195
1 6 35
10 9 23
7 10 76
7 2 59
2 3 242
8 1 197
7 4 87
5 6 153
10
7 3 112
7 2 20
2 4 281
5 4 56
5 1 181
6 4 197
8 3 86
10 3 138
8 9 46
10
2 9 7
10 2 35
5 10 188
2 4 21
4 8 220
1 2 42
9 3 178
7 9 236
6 7 271
10
8 2 165
2 1 267
8 6 214
1 7 262
4 7 45
3 7 170
10 2 238
6 5 93
8 9 52
10
8 10 254
2 8 118
10 1 212
1 6 120
2 3 56
2 4 245
9 3 268
7 8 149
9 5 297
10
9 2 204
3 2 12
2 6 78
10 6 254
10 5 83
2 8 43
8 4 237
1 2 97
2 7 110
10
7 6 51
3 6 137
9 6 88
5 3 264
7 4 147
3 1 289
9 8 242
7 2 111
10 9 45
10
10 9 33
4 10 298
10 6 120
5 10 279
3 10 179
8 5 266
4 2 104
7 10 67
5 1 8
10
4 6 72
4 8 157
1 6 256
9 1 212
1 3 239
2 9 36
4 5 120
2 10 71
7 5 41
10
3 7 257
6 3 182
3 9 80
7 8 90
9 4 267
7 5 194
10 5 70
1 5 287
2 1 281
10
9 4 249
8 9 206
4 1 80
5 9 31
4 7 164
4 6 63
3 9 69
10 9 262
9 2 166
10
1 5 231
8 1 24
5 10 145
9 8 214
9 4 183
3 8 7
2 10 10
7 1 223
4 6 83
10
6 3 61
3 8 75
1 8 204
2 6 37
10 3 149
8 9 59
4 9 246
7 8 224
5 9 230
10
8 3 287
1 3 190
8 7 99
2 7 7
7 6 156
4 8 198
5 1 110
9 8 66
10 7 243
10
10 1 300
10 2 59
1 3 179
10 8 51
9 2 287
8 5 13
3 6 41
4 3 40
4 7 264
10
2 1 260
1 5 95
4 2 173
4 6 39
10 5 30
8 6 14
9 1 191
9 3 237
7 5 57
10
5 7 264
4 7 174
7 10 95
9 7 44
3 7 145
4 8 12
7 2 191
8 6 258
3 1 9
10
5 4 152
5 9 137
9 7 241
7 1 50
1 8 71
3 5 50
4 6 254
2 4 80
10 4 209
10
8 3 130
6 3 246
7 8 159
7 5 166
2 8 41
8 10 131
4 10 116
9 5 232
1 8 5
10
4 1 46
8 4 198
1 3 21
2 1 259
4 10 190
4 7 180
6 1 272
5 3 97
9 2 238
10
2 8 106
2 9 149
8 7 73
2 4 85
2 5 174
4 6 200
4 10 129
1 4 264
5 3 8
10
9 10 161
8 10 132
5 10 192
8 7 148
9 1 212
10 2 164
4 9 97
6 2 262
3 9 23
10
5 7 167
5 2 230
3 2 15
3 9 45
8 5 91
3 4 187
6 5 33
1 7 46
10 7 216
10
1 3 228
8 1 98
5 8 133
6 1 75
7 3 233
9 6 212
7 2 153
3 10 75
4 10 173
10
4 5 50
4 9 209
2 9 167
5 1 248
8 4 50
1 10 267
6 4 127
10 3 161
10 7 7
10
2 1 3
2 10 229
6 1 238
8 1 213
6 5 242
5 3 226
3 9 128
1 4 283
8 7 118
10
1 10 160
4 10 145
8 1 19
7 10 39
9 1 5
6 7 46
3 10 230
5 3 35
3 2 124
10
2 3 143
2 5 272
5 4 283
1 4 11
5 7 85
8 7 17
2 6 192
10 2 264
3 9 186
10
2 4 194
7 2 267
2 6 91
2 9 87
7 5 269
6 10 129
8 7 95
3 10 89
2 1 123
10
5 1 242
1 2 190
2 6 221
6 4 194
7 4 290
9 6 93
5 10 212
2 3 240
8 4 178
10
4 3 98
3 10 112
8 4 278
9 10 179
6 10 244
10 5 213
3 7 146
1 6 47
6 2 283
10
7 8 299
8 9 6
2 9 252
6 7 229
5 8 206
10 5 220
5 4 90
1 6 125
6 3 225
10
9 2 244
3 9 190
8 2 219
7 9 270
8 6 252
3 1 250
5 3 251
4 9 241
8 10 56
10
7 5 19
7 9 175
2 7 125
3 9 209
10 2 274
2 4 133
7 1 247
8 10 239
6 10 13
10
7 4 300
6 7 114
4 9 181
9 3 259
7 1 117
2 9 44
6 5 268
10 4 260
8 10 129
10
6 1 60
6 5 12
4 1 27
5 7 201
1 9 93
2 4 225
10 7 148
1 3 26
8 9 92
10
10 1 139
4 1 78
4 8 231
4 6 140
10 3 139
5 8 97
8 9 67
9 2 2
7 4 54
10
8 2 228
2 9 2
2 7 52
7 5 136
5 4 280
10 7 78
3 10 103
6 3 244
1 8 135
10
4 6 218
7 4 115
7 2 57
10 7 219
2 1 157
6 9 91
8 4 80
2 3 287
5 7 271
10
5 10 124
7 5 199
7 3 262
5 6 236
1 6 199
9 10 194
7 8 243
4 6 126
10 2 64
10
4 10 207
10 2 190
9 4 22
3 9 60
1 2 219
3 7 21
9 6 256
6 5 40
8 3 88
10
10 4 142
6 10 243
6 1 223
2 10 248
4 5 96
9 1 25
3 4 32
2 8 135
9 7 229
10
4 8 6
6 4 32
7 6 144
8 3 129
7 9 241
1 8 216
6 2 215
4 5 114
6 10 217
10
4 1 241
1 8 176
2 1 164
8 9 112
10 8 8
4 6 62
5 2 54
8 7 235
4 3 122
10
9 8 191
2 8 255
9 5 19
7 5 48
6 8 284
4 6 140
2 1 17
2 3 13
10 1 238
10
3 9 191
10 3 120
2 3 23
10 7 261
6 2 44
9 5 71
3 1 263
9 8 246
4 2 157
10
8 6 147
3 8 132
6 2 13
5 6 224
6 4 198
1 2 142
8 10 130
8 7 205
9 8 273
10
2 4 209
6 2 190
6 1 190
10 4 184
4 7 285
5 7 263
7 9 155
3 4 261
8 7 187
10
5 3 94
6 5 123
6 10 110
9 10 180
1 9 51
4 5 139
10 8 295
8 2 237
7 1 96
10
4 3 115
9 3 278
10 4 191
1 9 14
5 3 210
2 5 25
4 6 78
6 7 252
7 8 189
10
10 9 231
7 9 150
10 2 238
3 2 68
8 10 251
8 1 123
4 7 217
6 8 195
9 5 162
10
9 1 285
2 9 1
2 4 35
5 4 245
3 4 106
7 4 181
10 2 123
1 8 59
5 6 204
10
2 9 63
3 2 8
2 10 45
10 4 53
10 1 30
5 3 207
9 7 64
8 2 107
8 6 190
10
10 2 254
9 2 251
9 6 70
1 9 208
2 4 120
6 8 4
3 2 27
6 5 157
7 10 271
10
4 1 84
5 4 35
5 7 286
6 7 18
4 10 177
2 10 266
2 3 1
10 8 293
1 9 147
10
8 5 2
3 8 69
5 9 63
3 2 140
8 10 73
1 3 189
4 10 48
7 3 220
6 5 158
10
2 5 13
2 8 222
8 7 56
4 7 96
6 8 150
7 10 182
7 9 63
2 1 1
3 7 29
10
7 9 15
9 4 65
1 9 141
10 9 128
9 3 262
4 8 42
8 5 56
2 5 221
10 6 201
10
5 9 239
9 10 234
10 7 108
7 2 284
7 1 41
9 3 72
2 8 98
4 3 42
3 6 108
10
6 9 22
3 6 238
3 5 206
5 1 228
7 9 27
6 2 211
3 4 186
9 10 273
8 1 165
10
6 2 41
2 4 180
9 2 269
10 6 104
4 1 169
7 6 111
2 5 206
10 8 238
1 3 186
10
7 1 186
2 7 227
1 6 32
2 4 120
3 2 172
5 7 291
8 5 188
5 10 252
9 10 21
10
9 7 268
9 2 170
2 6 132
8 6 92
8 3 172
9 4 153
1 7 250
10 8 281
1 5 141
10
7 2 38
2 9 98
5 7 18
4 2 138
9 8 208
8 3 91
7 6 159
10 4 108
1 9 150
10
4 8 212
1 8 12
9 8 251
2 9 258
6 8 183
10 9 56
10 5 172
4 3 186
7 10 52
10
7 9 290
7 5 20
7 2 116
2 10 298
5 1 182
9 3 113
8 3 75
10 6 261
6 4 237
10
4 7 146
4 3 159
2 4 162
2 8 218
10 8 284
9 3 243
5 3 271
5 1 176
2 6 87
10
4 2 4
6 4 268
6 8 38
2 5 213
2 3 278
7 2 296
10 8 204
9 6 231
1 5 32
10
4 8 278
8 2 271
10 2 60
8 1 254
3 1 268
2 6 36
10 5 206
9 8 2
7 8 214
10
6 10 135
10 4 40
4 3 276
7 3 235
1 3 31
5 3 185
8 4 52
10 2 115
7 9 261
10
5 10 96
10 2 214
5 1 204
2 8 90
9 1 112
1 4 29
3 10 205
5 7 81
7 6 238
10
3 9 127
4 3 102
3 5 170
5 6 77
1 9 65
6 8 164
2 6 94
9 7 24
10 3 6
10
10 2 229
8 2 223
8 3 30
2 7 162
6 3 285
9 8 6
3 1 185
9 4 202
5 9 229
10
6 10 226
10 7 3
8 10 97
1 8 35
4 10 160
8 5 236
9 6 91
3 5 22
7 2 110
10
6 5 69
5 2 152
4 2 79
2 1 177
3 6 90
5 8 269
10 4 181
9 8 262
1 7 232
10
9 7 239
7 6 179
3 6 219
7 5 273
6 10 171
9 1 41
2 5 7
10 4 27
8 5 290
10
10 7 240
5 7 50
1 5 246
10 8 138
2 1 3
9 2 57
6 10 262
3 1 223
4 3 269
10
5 2 92
2 8 110
8 4 223
9 8 238
8 3 215
6 4 287
10 2 274
9 7 31
1 6 300
10
1 7 153
2 7 97
1 10 144
5 1 73
1 3 181
1 9 136
7 4 133
8 10 203
6 10 81
10
4 2 84
5 2 254
2 9 234
8 5 157
5 6 43
8 1 27
1 7 216
7 10 232
3 7 40
10
7 3 179
3 1 42
1 6 79
10 6 182
4 7 185
5 7 38
10 8 122
2 3 24
9 6 252
10
9 4 179
4 2 251
4 1 4
1 6 295
9 7 222
7 3 12
8 7 135
6 5 156
5 10 175
10
5 7 279
9 5 226
7 3 128
9 6 179
1 9 89
10 6 273
6 8 143
1 4 174
2 4 114
10
7 1 70
9 7 226
9 10 264
8 1 167
7 5 89
6 5 149
9 3 106
4 9 44
7 2 209
10
8 2 37
6 2 114
8 4 130
7 2 69
8 9 253
9 1 268
6 10 259
5 7 49
5 3 98
10
6 10 197
1 10 13
5 6 251
6 9 31
10 4 111
3 6 183
8 6 155
10 2 236
7 10 177
10
5 8 220
9 5 67
9 1 95
3 8 256
1 4 188
3 6 221
2 8 287
10 8 271
7 1 203
10
5 9 139
1 5 74
2 9 276
6 5 40
4 5 217
5 3 219
6 8 99
1 10 13
7 9 96
10
10 3 274
3 4 118
8 10 202
7 4 58
7 5 180
4 6 131
9 4 260
1 6 73
6 2 225
10
6 8 196
8 2 83
1 6 170
4 1 124
4 7 81
3 1 94
9 8 73
5 8 264
6 10 99
10
9 5 295
7 5 273
2 7 5
9 1 120
3 7 289
7 10 262
3 6 147
4 1 205
8 2 261
10
8 9 10
10 8 8
7 9 128
1 7 177
2 7 159
4 1 150
3 10 82
6 4 25
5 9 81
10
8 4 8
4 9 161
9 2 60
10 2 225
8 1 83
4 7 53
5 10 284
6 1 199
9 3 161
10
4 1 174
2 1 114
9 4 190
4 5 39
2 7 252
1 6 211
6 10 46
6 3 26
8 9 116
10
1 2 288
4 2 75
4 6 34
1 3 141
4 8 143
1 7 108
3 10 300
5 10 278
2 9 130
10
2 1 5
1 4 234
3 4 231
3 6 40
8 1 135
6 5 64
10 8 57
2 9 221
7 10 168
10
4 10 44
5 4 62
10 8 262
8 3 224
10 1 237
4 6 180
10 9 289
1 7 113
9 2 208
10
5 9 252
2 9 136
9 4 165
4 6 50
6 3 157
5 8 205
1 9 98
1 7 49
10 6 91
10
9 5 99
5 2 153
2 1 24
5 10 236
3 1 163
9 4 59
10 8 196
7 8 201
3 6 50
10
5 7 261
3 5 291
3 9 250
9 8 214
2 3 46
10 7 45
4 10 37
6 4 128
1 4 290
10
4 6 11
4 1 182
8 6 245
4 10 185
8 7 27
5 8 206
4 3 119
6 2 46
4 9 206
10
9 8 138
9 10 47
9 7 107
7 6 22
2 8 55
8 3 70
1 8 103
10 5 165
4 6 5
10
4 5 105
9 5 12
9 1 107
3 9 2
8 3 62
5 6 188
5 7 134
10 6 169
5 2 168
10
10 7 228
10 2 33
10 1 20
10 5 117
10 6 141
1 8 144
3 7 188
5 4 4
9 1 172
10
8 7 2
8 2 261
3 8 25
5 8 186
9 5 87
1 3 63
1 6 59
10 7 120
9 4 190
10
9 5 20
5 7 80
9 10 86
9 4 235
1 10 96
6 9 33
5 2 22
8 7 219
3 5 196
10
2 3 49
2 4 144
5 2 253
2 9 149
4 1 74
1 7 2
7 8 202
7 6 152
10 2 37
10
1 8 86
4 8 290
3 1 300
1 2 158
9 3 189
6 3 105
9 5 293
5 10 228
10 7 119
10
7 8 86
9 7 142
5 9 254
4 8 213
3 4 63
5 6 144
8 2 275
1 8 256
10 3 136
10
2 1 292
2 8 12
8 6 139
7 1 56
7 4 161
8 9 197
2 3 150
1 10 215
6 5 86
10
9 3 17
8 9 81
3 4 199
9 1 19
8 6 188
8 5 9
8 7 240
1 2 31
10 9 214
10
7 1 60
3 1 48
10 7 180
2 10 145
3 6 241
2 8 40
10 9 78
5 3 88
8 4 168
10
1 4 26
6 4 95
2 4 171
9 1 122
7 9 61
7 5 162
8 5 76
5 3 208
10 4 93
10
2 7 230
7 6 276
2 5 195
6 3 92
1 6 223
4 1 145
8 2 259
3 9 213
8 10 231
10
4 6 48
6 1 166
6 9 132
4 2 263
9 7 73
3 9 135
5 6 250
2 10 220
3 8 296
10
3 9 83
4 3 255
9 10 213
10 2 76
4 7 73
8 3 274
6 2 99
3 1 100
2 5 119
10
8 6 284
6 1 167
8 4 242
5 4 271
10 8 276
2 8 168
3 1 62
10 9 243
4 7 247
10
6 3 53
6 2 220
2 7 215
3 4 145
1 4 278
10 4 298
9 6 212
5 7 78
8 7 175
10
10 2 13
9 10 123
10 6 159
9 1 188
7 9 60
6 5 238
3 2 144
3 4 73
9 8 253
10
8 3 115
6 3 138
6 9 2
9 4 265
3 2 32
1 9 183
5 9 121
7 3 146
1 10 62
10
5 2 229
2 4 10
10 4 286
7 5 36
10 6 209
7 9 155
6 1 142
9 8 180
4 3 142
10
4 6 201
6 3 19
3 7 93
1 4 227
7 2 167
3 8 130
5 4 116
10 5 257
9 10 293
10
7 10 234
10 5 195
10 3 196
10 6 75
8 7 298
2 3 35
6 9 90
1 7 87
4 10 129
10
1 5 152
1 9 161
4 1 8
5 7 132
2 5 244
8 7 127
10 8 230
3 4 119
10 6 63
10
9 4 299
9 8 69
9 3 132
9 6 238
4 1 267
2 4 40
10 4 184
7 2 284
3 5 263
10
4 8 138
8 5 215
2 4 207
8 1 61
7 5 147
10 7 253
8 6 222
9 2 281
3 1 88
10
2 4 132
4 1 55
2 8 215
2 5 56
7 4 27
2 9 12
6 9 73
7 10 16
8 3 268
10
1 7 23
1 2 176
4 1 89
9 1 296
1 6 242
3 4 231
4 5 294
8 5 76
10 7 294
10
7 8 17
4 7 37
4 2 265
3 8 120
2 5 124
5 1 282
10 2 107
7 9 300
6 9 37
10
6 10 257
10 3 187
2 3 255
9 10 143
7 6 32
4 2 110
9 8 236
5 2 252
1 2 30
10
4 3 45
4 9 97
6 4 292
6 10 104
2 4 68
3 7 107
5 7 282
1 9 222
8 7 239
10
1 3 98
3 5 113
5 10 118
2 5 36
3 7 242
4 1 272
8 10 192
3 9 105
9 6 276
10
10 2 183
9 2 87
10 4 265
10 3 8
3 5 69
1 2 270
8 2 126
7 4 59
6 5 20
10
1 6 129
9 6 45
1 8 210
5 8 70
10 8 12
10 4 254
5 7 287
4 2 211
8 3 258
10
10 4 293
10 7 245
4 5 51
4 2 158
9 10 215
8 2 271
1 7 161
6 7 229
3 6 74
10
1 5 263
10 1 270
5 9 242
10 3 20
4 1 143
8 10 23
2 5 287
6 10 261
3 7 163
10
1 5 173
9 1 219
9 7 167
8 5 146
8 2 32
7 4 63
5 3 257
10 4 282
6 2 36
10
3 9 214
2 3 4
2 8 283
3 6 57
7 2 126
3 1 156
4 1 160
4 10 238
3 5 139
10
4 8 27
9 4 19
10 4 279
10 5 70
10 6 230
1 5 49
6 7 112
3 5 227
2 3 135
10
9 7 201
2 9 156
9 8 158
2 3 134
6 9 293
4 6 88
8 10 155
6 1 192
5 6 105
10
2 5 191
2 7 283
5 3 82
4 2 164
5 6 7
7 10 226
1 2 265
9 2 241
3 8 180
10
6 3 195
3 2 155
1 6 116
6 5 229
7 3 31
6 10 101
7 8 43
4 3 62
9 4 291
10
10 8 290
4 10 155
10 1 18
6 8 82
7 1 169
3 1 199
1 5 271
9 1 142
2 1 204
10
5 4 20
4 8 179
7 4 93
10 8 163
5 1 142
10 2 162
3 7 17
9 8 72
6 3 212
10
6 4 249
5 6 103
8 5 168
1 5 185
1 2 26
6 3 170
1 7 40
10 6 297
9 2 44
10
1 8 103
8 6 241
10 6 184
8 9 49
10 4 105
8 3 10
5 6 214
5 2 54
3 7 100
10
1 2 115
2 10 257
4 10 244
5 10 239
10 9 39
6 4 127
7 1 149
9 3 190
8 2 59
10
3 1 55
7 1 127
3 4 188
9 4 134
6 9 131
7 10 186
3 5 119
6 2 224
5 8 150
10
3 7 285
2 3 89
6 2 131
6 1 52
10 7 297
1 9 59
6 5 236
8 9 75
4 7 92
10
9 2 38
3 9 153
9 8 213
8 6 164
3 1 260
1 10 45
5 2 216
2 4 265
4 7 156
10
8 9 203
7 9 88
1 7 171
1 5 61
1 4 260
5 6 71
8 3 283
2 5 51
3 10 236
10
4 9 64
9 6 262
5 4 82
2 4 107
2 3 87
7 5 124
6 8 207
8 10 38
1 9 127
10
3 1 102
3 8 98
5 3 204
6 3 46
6 2 159
9 6 141
8 4 10
7 2 280
9 10 258
10
10 3 120
4 3 156
3 1 91
1 8 178
9 3 218
1 6 123
2 8 287
6 7 59
5 1 146
10
3 2 142
3 8 297
2 10 212
4 3 266
1 2 274
9 8 273
4 7 113
4 5 281
9 6 287
10
4 6 20
5 6 256
4 3 77
6 10 20
9 5 93
2 9 168
8 2 286
9 1 245
6 7 227
10
4 7 290
4 8 22
4 10 237
10 9 170
9 3 181
4 1 101
4 6 30
6 5 21
2 1 95
10
3 8 206
1 8 241
8 5 181
4 3 188
1 10 107
3 6 169
9 4 14
1 2 231
6 7 298
10
4 8 124
10 8 137
8 6 32
5 8 144
9 6 263
6 7 126
4 2 15
6 1 6
7 3 161
10
3 10 201
10 8 10
10 6 88
4 3 173
2 8 54
8 1 142
1 7 183
3 9 244
7 5 233
10
4 9 138
6 4 158
4 2 172
6 10 98
6 7 247
9 3 108
8 9 43
4 5 28
1 4 129
10
7 1 278
7 9 233
1 5 82
6 7 56
6 4 126
6 8 296
8 10 162
1 2 213
7 3 142
10
1 10 31
10 8 18
1 9 253
9 4 121
7 10 48
3 7 194
10 2 21
5 1 187
10 6 228
10
1 6 253
9 6 124
6 8 17
9 4 96
6 2 43
7 9 229
10 7 215
5 7 66
10 3 238
10
9 6 18
2 6 56
2 8 192
10 2 180
8 4 290
8 1 281
5 1 41
3 1 280
7 9 62
10
2 5 22
2 8 250
5 1 25
9 8 22
7 8 23
10 5 276
8 4 73
5 3 279
8 6 81
10
1 5 109
5 6 4
1 2 233
3 1 253
7 5 19
9 3 227
9 8 273
4 2 150
10 8 45
10
2 5 21
2 7 55
2 1 109
10 5 176
5 9 249
9 3 84
10 6 299
9 4 79
8 2 63
10
9 10 90
1 9 153
1 7 240
5 9 14
4 9 272
6 5 230
9 2 185
8 2 125
3 4 280
10
10 4 263
4 8 274
8 9 180
8 3 97
6 10 134
6 7 81
10 1 11
8 5 244
2 4 213
10
6 4 162
4 2 47
1 6 16
7 4 262
4 10 51
9 1 69
6 5 199
7 3 259
10 8 105
10
2 8 212
6 8 200
10 6 89
6 1 45
1 3 250
10 4 192
9 3 279
5 3 96
7 4 189
10
7 4 86
7 10 290
7 2 220
1 2 230
9 10 174
9 3 201
2 8 162
9 6 186
7 5 88
10
2 1 112
2 7 31
3 7 118
2 4 242
6 4 42
5 3 19
9 5 50
9 8 34
4 10 209
10
9 10 117
7 10 281
4 9 60
3 10 58
2 10 14
10 8 174
5 7 221
1 4 147
6 4 14
10
1 9 183
1 8 163
10 9 72
3 9 16
9 7 7
9 5 5
2 5 284
7 6 19
10 4 149
10
8 6 168
6 5 214
5 9 292
5 10 225
7 9 60
3 8 282
1 10 73
7 2 248
8 4 248
10
2 5 181
6 2 9
2 4 203
8 2 138
9 2 159
3 8 77
7 3 30
10 9 48
3 1 283
10
10 7 179
6 10 137
6 3 46
2 3 73
10 4 269
6 1 75
7 8 38
5 2 18
9 6 171
10
4 7 152
9 7 57
10 9 52
9 6 5
2 6 219
9 8 127
5 9 231
5 1 24
3 4 283
10
1 7 96
7 8 176
3 8 121
8 6 77
4 7 238
4 9 161
4 2 162
10 8 40
1 5 89
10
10 5 55
3 5 44
10 6 195
4 3 148
4 9 53
9 7 43
3 8 284
1 4 291
2 3 193
10
7 3 225
4 7 5
3 9 234
10 3 298
3 6 207
1 6 281
8 7 239
6 5 88
2 6 79
10
1 10 146
6 1 100
5 10 210
6 3 155
9 3 38
8 1 96
10 7 170
4 7 28
4 2 199
10
2 10 129
3 10 174
2 8 191
1 2 90
6 2 294
10 7 249
3 5 257
10 9 22
4 5 64
10
2 8 161
1 2 126
1 4 85
1 3 188
10 3 85
4 9 2
5 10 146
2 7 208
6 1 240
10
8 9 242
10 8 48
6 8 216
6 3 196
7 8 92
4 3 256
6 1 280
1 2 196
10 5 57
10
9 2 163
2 7 295
7 3 77
2 1 138
10 3 283
9 4 86
5 7 17
8 3 40
3 6 53
10
5 7 43
7 9 161
10 5 118
5 2 205
1 5 297
1 3 81
5 8 23
6 5 12
1 4 80
10
9 5 153
5 7 229
9 2 228
6 9 141
5 10 266
10 1 129
2 4 215
9 3 181
9 8 10
10
9 3 87
9 8 169
9 7 71
4 8 60
8 5 43
8 1 103
4 2 109
10 4 255
6 7 107
10
6 3 66
3 2 240
3 5 209
6 10 214
4 2 165
6 9 72
7 4 127
8 6 66
4 1 274
10
10 2 58
8 2 211
8 7 106
5 7 80
7 3 218
4 5 243
6 7 72
9 6 175
6 1 41
10
4 10 229
7 4 133
7 5 149
10 6 254
4 9 100
7 3 82
8 9 267
2 4 62
8 1 201
10
6 5 13
5 4 293
5 9 248
10 5 235
2 5 100
1 4 266
8 4 33
5 3 7
7 3 30
10
8 10 169
9 10 8
8 5 244
1 8 98
7 1 16
3 10 275
2 7 194
2 6 161
9 4 109
10
8 6 159
9 6 140
9 10 102
8 1 187
6 3 52
9 2 233
5 2 120
4 6 280
7 8 183
10
9 10 94
2 10 227
3 2 105
10 6 291
5 2 267
5 4 114
10 1 126
6 7 71
7 8 137
10
9 5 284
4 9 24
3 5 249
7 4 266
1 5 216
1 10 12
9 6 95
7 8 204
10 2 102
10
3 10 85
10 8 98
2 10 250
7 2 141
8 4 288
2 9 90
9 5 208
2 6 13
1 9 219
10
5 3 138
5 10 66
5 8 218
7 3 261
7 9 68
10 1 26
9 2 293
4 9 289
6 7 71
10
9 10 235
9 7 104
4 10 196
10 3 236
4 5 48
4 8 102
7 6 96
1 5 267
9 2 3
10
5 2 156
2 3 13
7 5 99
9 7 119
10 3 219
6 2 76
3 8 49
4 9 275
9 1 107
10
5 3 37
5 4 263
2 3 257
5 6 44
8 2 26
4 1 291
7 6 87
10 4 26
8 9 261
10
10 3 80
10 6 11
10 4 87
3 7 227
8 4 148
2 8 130
9 3 208
1 10 154
8 5 134
10
8 2 205
8 6 201
7 8 16
8 4 175
5 4 56
1 4 284
1 3 24
10 4 195
2 9 178
10
2 3 283
8 2 265
10 3 58
6 8 72
4 2 224
3 7 236
3 9 266
10 1 73
6 5 243
10
2 8 245
2 1 129
10 8 84
7 8 18
10 3 39
9 1 49
6 7 34
4 2 293
7 5 249
10
4 8 269
9 8 51
4 2 271
1 2 12
5 2 160
2 7 148
8 10 36
1 3 35
4 6 291
10
9 1 60
9 10 9
1 2 18
2 5 265
6 5 109
2 7 216
7 3 207
4 1 63
8 3 166
10
4 3 299
4 7 293
10 3 20
2 4 167
7 5 263
3 9 82
7 1 258
8 10 126
6 8 150
10
8 3 163
5 8 141
1 5 166
5 6 239
5 7 78
9 1 183
9 2 205
9 10 161
1 4 115
10
7 8 282
2 8 128
10 8 268
5 2 77
6 7 275
1 2 153
9 1 82
10 3 39
4 6 288
10
5 9 269
8 5 219
6 5 3
4 8 205
1 4 211
8 3 106
1 7 27
2 9 225
8 10 186
10
3 2 192
2 5 36
5 10 105
9 3 195
9 1 156
3 7 69
6 7 199
3 4 161
9 8 31
10
6 10 216
10 9 14
6 7 158
8 10 14
4 7 235
3 10 135
6 5 281
1 7 182
6 2 6
10
6 9 20
9 10 25
9 8 111
4 9 91
8 3 265
2 3 39
5 3 117
1 8 212
7 8 164
10
1 6 259
6 2 282
8 6 142
8 7 49
8 9 228
10 6 242
4 10 293
7 5 133
3 7 188
10
10 9 97
1 10 124
8 9 116
6 9 118
9 4 24
8 5 93
8 3 70
2 6 98
7 1 162
10
3 2 96
5 3 17
2 8 247
2 4 84
4 6 290
10 6 143
10 1 279
8 9 190
4 7 299
10
6 3 282
3 8 284
3 5 128
2 3 244
1 5 207
10 3 36
10 4 207
9 4 177
7 1 145
10
10 8 22
10 9 283
5 9 113
5 3 260
5 7 235
4 7 216
1 4 136
3 6 164
2 9 65
10
9 2 286
5 2 133
9 3 17
2 8 209
5 6 281
4 8 12
8 10 277
6 7 74
8 1 104
10
8 9 260
8 4 269
9 1 202
8 7 250
4 5 217
6 1 49
5 10 124
4 2 35
6 3 97
10
4 7 152
3 7 192
5 7 28
10 7 63
10 8 217
4 1 286
8 6 103
9 5 23
2 3 246
10
4 8 19
8 1 18
1 2 131
2 9 33
9 10 123
7 9 194
5 7 263
2 3 87
5 6 136
10
6 8 92
6 4 282
9 6 198
10 8 67
8 1 137
2 6 147
7 4 290
3 8 211
2 5 288
10
9 2 204
9 10 68
10 3 143
3 7 59
4 10 48
6 7 299
5 9 236
6 8 271
8 1 85
10
10 6 295
3 10 105
3 9 290
6 7 100
10 1 45
5 6 264
8 6 132
5 4 295
3 2 40
10
10 1 249
10 6 98
3 1 243
10 5 216
5 7 221
7 2 40
8 5 75
3 9 205
9 4 205
10
10 5 243
5 6 234
1 5 67
3 5 230
7 3 189
9 10 11
5 2 134
8 1 38
10 4 89
10
7 6 267
7 5 186
1 5 255
5 4 175
1 10 10
1 9 212
3 1 149
6 8 228
6 2 102
10
5 10 45
8 5 113
4 10 211
5 9 74
5 6 292
4 7 121
7 3 222
8 2 120
1 9 64
10
4 9 45
4 8 87
10 4 186
3 10 235
4 5 32
2 9 238
1 5 70
5 7 186
9 6 127
10
10 9 74
1 9 27
8 1 96
6 1 36
4 8 73
10 2 76
7 2 115
3 2 63
2 5 92
10
7 2 293
9 7 35
2 10 192
6 9 59
5 6 289
5 4 221
2 3 294
8 3 226
1 2 113
10
2 3 18
2 4 148
2 8 272
4 1 189
3 6 157
10 4 104
8 5 208
5 9 39
5 7 114
10
10 7 245
7 6 94
2 7 30
2 9 122
4 2 216
9 8 20
3 6 111
4 1 99
9 5 268
10
2 9 73
4 9 102
7 9 82
7 3 166
2 1 37
5 7 298
5 8 205
3 6 175
5 10 43
10
6 2 238
8 2 196
10 2 239
6 4 252
2 1 133
1 9 112
7 8 125
9 3 279
8 5 205
10
9 10 124
9 3 178
10 2 123
3 8 227
1 3 152
7 2 293
9 4 101
5 3 206
6 3 286
10
6 2 65
3 6 166
5 6 142
6 1 67
7 2 95
4 7 286
3 9 181
8 5 207
2 10 263
10
7 9 174
9 8 172
7 5 43
8 2 206
6 8 175
6 1 117
2 10 103
3 8 148
2 4 289
10
4 1 12
1 6 167
6 10 9
10 7 206
6 9 65
8 1 68
3 6 112
6 5 126
1 2 75
10
4 8 99
8 1 279
4 3 70
1 5 249
8 10 95
3 7 187
6 4 135
2 8 164
9 5 99
10
9 7 300
3 7 98
9 4 5
3 2 54
2 1 23
4 6 275
8 6 34
5 6 151
8 10 117
10
2 1 220
2 10 149
10 4 179
2 7 9
10 5 250
4 8 191
2 6 177
3 6 231
5 9 179
10
10 5 162
5 4 217
8 5 296
4 1 13
5 7 300
3 1 34
7 2 30
6 4 138
9 8 150
10
10 7 180
5 10 51
5 6 128
10 4 124
4 2 205
6 3 208
1 10 123
9 10 241
6 8 191
10
7 10 186
2 7 83
7 6 129
10 8 202
3 8 33
5 8 156
2 9 295
4 9 83
1 10 196
10
4 2 81
4 8 45
3 8 231
6 4 117
1 4 63
8 5 138
2 10 164
2 9 194
7 10 267
10
8 3 157
3 5 65
3 7 152
10 8 198
2 10 20
8 4 130
5 6 15
9 5 45
1 2 271
10
5 6 161
6 9 178
3 9 189
10 5 85
3 1 24
4 10 44
4 7 158
2 9 216
8 7 158
10
6 2 46
6 8 275
6 9 188
3 9 290
8 10 122
4 10 25
7 6 293
1 10 194
3 5 165
10
1 7 17
1 9 169
9 3 175
3 2 59
10 9 32
8 2 145
10 4 67
5 7 35
6 8 18
10
5 3 19
8 3 162
8 7 298
9 3 23
4 3 280
1 5 157
10 5 202
2 5 156
6 7 291
10
3 7 278
7 9 67
3 1 74
10 7 48
5 9 159
3 4 172
6 7 167
4 2 4
2 8 272
10
8 2 209
8 6 235
8 5 259
4 2 88
8 10 215
9 4 112
8 1 89
3 1 6
8 7 4
10
6 7 144
6 1 234
1 10 204
6 4 231
3 6 97
9 10 39
2 7 48
5 6 237
6 8 70
10
8 1 211
10 1 162
7 8 164
5 7 280
6 1 58
1 9 296
8 3 265
6 2 203
4 8 257
10
1 9 252
4 1 22
6 4 2
6 3 20
1 7 221
3 5 85
9 2 300
8 9 240
7 10 195
10
10 4 105
7 10 57
7 3 203
5 7 188
7 2 201
5 8 39
6 3 16
8 9 43
8 1 164
10
8 5 1
1 5 149
1 7 56
1 2 75
5 6 40
9 1 127
1 4 192
10 1 119
10 3 106
10
2 6 7
4 2 48
1 6 9
6 8 74
4 10 101
9 10 252
5 4 28
4 7 275
6 3 41
10
8 9 46
3 9 259
4 3 111
9 10 263
8 2 106
7 10 99
4 5 170
7 1 252
4 6 151
10
10 6 219
6 5 75
10 3 277
3 7 169
8 10 58
8 2 281
4 5 197
7 1 31
9 2 162
10
10 9 69
9 8 173
4 8 96
4 5 293
7 9 222
9 3 50
8 1 87
3 6 178
2 1 107
10
8 1 63
1 7 161
8 5 197
1 4 139
8 3 255
7 10 122
2 10 221
6 3 39
9 3 174
10
2 9 6
4 9 124
5 9 262
10 9 201
6 4 166
2 1 79
1 8 77
10 7 87
3 7 300
10
1 4 23
4 9 66
5 1 140
8 9 52
6 8 79
5 10 31
3 10 190
3 2 42
7 10 63
10
10 5 130
5 4 54
4 6 169
1 10 300
5 3 102
4 2 9
1 8 296
3 9 193
7 5 2
10
5 6 184
9 6 107
9 7 33
8 7 210
9 3 282
6 10 238
7 2 259
3 1 90
4 2 241
10
4 3 19
3 7 290
10 4 156
3 6 34
6 8 193
2 6 124
10 5 30
7 9 141
10 1 71
10
8 5 170
10 5 168
5 7 21
9 10 68
3 9 163
10 1 35
2 9 294
8 6 230
5 4 217
10
6 5 281
2 6 93
1 5 286
2 9 10
8 5 76
9 10 99
10 7 218
8 3 179
4 5 293
10
9 8 65
3 9 262
9 6 14
10 6 126
2 3 116
4 8 197
2 7 129
6 5 78
7 1 136
10
4 3 251
4 10 113
3 1 260
9 10 23
4 2 70
5 3 158
8 1 278
7 1 149
4 6 243
10
4 6 63
4 3 167
8 6 76
7 6 102
7 9 160
5 9 155
1 5 19
8 10 257
2 7 14
10
9 2 294
9 8 198
9 7 292
4 7 192
8 10 135
6 8 203
1 4 9
10 5 84
3 8 27
10
4 10 123
7 4 230
7 2 61
2 8 11
6 4 91
2 3 87
8 5 221
9 4 39
2 1 171
10
5 1 256
2 5 3
8 1 273
3 2 155
9 2 114
6 1 258
7 6 282
4 2 107
2 10 52
10
1 3 50
3 4 74
9 4 4
2 1 17
4 8 296
1 7 233
8 5 109
10 1 263
6 1 203
10
6 5 89
6 4 263
5 8 250
7 6 67
4 2 78
3 2 49
2 9 203
7 1 80
10 5 192
10
4 9 241
9 2 202
9 3 225
9 1 292
3 7 1
8 2 92
10 7 174
5 9 170
1 6 260
10
8 5 132
8 9 246
7 5 218
2 5 106
3 9 134
1 2 234
3 10 254
10 6 201
4 8 73
10
7 10 172
1 7 38
7 6 14
1 8 78
3 6 46
4 8 67
8 2 280
4 5 66
9 2 22
10
4 9 104
4 5 231
4 8 29
10 4 184
5 7 14
1 5 24
6 8 41
7 3 201
2 6 199
10
3 5 23
3 8 136
5 10 59
2 10 87
5 9 298
1 9 11
5 7 221
3 6 133
5 4 229
10
2 4 180
1 4 217
2 5 165
1 6 274
2 9 239
6 3 74
7 9 38
6 8 108
10 5 200
10
5 4 21
4 1 147
5 9 1
1 10 275
3 4 166
2 3 203
1 6 92
6 7 152
8 1 247
10
6 3 6
5 3 103
9 5 282
3 10 14
1 3 242
3 4 107
10 8 107
2 4 113
10 7 12
10
10 4 167
4 6 86
5 4 237
6 1 104
10 7 202
3 5 294
4 8 215
8 2 271
8 9 265
10
6 7 2
7 4 77
7 2 98
7 1 174
9 1 71
7 5 86
3 1 56
6 8 282
4 10 288
10
8 7 171
7 5 168
6 8 18
7 4 271
4 9 99
10 6 251
4 2 251
10 1 160
3 9 159
10
4 3 63
4 6 140
6 5 148
1 6 195
10 6 203
7 3 61
2 10 31
10 9 160
2 8 204
10
9 7 238
5 7 13
7 4 206
4 3 174
1 9 153
4 10 17
6 10 215
4 2 47
8 2 157
10
9 10 87
7 10 22
10 5 293
8 10 270
6 9 1
6 4 191
2 8 118
5 3 113
10 1 96
10
2 9 77
3 9 73
3 10 49
8 10 285
7 9 180
4 2 133
4 6 100
3 1 199
6 5 184
10
8 4 269
10 4 36
10 3 189
10 5 30
1 10 74
9 10 81
5 7 82
1 6 181
4 2 70
10
2 5 281
4 2 163
10 4 174
4 1 134
4 9 287
3 9 144
7 2 178
6 1 277
1 8 213
10
1 3 176
9 3 170
10 1 259
9 6 269
3 7 119
1 4 190
8 6 228
5 6 233
2 7 69
10
7 1 251
2 7 76
7 5 132
3 2 270
1 8 83
4 5 77
1 9 53
6 8 24
4 10 280
10
6 7 267
7 10 132
10 2 154
6 1 298
7 5 156
9 10 131
4 6 43
8 4 87
8 3 190
10
8 4 90
9 4 172
9 2 153
4 10 188
8 7 48
3 10 291
4 5 100
10 6 20
1 5 72
10
7 2 229
10 2 264
2 9 135
5 2 7
9 8 205
3 2 8
1 10 163
5 4 174
3 6 112
10
1 6 164
7 1 156
6 10 49
1 9 235
7 5 38
1 4 287
3 6 102
4 2 163
8 9 205
10
9 5 46
6 9 116
6 2 116
3 2 9
7 5 137
5 1 240
8 9 227
3 4 55
10 2 136
10
8 10 291
3 8 5
4 3 289
10 6 71
7 3 162
2 6 70
9 4 225
1 7 82
6 5 52
10
7 3 34
10 3 299
5 10 171
6 7 289
8 5 121
3 4 86
6 9 245
2 4 228
1 3 52
10
2 5 26
6 5 49
10 6 295
1 6 40
9 5 223
10 3 158
9 8 158
7 2 227
1 4 43
10
2 10 18
2 4 109
9 2 238
2 7 212
5 7 222
8 4 114
3 7 210
6 8 271
1 9 156
10
9 2 125
9 7 252
10 2 46
1 2 96
2 4 191
4 6 129
5 6 26
3 4 127
8 6 166
10
10 8 268
1 10 115
4 10 204
10 7 54
3 10 46
7 2 294
1 6 298
7 5 161
6 9 209
10
5 6 14
3 6 238
4 6 99
5 2 53
10 3 224
7 10 248
10 1 262
8 2 41
9 4 35
10
5 1 42
1 3 160
2 1 241
2 10 297
9 1 86
8 10 150
6 9 49
2 7 266
4 3 46
10
2 4 129
2 1 256
8 1 136
8 7 58
10 2 251
9 2 252
6 7 280
5 4 7
8 3 133
10
10 7 122
10 6 10
9 10 253
8 10 76
7 4 41
6 2 47
6 5 27
3 10 63
8 1 198
10
2 4 172
9 2 255
2 1 152
2 10 300
8 1 7
5 2 226
1 3 240
3 7 256
2 6 237
10
9 10 161
9 8 229
1 8 120
3 1 29
10 2 238
4 8 215
7 10 268
7 5 154
6 5 20
10
9 2 259
9 5 110
3 9 95
10 2 72
6 10 220
9 8 238
4 3 141
10 1 115
3 7 206
10
7 6 161
6 3 156
3 2 82
6 4 224
10 7 150
6 8 187
5 8 182
10 9 247
2 1 131
10
3 4 267
7 4 261
3 8 261
8 1 257
6 1 39
2 8 295
2 10 15
3 5 231
8 9 72
10
6 7 227
6 4 113
6 5 268
2 6 231
5 8 280
8 10 33
8 9 10
3 8 19
5 1 174
10
3 10 185
2 3 257
3 8 238
4 10 126
7 4 118
10 1 216
6 4 68
2 9 266
5 10 117
10
6 4 210
4 8 189
10 4 218
7 8 67
9 8 91
3 10 6
2 6 115
10 5 14
1 9 212
10
7 8 268
8 4 146
4 2 70
2 1 300
1 9 59
2 6 207
8 3 90
10 8 17
3 5 225
10
8 6 112
6 3 138
10 3 40
10 4 184
7 3 60
1 10 293
4 9 135
3 2 171
8 5 59
10
9 2 112
7 9 143
9 10 192
6 9 152
7 8 40
6 1 136
7 4 69
2 3 82
5 3 188
10
10 9 138
10 8 123
5 9 190
8 3 223
3 2 156
1 9 34
2 6 142
7 3 300
4 9 146
10
9 1 12
1 10 165
2 10 252
6 10 173
3 9 137
4 9 122
8 9 281
5 6 17
7 2 213
10
7 2 265
7 6 101
2 9 253
6 4 66
4 8 96
3 9 282
9 1 213
3 10 168
5 4 156
10
9 8 211
7 9 294
5 8 79
2 7 89
7 4 239
7 3 274
1 5 206
2 10 291
3 6 45
10
9 7 227
5 9 45
5 8 28
3 7 4
4 3 264
5 1 40
6 1 252
2 7 273
7 10 34
10
6 10 38
4 10 126
5 6 40
3 4 116
2 6 84
1 5 240
6 7 270
10 8 81
1 9 289
10
7 3 71
3 4 125
4 10 226
9 4 113
6 7 55
10 8 217
1 4 115
1 5 7
1 2 48
10
7 4 74
4 3 4
7 8 52
8 6 156
7 5 251
4 1 223
9 4 90
10 6 234
10 2 189
10
1 2 156
5 1 3
4 5 43
6 1 17
3 1 246
8 3 19
9 4 296
10 5 138
10 7 191
10
9 5 137
5 8 228
9 4 46
7 9 134
7 2 27
8 1 242
9 10 69
6 1 40
1 3 149
10
7 4 150
4 5 99
7 2 81
9 2 244
10 2 292
1 10 154
8 5 164
3 7 92
6 9 296
10
9 2 226
9 10 127
9 3 139
1 10 132
7 1 104
2 4 202
8 7 20
4 6 197
5 4 46
10
1 4 113
9 4 133
10 4 265
1 8 17
4 7 252
4 3 188
9 5 31
6 1 82
2 8 204
10
10 5 133
5 6 83
10 8 225
5 2 51
6 1 151
3 8 126
7 3 264
4 8 8
8 9 161
10
3 7 261
9 7 155
3 10 230
2 7 99
8 3 288
1 9 143
9 4 4
2 6 280
5 8 233
10
6 10 27
5 6 289
2 10 209
8 5 294
1 8 234
4 10 79
4 7 136
3 6 234
7 9 142
10
10 3 139
1 10 23
3 2 27
9 10 262
4 2 165
1 8 172
4 5 175
8 6 263
7 10 273
10
2 5 132
2 1 233
8 2 283
1 7 178
9 8 97
3 8 90
8 6 51
7 4 168
9 10 274
10
9 5 68
7 9 67
5 4 200
10 7 42
1 9 11
1 3 104
2 3 275
4 8 152
6 5 24
10
8 10 66
6 10 284
2 8 294
8 5 5
4 8 148
9 4 172
7 4 172
3 5 8
1 4 201
10
6 3 243
3 4 213
1 3 211
1 7 218
8 3 129
8 5 142
9 1 299
4 2 140
1 10 129
10
7 3 27
2 7 62
2 8 275
4 8 299
5 2 12
4 10 223
8 1 177
9 4 179
6 3 249
10
5 9 249
10 5 268
3 9 207
1 10 253
3 7 44
1 2 128
5 6 265
8 1 164
9 4 96
10
2 5 195
2 7 52
6 5 226
4 6 249
2 10 270
9 5 246
10 1 283
2 8 146
3 10 217
10
6 2 94
2 9 164
1 6 151
3 2 111
6 4 222
3 8 249
1 10 148
1 7 7
5 9 284
10
2 1 54
10 2 13
2 3 187
1 6 120
7 2 12
9 2 176
10 8 201
5 10 240
4 5 89
10
5 7 238
6 5 131
7 3 213
6 10 115
10 9 298
2 9 238
8 5 115
1 10 170
9 4 46
10
1 4 47
3 4 286
4 2 11
9 4 45
6 3 65
10 6 4
6 5 157
8 9 45
7 9 143
10
3 5 166
7 3 75
6 5 190
7 10 282
9 7 149
3 1 142
4 10 96
8 7 198
2 9 74
10
10 9 262
9 2 295
4 9 252
7 2 255
2 1 228
2 6 138
8 1 257
2 3 154
8 5 8
10
9 2 178
6 2 129
1 2 231
5 1 106
2 10 93
2 8 125
4 8 251
3 5 193
7 4 291
10
6 7 110
10 6 16
10 2 249
3 7 26
7 8 88
4 6 93
6 9 261
2 1 34
5 10 58
10
7 5 22
10 5 18
7 2 159
1 7 241
9 2 233
3 7 87
10 4 162
3 6 285
2 8 74
10
10 6 55
5 10 236
6 1 169
2 1 221
1 7 167
10 8 153
10 4 22
9 1 284
3 6 15
10
1 4 144
7 4 93
1 9 228
9 6 192
4 3 287
3 2 164
1 5 238
5 8 220
4 10 83
10
5 2 275
2 1 142
1 4 59
5 6 157
4 8 104
4 9 49
10 4 115
2 7 135
3 10 65
10
3 8 258
8 9 205
9 10 115
1 8 150
6 10 267
7 8 212
2 6 265
10 4 293
5 9 248
10
9 1 152
5 9 21
9 7 298
7 2 20
9 10 229
2 4 135
8 2 233
8 3 30
6 5 166
10
1 7 174
9 1 49
1 2 233
5 9 15
3 1 66
3 8 263
4 3 114
4 10 295
6 1 119
10
6 3 94
3 7 111
9 7 217
8 6 102
9 4 81
1 8 211
5 4 209
7 10 138
4 2 101
10
6 7 8
7 8 190
10 6 90
9 7 49
8 3 2
8 4 196
1 9 163
9 2 31
10 5 177
10
5 7 28
5 4 287
4 1 208
8 5 206
3 8 31
10 7 238
6 8 154
2 3 294
8 9 219
10
1 7 288
6 1 196
8 1 248
5 8 295
2 1 59
10 8 201
3 8 150
4 10 200
3 9 251
10
3 9 255
9 10 162
8 3 108
2 8 217
8 5 232
4 2 147
9 6 198
1 2 160
6 7 78
10
1 7 205
1 4 129
4 5 171
1 8 69
5 9 4
2 1 138
3 8 161
9 6 283
10 9 256
10
7 1 24
7 3 174
1 8 88
7 2 179
10 3 179
3 5 26
4 1 261
3 6 132
4 9 297
10
2 3 155
9 2 164
3 4 181
1 4 11
1 10 89
8 3 29
7 10 66
7 5 201
2 6 66
10
7 10 292
4 10 64
10 6 123
5 4 32
8 7 190
4 3 235
5 9 122
5 2 139
1 7 16
10
6 9 123
9 4 177
4 7 180
10 4 94
1 4 207
10 5 32
8 6 119
3 4 30
4 2 140
10
7 9 190
6 9 208
8 6 130
3 9 100
2 7 198
2 10 297
6 4 295
5 8 36
1 2 35
10
10 8 106
8 2 299
3 8 295
2 4 134
6 2 200
9 8 53
5 4 62
8 7 40
3 1 195
10
9 3 116
3 6 184
3 5 226
7 3 169
10 9 245
8 6 151
8 4 275
2 8 248
1 10 123
10
7 2 187
8 2 229
7 10 140
8 1 33
6 7 61
2 5 294
1 9 41
4 9 74
3 4 207
10
4 9 57
4 2 240
1 4 121
8 4 114
6 9 239
1 7 294
4 5 290
10 6 99
5 3 141
10
8 6 122
6 3 181
7 3 213
4 7 190
10 4 54
1 10 97
2 10 173
6 5 69
9 4 39
10
8 1 19
2 8 248
3 2 227
5 8 50
10 2 103
7 3 216
8 4 284
9 1 182
6 1 54
10
2 5 244
5 4 24
5 1 38
5 6 36
3 6 241
10 4 64
1 9 239
6 8 60
10 7 173
10
4 1 151
1 5 17
9 1 137
1 6 3
10 1 165
7 5 176
9 3 167
10 2 31
10 8 279
10
6 8 282
5 6 269
4 5 44
5 2 82
7 6 36
2 10 2
6 3 154
8 9 206
7 1 219
10
1 7 44
1 4 287
8 4 135
8 9 289
6 7 297
10 1 203
4 5 170
3 4 299
2 10 292
10
1 10 76
4 10 290
1 9 43
10 3 109
5 4 283
9 7 125
6 7 56
1 2 260
1 8 168
10
8 6 237
7 8 272
6 4 266
2 8 154
9 2 69
2 1 68
9 3 212
7 10 23
4 5 82
10
4 10 125
2 4 117
2 8 180
9 2 285
7 4 183
10 6 19
1 6 181
3 4 64
1 5 120
10
10 4 124
4 8 226
5 4 165
10 9 172
5 1 152
6 5 63
3 4 298
4 2 185
5 7 246
10
3 10 72
2 10 280
10 6 140
10 4 14
1 4 94
9 4 205
7 1 274
2 8 251
5 1 49
10
3 2 197
2 10 91
3 8 219
2 5 111
6 10 42
9 8 103
9 1 143
8 4 49
9 7 252
10
7 8 182
10 7 195
9 10 204
3 10 241
9 4 127
6 3 74
9 1 273
2 4 252
5 9 151
10
4 1 146
10 1 288
10 7 35
7 3 163
9 3 38
1 8 69
8 6 250
2 9 287
6 5 119
10
5 4 94
1 4 297
4 3 188
8 1 155
3 2 175
7 2 228
2 6 16
9 4 95
10 9 272
10
7 2 102
2 1 246
7 10 169
2 3 251
6 7 23
7 4 136
9 10 97
5 10 40
9 8 139
10
6 9 120
4 6 153
4 10 202
6 7 63
9 8 47
2 4 26
7 3 284
4 1 118
2 5 82
10
9 1 68
9 3 3
6 9 246
10 6 62
4 9 223
6 8 183
4 2 151
9 7 90
1 5 176
10
3 6 194
6 9 263
3 7 4
3 10 20
4 6 49
8 3 205
1 4 253
2 7 143
3 5 288
10
1 9 162
10 1 127
9 5 214
4 9 249
10 2 132
4 6 32
8 10 108
3 2 298
9 7 14
10
8 2 74
2 10 147
2 4 92
9 2 284
9 7 27
4 6 231
6 5 93
9 3 224
1 6 54
10
5 2 14
9 5 85
8 2 274
9 3 80
4 9 1
8 6 244
1 6 139
10 5 42
4 7 243
10
5 9 226
5 8 49
9 10 75
9 6 201
5 3 228
7 6 252
2 8 110
10 4 163
1 7 124
10
3 2 83
10 2 125
7 2 123
3 8 134
4 8 296
10 5 259
3 1 263
9 2 144
6 2 66
10
9 2 204
6 9 26
2 7 127
6 3 289
1 2 242
5 7 33
10 2 288
7 8 223
4 7 136
10
9 4 203
7 9 295
10 4 103
3 4 43
5 10 126
10 8 262
7 1 193
2 3 68
6 8 293
10
8 2 5
10 8 19
8 5 176
8 4 1
9 2 157
7 5 207
7 3 261
1 9 186
2 6 199
10
1 7 278
6 1 279
5 1 150
3 7 300
10 3 263
9 5 281
7 8 142
2 5 212
7 4 263
10
10 7 253
5 10 195
10 2 258
10 1 294
4 2 133
7 9 176
5 6 290
3 1 220
8 4 270
10
4 2 16
4 5 77
4 10 9
10 8 197
10 9 291
9 3 122
2 6 86
7 6 274
3 1 30
10
2 3 293
2 10 60
9 2 126
4 10 40
6 3 228
5 6 127
7 3 282
7 1 70
10 8 62
10
2 1 157
1 5 32
1 9 186
6 9 240
8 5 145
4 8 111
3 1 24
5 10 222
4 7 153
10
10 3 204
10 7 120
5 3 264
5 8 190
2 10 266
9 3 256
6 8 199
1 8 41
4 1 174
10
9 3 23
4 9 270
6 3 152
6 7 1
5 7 2
5 1 115
10 5 11
10 8 43
8 2 37
10
7 4 29
7 5 68
3 5 287
2 5 50
3 1 24
8 5 206
4 10 148
6 10 12
9 10 277
10
5 2 16
6 5 199
2 4 250
6 7 213
8 5 251
3 6 79
4 10 131
1 5 292
7 9 58
10
7 3 86
7 8 115
6 7 245
8 2 298
5 7 253
4 5 134
6 9 164
10 3 258
1 9 57
10
1 3 180
3 2 9
2 9 135
1 7 33
3 10 112
6 9 7
9 8 67
5 10 214
9 4 33
10
3 9 257
9 8 132
8 4 87
8 10 119
9 7 189
8 6 133
2 6 19
1 8 268
5 2 267
10
8 9 176
8 5 204
10 8 110
10 7 76
4 7 50
10 2 213
6 7 104
1 4 294
3 5 134
10
9 5 112
6 9 164
4 5 131
9 3 250
4 1 234
5 2 144
10 4 136
8 9 184
7 5 267
10
7 2 100
7 8 296
8 10 160
10 9 296
2 1 7
1 6 114
3 9 248
4 6 226
3 5 129
10
7 6 182
4 6 115
8 6 220
8 5 178
1 7 148
2 5 103
9 8 45
6 3 288
5 10 203
10
6 5 63
5 4 167
9 6 287
3 6 29
3 7 163
1 7 268
5 2 165
8 4 188
4 10 103
10
2 7 96
2 1 127
9 2 29
7 5 40
9 3 259
5 4 262
10 4 127
1 6 106
7 8 132
10
2 3 196
1 3 230
8 2 215
8 7 83
10 7 96
5 1 203
4 10 213
8 6 52
6 9 194
10
3 6 292
3 1 229
1 8 234
2 6 162
10 6 108
3 5 51
7 6 258
1 4 299
9 7 168
10
2 3 134
2 5 173
2 6 282
8 3 75
6 4 244
4 1 276
5 9 173
7 1 47
10 1 183
10
4 6 68
3 6 132
5 3 25
5 1 241
9 5 14
6 8 196
1 7 34
10 9 44
2 5 139
10
2 3 127
3 10 151
9 3 122
10 8 135
6 3 252
8 4 289
7 9 81
1 3 160
3 5 30
10
6 5 106
8 6 149
8 9 6
6 4 174
6 10 113
3 9 140
2 9 124
9 7 284
1 3 50
10
9 2 300
9 10 175
2 7 207
7 4 3
4 6 222
10 5 208
9 1 145
3 1 6
8 5 210
10
9 6 220
2 6 292
5 9 37
9 4 246
10 4 29
9 7 65
4 1 209
7 8 36
1 3 265
10
10 9 127
4 10 135
4 8 18
4 2 127
7 4 273
3 8 153
4 5 294
10 1 294
6 1 3
10
7 6 220
6 3 74
5 3 52
4 6 66
9 5 195
1 6 160
1 8 156
2 4 54
10 5 188
10
3 1 286
3 2 215
8 2 180
5 8 130
4 1 147
3 6 201
10 6 262
5 7 42
7 9 249
10
5 8 272
6 5 38
5 1 50
2 5 8
4 1 249
8 7 214
9 7 161
3 5 210
3 10 19
10
10 5 136
6 5 230
7 5 34
2 5 267
4 5 202
9 2 36
1 6 79
10 3 156
9 8 87
10
3 10 138
7 10 293
3 4 235
8 10 127
9 8 122
2 7 288
1 8 224
5 1 220
6 1 143
10
1 10 207
10 5 8
5 2 59
6 10 204
4 6 276
10 3 92
5 7 227
10 8 114
7 9 165
10
4 7 61
7 8 60
6 8 124
4 9 216
6 10 104
5 7 213
4 1 94
3 7 123
8 2 109
10
6 7 120
1 7 206
7 5 246
1 8 245
2 7 232
3 5 58
4 3 7
1 9 24
7 10 10
10
6 5 28
9 5 118
4 6 77
7 9 155
2 9 294
10 9 53
3 10 21
1 4 224
8 3 72
10
7 2 74
9 7 57
9 10 35
7 1 43
10 8 187
4 1 64
3 8 63
8 5 122
4 6 300
10
6 3 8
10 3 136
4 6 143
4 7 87
4 1 262
9 10 98
2 1 295
8 10 174
1 5 223
10
7 1 217
3 1 172
2 1 212
7 5 83
4 5 244
2 8 223
4 9 78
6 9 101
9 10 44
10
5 4 224
4 2 68
6 5 140
10 4 107
7 5 55
9 7 203
3 6 60
4 8 266
1 8 193
10
4 1 91
4 3 6
2 3 76
4 7 83
4 5 18
10 5 227
7 8 244
5 6 157
9 2 223
10
4 9 129
4 8 48
10 8 104
1 10 251
3 4 237
8 2 5
7 8 169
6 10 51
9 5 18
10
8 4 76
3 4 118
5 4 129
3 9 189
5 2 28
6 9 222
2 1 267
10 1 71
10 7 95
10
2 8 252
9 2 274
9 7 80
1 2 16
10 2 263
7 5 112
5 3 272
6 9 102
4 2 115
10
5 2 65
10 2 142
10 4 122
7 2 116
9 2 299
8 4 43
7 6 17
10 1 203
1 3 57
10
5 9 275
1 9 19
6 1 180
1 4 270
4 10 265
5 2 216
3 1 289
8 9 29
7 1 231
10
9 3 257
3 6 188
8 9 83
5 9 31
10 6 170
2 5 133
6 1 83
3 7 104
10 4 221
10
5 6 225
6 1 196
2 5 263
3 1 196
7 2 93
6 8 298
7 10 187
9 6 40
5 4 296
10
10 7 14
7 6 161
6 1 182
2 1 170
7 4 289
2 9 142
3 6 213
8 10 289
10 5 206
10
4 9 99
1 9 275
3 1 138
2 1 188
10 1 108
3 6 219
8 1 286
7 6 210
9 5 5
10
2 5 44
5 1 162
2 7 271
5 8 36
2 4 86
2 3 244
8 6 101
1 10 28
6 9 29
10
6 9 106
4 6 41
2 6 297
1 6 222
6 10 18
10 3 203
5 2 180
7 5 122
8 9 112
10
10 5 78
10 4 206
5 8 45
7 8 49
1 10 299
7 9 101
6 4 22
1 2 203
3 1 136
10
9 6 271
9 1 78
6 4 291
2 6 146
3 1 221
2 10 36
6 5 97
10 8 94
9 7 247
10
5 1 227
1 2 296
1 8 118
5 6 124
5 4 168
2 10 181
5 3 242
7 2 131
6 9 222
10
1 7 255
5 7 92
7 9 53
7 4 122
2 9 159
7 3 111
2 6 4
4 8 30
10 8 207
10
5 7 130
7 9 107
5 10 299
2 5 16
10 3 130
4 2 21
1 4 262
8 7 27
6 5 79
10
8 2 145
10 2 274
2 6 188
8 3 252
5 6 18
7 3 195
5 1 89
5 4 187
9 2 281
10
8 1 29
8 2 68
3 1 297
3 7 148
7 4 80
1 5 76
2 10 291
6 2 72
9 5 34
10
2 5 259
2 1 165
9 1 12
4 5 22
4 3 127
1 7 289
1 8 207
10 7 145
3 6 239
10
3 1 118
1 8 278
1 2 200
7 8 41
8 6 46
9 6 196
6 10 210
5 1 281
2 4 197
10
7 4 13
7 10 257
3 10 276
5 10 8
6 4 125
7 9 98
2 10 147
3 1 48
10 8 26
10
2 1 76
5 2 192
1 7 163
1 10 115
2 4 98
1 9 157
4 8 46
5 6 295
3 10 159
10
10 6 282
3 6 229
9 3 162
2 10 223
8 10 133
7 3 21
9 4 105
1 6 279
5 1 97
10
8 7 93
10 7 66
8 1 296
2 10 35
9 2 26
6 8 31
1 3 10
8 4 209
5 2 247
10
4 5 124
7 4 128
7 3 148
9 5 270
3 8 88
8 10 139
3 1 204
6 5 182
2 9 78
10
5 3 119
6 5 238
8 5 14
6 9 181
7 3 182
3 10 104
8 1 260
10 4 259
3 2 69
10
6 8 208
5 8 296
8 7 278
5 10 232
8 2 7
1 2 240
4 7 182
1 3 27
9 2 16
10
2 1 40
2 8 69
9 8 118
7 9 82
5 8 178
6 8 66
8 4 189
3 5 255
3 10 276
10
7 9 29
9 5 241
10 5 90
10 6 38
4 6 152
9 8 133
10 1 253
3 6 117
7 2 193
10
6 3 106
8 3 41
6 2 226
3 5 19
6 9 291
4 9 129
3 10 145
2 1 232
2 7 208
10
4 9 265
4 8 195
4 7 27
5 4 172
5 1 71
2 8 266
6 5 55
8 3 278
10 5 191
10
6 8 164
6 2 205
7 2 22
7 1 6
6 10 297
2 5 263
9 7 279
1 3 40
5 4 253
10
4 8 207
4 6 98
4 5 134
9 4 223
6 3 218
5 1 156
10 9 43
2 6 29
7 2 202
10
9 3 280
10 9 128
2 9 190
2 1 6
7 1 263
5 1 211
8 10 6
4 3 194
2 6 134
10
8 6 229
2 8 166
6 7 36
3 7 12
1 8 6
6 9 72
10 8 44
5 8 214
4 6 247
10
5 4 99
4 8 199
5 10 264
5 1 76
3 8 170
5 2 36
7 4 157
10 6 186
9 1 246
10
7 9 266
9 4 169
4 2 172
9 8 262
10 7 90
7 3 4
5 4 166
1 9 300
7 6 97
10
9 7 148
4 9 47
7 3 216
1 9 176
6 9 16
8 3 267
10 1 271
2 7 264
7 5 4
10
2 10 270
10 8 158
10 1 60
2 9 108
2 7 297
10 3 6
9 6 263
2 5 191
9 4 138
10
1 3 120
4 3 228
7 3 31
4 6 68
8 7 85
9 7 233
4 2 205
1 5 21
10 4 96
10
6 5 178
4 5 14
9 4 190
4 8 220
4 2 244
7 2 129
4 10 214
1 10 99
4 3 239
10
7 8 262
2 7 55
9 8 65
8 1 17
2 4 283
5 2 174
8 6 36
5 10 29
7 3 2
10
1 5 215
3 1 78
1 7 154
9 1 160
2 5 19
1 6 9
3 8 219
2 4 256
10 8 300
10
5 10 139
1 10 234
6 5 287
10 3 51
1 9 235
4 5 176
3 7 88
6 2 197
7 8 292
10
4 6 231
1 6 300
6 2 231
7 6 199
6 9 113
9 5 93
3 1 80
8 3 247
1 10 156
10
5 3 51
10 3 10
10 1 126
10 6 1
9 10 59
10 7 246
1 8 196
4 10 229
2 4 157
10
1 6 222
7 1 144
1 3 283
3 9 153
5 7 95
10 5 253
8 7 174
2 7 279
4 6 91
10
10 2 131
9 2 71
6 9 90
8 6 153
4 6 23
6 5 42
9 1 234
9 3 185
7 9 185
10
9 8 17
7 9 84
6 8 51
4 6 169
5 9 163
9 10 210
4 3 269
7 2 29
1 8 263
10
6 3 115
7 6 239
4 7 181
1 3 268
5 7 269
4 8 143
2 1 21
1 10 87
9 10 135
10
6 2 53
5 2 120
3 5 267
3 1 287
6 10 69
5 8 53
4 3 280
4 9 142
1 7 10
10
5 9 105
8 5 300
8 6 65
6 3 12
9 7 180
3 1 184
10 9 81
5 2 49
4 3 143
10
8 10 48
8 3 215
6 3 72
3 9 156
9 5 224
8 7 40
8 1 168
1 2 237
4 5 163
10
5 1 254
1 4 6
9 1 185
9 3 76
5 6 275
7 3 189
9 10 146
2 9 208
10 8 86
10
9 6 32
1 6 69
2 6 89
6 5 70
8 5 42
6 3 21
5 10 26
7 3 198
8 4 113
10
4 9 170
8 4 193
3 9 61
4 2 157
8 5 264
9 10 266
1 10 24
7 1 169
6 2 96
10
2 8 216
3 8 131
8 9 128
1 2 21
8 4 177
6 8 281
10 9 39
2 7 230
5 9 8
10
2 3 259
2 4 86
2 9 42
9 10 245
7 4 249
8 7 64
1 9 11
6 8 208
5 8 179
10
10 9 172
10 6 290
10 8 281
2 9 233
7 10 300
2 1 67
9 3 234
5 8 2
4 8 119
10
8 2 11
8 4 215
8 9 167
10 2 121
7 9 228
5 9 117
6 7 5
6 3 98
1 2 95
10
9 1 80
9 3 61
9 8 133
8 5 299
7 9 161
1 2 280
4 3 176
6 5 29
1 10 285
10
1 3 269
1 9 288
3 5 239
10 9 247
4 5 295
3 2 182
5 6 9
10 8 281
7 1 106
10
3 4 102
8 3 49
7 4 121
6 7 241
9 8 232
5 7 30
9 2 50
7 10 113
1 2 280
10
10 7 188
3 10 280
1 7 24
1 8 234
1 9 36
5 1 205
3 2 144
4 5 145
8 6 271
10
1 7 166
7 9 275
10 9 222
10 3 252
5 10 90
8 10 285
10 2 120
6 1 30
4 3 248
10
10 3 231
5 10 271
1 5 40
2 5 265
6 1 143
7 1 58
4 10 224
8 3 112
9 8 106
10
1 6 126
1 2 76
1 9 29
1 5 286
2 7 24
5 10 4
8 6 112
9 3 281
4 7 159
10
7 6 253
1 6 241
5 6 258
10 1 36
2 1 22
5 9 87
2 4 182
3 4 274
5 8 254
10
6 5 177
5 4 145
5 8 178
8 9 164
9 1 204
8 10 269
8 2 208
10 7 51
3 1 266
10
9 2 211
9 5 58
3 2 90
9 1 5
8 1 42
10 9 256
4 2 24
6 3 38
9 7 20
10
10 9 299
9 5 173
5 7 206
3 5 7
1 3 149
8 3 95
9 4 172
2 5 35
6 10 49
10
3 9 15
5 9 132
10 5 112
7 9 219
5 2 208
8 3 267
7 4 57
1 2 240
6 5 2
10
2 10 125
10 8 233
2 4 251
2 3 131
6 4 162
7 8 168
1 7 208
9 2 273
7 5 172
10
7 3 124
4 7 257
3 2 74
2 1 145
8 2 43
3 6 164
5 8 131
3 10 242
6 9 122
10
8 6 18
4 8 39
6 7 68
6 2 54
5 8 221
10 4 193
9 6 215
1 8 185
3 7 44
10
6 4 3
7 4 105
8 6 197
3 4 26
1 8 266
2 6 197
6 10 26
9 7 190
10 5 146
10
6 1 88
6 8 158
8 5 58
9 1 90
4 8 135
2 1 298
1 3 292
10 5 16
2 7 161
10
10 9 215
10 4 59
3 9 172
1 3 169
6 3 221
9 7 127
1 5 224
2 5 42
8 5 162
10
10 3 76
3 9 178
3 5 123
9 4 68
6 9 166
8 9 108
2 4 50
7 8 179
3 1 136
10
7 9 136
7 6 17
6 1 61
5 1 143
5 10 264
4 6 217
2 5 294
7 8 236
1 3 262
10
3 10 289
7 10 22
7 6 243
1 6 160
2 6 283
2 5 154
6 4 4
9 6 241
2 8 195
10
6 1 25
1 3 154
8 1 29
7 1 154
5 7 196
7 4 129
10 6 216
2 3 215
9 6 281
10
4 3 172
3 8 41
3 9 142
6 3 165
4 5 121
3 10 199
10 2 185
4 7 125
5 1 158
10
10 3 173
10 2 50
2 1 74
1 6 222
6 7 141
1 9 234
9 4 175
8 9 89
5 7 186
10
8 10 62
8 2 155
1 8 300
8 5 186
5 3 300
1 6 295
4 1 47
1 7 106
9 2 283
10
2 9 187
9 7 288
9 4 266
1 4 202
3 7 11
5 3 138
8 3 251
7 6 92
2 10 88
10
4 2 214
7 4 27
1 7 289
9 4 2
6 9 108
5 4 67
5 10 48
9 8 285
3 2 228
10
6 7 256
2 7 213
7 8 256
1 8 107
7 5 286
9 7 5
10 5 270
4 8 16
3 7 221
10
9 10 203
9 5 252
2 5 20
10 3 177
10 7 222
8 10 141
4 2 157
6 9 244
5 1 184
10
5 7 243
5 1 284
10 1 239
7 3 166
7 2 190
1 9 108
9 4 252
6 4 120
8 10 113
10
8 7 208
7 1 163
7 3 129
10 7 128
2 3 98
3 6 20
8 9 138
4 9 281
5 2 173
10
8 5 161
8 3 92
5 10 218
6 8 33
4 5 273
4 1 148
10 9 179
7 8 53
2 7 30
10
6 5 33
6 4 186
6 7 104
6 3 172
4 10 265
4 9 64
2 6 118
3 8 63
3 1 167
10
2 8 122
9 2 224
2 4 111
4 1 140
10 4 132
7 8 226
3 9 112
6 7 18
5 7 216
10
1 4 272
5 4 147
3 1 234
4 7 198
5 10 281
5 9 29
6 3 243
7 2 35
1 8 4
10
3 6 224
8 6 208
6 2 69
3 1 179
1 7 207
3 5 163
4 7 117
10 4 46
9 4 223
10
6 5 196
5 8 220
8 9 157
1 9 161
7 1 230
2 6 126
6 10 275
10 3 83
3 4 123
10
2 7 67
4 2 11
2 9 232
2 8 56
9 6 106
9 5 130
5 3 17
9 1 77
10 4 222
10
3 8 176
6 8 178
9 6 247
4 8 141
6 10 91
2 6 161
3 7 121
6 1 82
5 7 67
10
9 6 151
6 5 274
9 7 242
6 10 89
8 9 262
5 3 224
8 2 189
3 4 225
7 1 268
10
7 6 269
9 7 170
7 3 166
10 3 221
5 7 130
3 1 77
4 6 25
8 3 215
2 1 299
10
3 5 206
3 10 149
2 10 214
4 2 273
10 1 289
3 6 154
5 8 155
7 1 7
6 9 211
10
6 2 131
1 2 248
3 6 163
10 1 71
5 1 159
9 2 74
8 10 148
7 9 29
1 4 141
10
5 3 207
1 3 10
1 7 104
9 1 46
2 1 119
8 3 295
2 4 56
3 6 4
9 10 202
10
7 3 126
7 4 191
3 9 145
3 1 254
8 9 247
3 5 288
1 2 257
5 10 241
6 4 244
10
9 4 284
5 9 64
9 6 53
6 7 225
10 4 93
10 8 181
3 4 174
1 5 66
8 2 199
10
5 9 143
5 3 138
8 9 226
1 8 188
3 4 277
4 7 24
8 10 133
4 6 93
9 2 203
10
10 4 83
4 9 262
3 4 227
4 1 40
6 4 203
4 8 293
5 4 40
2 4 266
7 2 234
10
6 8 222
10 6 119
10 9 100
4 8 187
9 1 55
7 1 247
5 6 233
2 10 100
3 2 267
10
7 3 98
8 7 30
3 5 248
9 5 221
10 9 273
1 7 128
9 2 6
4 2 112
2 6 128
10
5 2 159
5 6 222
9 6 43
6 4 197
8 5 172
4 10 43
7 5 289
2 3 40
4 1 217
10
3 10 202
10 8 237
3 1 219
10 4 198
4 2 241
5 2 262
5 7 59
6 5 56
1 9 60
10
9 10 274
6 10 187
8 9 123
3 9 107
7 10 40
8 2 220
2 4 170
9 5 102
1 5 281
10
10 5 130
5 1 78
4 5 255
3 4 52
3 9 228
8 1 290
2 5 16
7 1 60
6 10 205
10
8 2 284
8 9 61
9 6 33
8 5 65
6 7 8
8 1 201
7 4 97
1 10 169
9 3 231
10
8 2 31
1 8 223
8 6 12
5 1 130
7 5 131
3 1 93
4 1 137
10 8 300
9 8 230
10
2 5 139
2 1 90
3 1 89
1 9 146
3 7 202
3 8 54
4 1 281
6 8 12
6 10 13
10
2 8 153
7 8 278
10 7 217
3 7 173
3 6 256
1 7 36
5 10 188
9 3 132
4 6 17
10
5 2 208
8 5 46
10 2 9
1 8 106
8 3 295
1 9 180
6 2 15
7 8 148
4 6 11
10
1 3 116
4 1 44
9 3 87
5 9 14
3 2 153
9 6 179
8 6 7
5 10 212
2 7 300
10
5 6 262
5 9 233
3 9 77
3 2 102
8 2 6
6 7 201
4 3 270
10 2 172
10 1 185
10
2 6 189
9 2 134
3 6 189
6 1 6
3 4 263
4 10 23
8 6 29
7 6 171
10 5 192
10
2 6 37
6 9 198
6 3 177
6 7 137
1 7 170
2 5 161
4 7 9
6 10 85
4 8 153
10
7 10 246
7 1 14
2 7 57
2 6 289
7 9 21
7 5 167
4 6 90
5 8 35
3 2 115
10
6 5 86
1 6 25
9 6 18
4 9 173
2 6 89
10 1 142
3 6 29
7 5 225
8 9 204
10
5 8 100
3 8 152
9 3 149
1 8 247
8 4 200
6 5 295
10 8 268
2 8 274
4 7 136
10
3 6 59
8 3 30
6 1 193
3 7 79
6 4 17
9 4 174
10 1 230
2 8 24
9 5 163
10
5 2 26
8 5 29
10 5 100
1 5 266
10 7 260
4 5 166
9 1 238
3 1 64
6 3 300
10
1 7 69
3 1 159
3 10 118
5 3 7
5 8 119
6 5 191
4 5 141
9 10 55
9 2 139
10
10 4 114
4 7 89
1 10 131
9 1 145
10 3 64
7 8 64
5 9 155
2 1 206
2 6 244
10
1 6 13
10 6 132
1 7 102
6 8 265
10 3 20
3 2 160
5 6 221
10 9 247
4 9 300
10
7 4 40
9 4 143
6 4 230
6 3 94
2 4 68
3 1 67
4 5 204
7 8 260
10 4 4
10
1 9 154
1 2 146
5 1 29
10 2 273
8 9 280
9 7 170
3 10 154
6 8 164
4 2 5
10
4 2 293
4 3 36
8 2 37
7 3 99
4 9 211
8 5 145
1 4 176
10 5 205
5 6 261
10
3 10 139
10 9 18
9 6 212
2 9 215
3 5 63
7 3 12
6 1 174
7 4 239
2 8 250
10
5 4 261
1 5 29
6 1 18
5 2 60
4 10 223
9 2 9
8 2 287
10 7 171
3 9 270
10
2 7 126
2 5 191
7 10 25
10 3 226
9 2 54
5 8 237
8 1 168
6 5 121
4 2 106
10
6 8 112
10 6 49
9 6 264
10 4 147
7 10 97
10 2 298
5 4 298
3 9 75
8 1 47
10
4 2 133
9 4 168
3 2 299
1 9 282
8 1 231
10 1 199
5 4 168
4 6 115
7 5 299
10
9 1 158
9 5 215
9 2 24
5 10 7
5 4 4
10 8 283
5 6 42
3 2 243
8 7 59
10
9 10 153
1 9 239
9 8 128
9 6 102
8 5 83
4 6 223
4 3 256
2 6 59
7 10 21
10
10 6 66
6 7 227
10 2 184
5 6 251
7 3 265
5 4 68
8 3 140
9 6 198
1 10 228
10
8 4 20
10 8 181
10 9 2
10 6 108
10 5 119
8 3 162
8 1 284
7 5 17
10 2 80
10
8 3 300
6 3 79
2 6 26
6 9 285
8 5 127
10 8 131
7 5 222
1 5 39
4 2 299
10
8 4 189
1 4 156
7 4 9
2 4 115
10 4 281
4 9 222
2 6 40
7 3 225
7 5 236
10
4 10 94
5 10 229
8 4 14
1 8 120
8 9 127
8 6 59
10 3 142
7 5 78
2 3 289
10
6 3 231
6 1 193
4 1 47
4 7 221
1 10 211
5 6 190
5 9 206
5 2 129
5 8 258
10
6 3 277
3 4 137
8 6 196
7 6 253
2 6 167
4 5 180
8 1 88
10 8 233
3 9 86
10
4 5 165
7 5 201
5 6 49
2 7 53
7 9 180
1 5 63
8 1 221
3 8 234
1 10 55
10
3 5 252
3 9 70
7 3 22
2 7 232
3 6 27
7 10 129
1 10 240
8 3 84
3 4 222
10
3 7 230
3 1 93
5 1 57
5 10 124
4 10 130
6 10 185
6 8 116
9 3 222
8 2 95
10
5 3 40
5 10 170
3 2 224
7 5 160
7 4 149
7 9 194
6 7 130
5 8 69
1 7 230
10
8 10 223
6 10 137
10 3 134
10 4 85
7 8 243
3 5 207
10 9 37
5 1 117
10 2 205
10
1 10 5
6 10 295
3 6 2
2 10 171
3 5 47
1 4 158
8 10 280
7 3 106
4 9 202
10
8 2 103
8 5 295
5 4 191
5 9 202
8 3 221
6 4 258
1 4 214
2 10 35
3 7 96
10
8 6 262
3 8 183
2 3 34
5 6 65
2 9 140
2 7 232
1 5 90
10 7 68
4 7 14
10
9 8 230
8 6 178
8 5 164
4 6 95
4 1 128
6 10 291
7 1 48
6 3 256
5 2 111
10
2 10 70
2 4 16
1 2 39
10 9 281
1 3 92
1 6 228
6 5 94
8 5 231
7 9 161
10
1 4 159
4 9 247
1 10 58
6 10 45
3 6 186
10 8 129
4 5 79
5 7 164
5 2 96
10
5 3 123
5 9 49
9 1 116
4 1 228
8 1 138
3 10 139
6 9 64
6 2 66
3 7 167
10
9 7 193
3 9 268
4 3 299
5 7 21
4 2 278
8 3 175
1 3 94
10 8 160
2 6 143
10
1 6 254
6 8 295
1 7 269
1 4 178
2 7 214
3 6 194
7 9 30
10 9 225
6 5 243
10
10 2 217
2 3 87
4 3 34
9 4 287
3 6 246
2 8 273
1 2 290
9 7 152
7 5 72
10
3 10 286
8 3 12
7 8 3
1 3 110
7 4 191
6 7 153
5 3 296
6 2 248
9 3 97
10
6 1 296
1 7 22
8 1 182
2 6 198
9 6 62
5 7 161
3 5 148
6 4 50
10 6 233
10
9 8 99
9 1 65
9 10 200
8 5 100
1 6 61
1 3 12
5 7 162
4 3 81
8 2 273
10
10 9 126
9 6 208
3 10 96
8 6 269
1 6 219
4 9 67
8 5 183
7 8 199
8 2 15
10
8 1 212
3 8 108
8 7 54
2 3 235
9 3 172
6 8 203
10 9 77
10 4 29
8 5 237
10
4 2 174
10 2 143
8 4 210
6 8 243
3 6 289
10 9 98
6 5 42
5 7 127
3 1 34
10
7 2 11
2 3 151
2 8 165
6 7 148
7 10 245
6 9 38
6 4 246
1 3 116
5 4 256
10
2 1 146
1 8 19
9 8 242
10 1 21
5 8 97
8 3 218
1 4 57
7 1 192
6 4 28
10
6 8 195
10 6 228
8 4 197
4 7 52
4 5 295
3 4 293
10 2 179
3 1 76
9 10 47
10
6 3 120
9 6 76
6 2 193
1 9 201
8 2 68
7 1 177
10 6 50
5 6 5
4 5 296
10
7 8 168
3 8 60
1 3 153
2 7 243
4 7 6
6 2 256
10 6 156
9 10 84
7 5 125
10
4 7 89
7 8 100
6 4 189
6 1 120
2 6 279
3 4 77
5 3 74
1 9 249
10 3 290
10
7 8 197
8 9 31
9 6 19
7 3 257
5 8 42
2 3 198
9 1 168
6 10 81
10 4 22
10
8 7 97
8 6 17
2 7 287
8 9 191
8 10 170
7 1 98
5 10 263
4 8 22
3 9 154
10
6 9 210
1 9 278
6 4 267
1 10 97
9 7 238
5 7 102
9 2 139
8 5 188
5 3 257
10
3 6 154
6 7 26
1 7 124
10 6 208
1 2 94
10 5 139
3 9 92
7 4 288
8 4 170
10
3 10 289
9 3 5
7 10 228
8 7 268
2 8 112
7 1 120
7 6 96
3 4 45
5 9 274
10
10 3 296
3 5 283
10 9 218
4 9 8
1 10 8
9 2 185
9 8 50
8 6 249
7 2 72
10
5 7 38
9 5 154
2 5 216
10 5 244
4 9 120
5 3 108
4 1 186
4 8 53
6 10 57
10
2 1 279
3 1 242
4 1 258
8 4 22
7 8 277
1 9 49
6 8 129
2 5 226
10 4 124
10
1 6 198
1 2 123
2 5 15
2 7 21
3 1 17
9 6 38
8 5 204
1 10 82
4 2 10
10
2 3 280
3 7 258
5 3 5
2 8 75
9 8 60
3 6 213
10 5 130
6 1 38
6 4 73
10
6 1 197
2 1 83
5 2 36
1 4 137
6 9 1
7 6 186
4 10 290
8 10 181
1 3 242
10
6 7 152
7 5 11
6 4 247
7 9 27
8 6 29
5 2 115
6 3 50
10 3 180
1 4 176
10
8 10 47
10 3 6
7 8 131
8 1 186
5 3 42
5 9 237
6 8 85
2 8 194
9 4 187
10
7 1 291
1 4 34
8 1 231
6 1 125
1 3 72
10 3 164
7 5 26
10 9 273
1 2 221
10
1 10 146
3 10 4
7 10 45
6 3 173
3 2 125
1 9 150
9 8 270
5 10 197
5 4 261
10
10 8 263
10 5 123
9 5 7
8 7 157
6 7 253
3 6 59
1 3 155
4 5 20
10 2 50
10
10 5 192
10 7 10
6 5 247
7 1 203
10 3 176
3 9 274
8 6 190
7 2 112
4 8 61
10
5 1 195
7 5 287
8 5 263
10 1 50
2 1 287
4 5 124
2 9 55
6 4 32
3 10 70
10
1 2 230
5 2 61
2 3 94
3 7 161
7 6 126
1 10 188
9 2 221
5 4 17
8 5 86
10
2 4 233
5 4 93
3 4 278
9 3 153
5 8 77
5 6 177
9 7 300
6 10 52
4 1 29
10
7 5 257
1 7 295
1 10 261
10 4 197
4 8 61
7 3 277
1 9 240
2 7 273
8 6 228
10
7 6 49
10 6 292
3 6 219
7 2 241
7 5 116
7 1 219
3 4 291
4 9 187
8 10 138
10
9 3 223
1 3 214
9 7 40
6 9 89
1 8 222
1 4 290
6 5 116
6 10 142
6 2 122
10
7 1 217
7 8 104
10 7 124
10 2 185
1 5 237
3 10 69
5 4 171
4 9 263
6 10 137
10
3 9 291
5 9 48
3 7 57
7 2 62
4 7 119
6 9 40
2 8 26
1 4 74
5 10 262
10
4 8 278
4 5 58
8 7 5
7 1 136
7 3 239
5 10 111
6 4 48
1 2 54
4 9 94
10
3 8 5
2 8 228
4 2 119
4 5 192
5 1 90
5 7 111
10 7 198
4 9 132
5 6 79
10
4 2 52
3 2 196
9 2 175
1 9 126
1 10 167
3 7 137
5 9 209
3 6 41
8 3 176
10
1 8 212
10 1 151
4 8 112
3 1 268
1 2 42
5 8 135
8 7 59
7 6 11
9 10 72
10
7 1 22
6 7 142
4 1 278
6 2 34
7 3 29
10 6 268
5 3 105
8 3 93
10 9 211
10
7 8 214
5 7 14
6 5 262
7 10 109
5 9 291
10 2 16
1 10 137
9 4 236
3 8 64
10
8 6 274
6 10 111
5 6 259
10 1 13
2 6 31
5 7 121
1 9 158
4 8 67
3 6 200
10
5 6 161
1 6 89
3 5 271
10 1 129
10 7 106
5 9 107
4 9 107
2 4 299
10 8 145
10
10 4 157
4 5 244
2 4 47
7 4 107
8 10 140
9 8 15
3 2 270
5 6 184
1 4 35
10
6 8 284
5 6 224
6 2 44
3 5 258
3 7 176
7 9 277
4 5 6
5 10 278
1 6 128
10
7 3 227
9 7 212
6 7 88
3 5 153
9 10 125
6 1 67
4 3 188
2 5 126
8 9 258
10
1 8 67
5 8 160
1 6 125
3 6 284
7 3 126
10 6 188
2 8 53
8 4 158
7 9 139
10
7 2 51
8 2 116
3 8 6
10 2 100
8 9 209
2 5 12
10 1 249
8 4 275
6 10 197
10
6 1 59
5 1 205
6 10 136
9 1 292
7 5 141
8 1 75
8 3 74
4 7 60
10 2 11
10
4 8 74
9 8 224
9 2 14
4 10 179
9 6 163
8 3 209
8 5 231
5 7 190
8 1 257
10
6 10 230
4 6 255
1 6 43
4 3 135
5 10 88
9 5 229
1 2 127
7 4 106
4 8 270
10
1 3 89
3 5 77
10 3 289
3 6 278
4 1 73
3 8 209
4 9 56
4 2 286
9 7 9
10
2 4 252
2 7 94
7 6 166
3 6 9
10 2 17
6 1 196
10 8 154
4 9 63
6 5 231
10
9 10 224
7 9 39
1 10 56
4 1 169
5 1 277
2 7 164
6 2 67
9 3 125
7 8 37
10
3 1 208
10 3 249
10 4 203
1 8 270
1 5 97
4 2 234
5 6 265
7 2 81
9 6 228
10
4 6 249
2 4 108
5 6 220
2 8 208
3 2 59
6 9 231
3 1 67
4 10 62
6 7 28
10
1 5 27
2 1 208
5 8 289
4 8 41
6 8 157
9 5 50
5 10 209
3 4 282
1 7 81
10
6 8 267
6 2 20
8 9 268
7 8 38
8 10 120
1 9 101
1 3 123
4 9 261
10 5 91
10
9 5 213
6 9 162
3 9 53
9 7 37
8 3 216
5 2 112
7 4 16
10 7 140
1 2 217
10
7 4 51
7 9 49
7 1 35
6 9 153
2 6 270
8 6 254
2 10 16
3 4 217
6 5 116
10
1 2 221
2 10 185
1 9 88
8 9 55
7 8 71
5 1 84
4 8 298
5 3 185
1 6 107
10
8 7 176
7 1 109
2 8 113
2 4 299
6 8 180
10 7 216
4 3 150
5 7 188
9 5 89
10
6 3 170
7 3 163
7 4 205
10 3 29
9 3 57
5 3 16
10 1 90
8 4 117
2 9 99
10
1 8 274
6 1 60
7 1 75
8 2 230
2 9 26
8 4 65
6 3 150
8 5 40
10 8 162
10
9 8 163
8 6 96
6 4 48
9 5 265
6 1 193
2 8 91
7 6 25
7 3 128
10 1 43
10
6 9 281
6 4 77
6 5 175
1 5 150
1 7 203
3 1 45
9 8 70
7 2 95
5 10 156
10
2 7 56
7 3 83
10 7 10
1 10 2
2 8 71
4 8 278
9 1 295
6 1 20
5 2 154
10
1 5 297
5 3 106
3 6 113
2 6 139
5 8 165
6 9 230
2 7 198
10 8 172
4 7 201
10
7 5 3
10 7 83
9 7 219
2 7 127
7 3 61
8 9 289
2 4 19
5 1 135
6 9 65
10
9 5 92
4 5 75
9 10 150
9 3 112
9 7 288
6 9 105
1 10 193
8 3 231
4 2 298
10
3 2 135
3 8 224
8 5 218
10 5 255
1 10 266
8 4 226
6 3 128
4 7 185
9 7 113
10
8 5 252
5 9 71
3 8 153
10 3 282
9 1 80
2 8 151
7 1 201
4 8 208
6 9 271
10
1 4 155
4 7 272
5 7 162
7 8 129
4 6 16
8 3 116
6 10 52
9 3 95
7 2 110
10
9 4 138
4 2 37
3 9 9
8 9 84
2 10 63
10 5 103
9 7 150
7 1 15
4 6 145
10
4 2 298
10 4 239
8 2 50
8 9 112
10 3 79
6 8 262
5 4 118
8 7 87
1 9 15
10
2 6 118
2 7 152
4 2 20
1 6 149
2 5 131
10 2 50
7 9 239
8 10 275
7 3 53
10
9 8 227
6 9 200
4 9 242
6 3 58
3 1 278
7 1 39
7 5 268
10 1 14
5 2 13
10
5 1 140
4 1 265
8 1 219
10 1 74
8 6 27
6 9 235
7 5 49
2 9 64
6 3 192
10
5 4 159
10 4 215
4 3 63
3 2 53
8 4 80
8 6 299
1 6 102
1 7 18
9 2 2
10
10 3 217
7 10 96
9 10 177
5 7 80
2 7 10
4 9 22
6 9 296
1 4 265
10 8 276
10
10 9 44
1 9 111
1 2 64
2 4 86
10 3 35
2 8 292
8 7 6
2 6 155
8 5 158
10
3 2 152
2 8 219
6 2 178
6 5 197
10 6 228
5 9 45
2 7 60
4 7 128
10 1 11
10
5 9 144
4 5 177
5 6 94
8 5 60
9 10 41
5 7 152
3 6 276
6 1 267
2 9 221
10
8 6 131
8 9 206
10 9 122
9 7 231
5 10 109
1 10 60
7 4 92
1 3 176
2 5 145
10
9 3 269
9 2 276
4 3 90
10 3 146
3 8 120
6 3 257
1 2 145
5 1 233
6 7 250
10
1 10 238
10 4 284
1 9 190
4 7 43
8 10 223
2 9 56
2 6 88
6 3 284
9 5 205
10
4 10 240
2 4 95
10 8 275
3 2 154
10 9 205
7 2 223
10 1 108
6 10 7
5 4 7
10
7 2 215
2 4 27
4 1 15
7 6 161
3 1 281
3 8 290
5 1 141
6 9 99
10 7 233
10
8 7 28
4 7 189
7 10 32
6 10 236
5 8 222
8 2 50
7 1 76
8 9 4
3 9 102
10
5 1 95
7 1 251
8 1 257
9 5 138
1 4 118
3 7 249
4 10 134
6 9 38
10 2 195
10
3 6 18
6 2 222
8 3 92
7 3 96
5 3 179
2 1 215
9 5 264
5 10 61
4 2 285
10
7 4 63
8 7 292
1 4 232
7 3 5
8 2 81
6 3 244
5 6 259
10 4 255
9 8 134
10
10 8 144
5 8 283
10 9 113
10 4 291
10 2 196
5 7 118
1 10 260
1 3 58
3 6 191
10
8 9 181
9 7 72
8 6 131
7 2 73
5 8 288
4 5 48
10 2 223
2 1 54
3 6 144
10
1 10 227
2 10 163
9 2 224
1 7 57
9 5 217
1 8 229
5 3 64
4 2 171
6 4 284
10
5 1 213
3 1 7
3 8 248
1 9 166
5 10 83
1 4 185
4 7 220
9 6 32
2 3 202
10
2 8 204
2 6 231
3 6 138
5 3 103
7 3 182
9 5 261
10 7 21
6 1 24
10 4 23
10
4 6 134
1 4 227
10 1 25
9 1 198
1 5 36
10 8 105
1 3 179
10 2 122
4 7 84
10
7 3 31
3 1 262
3 8 144
7 10 278
2 7 92
6 1 24
4 10 130
8 9 10
9 5 109
10
7 9 85
5 7 116
7 3 13
6 5 217
2 7 257
8 7 131
6 4 230
2 1 191
6 10 95
10
6 7 75
6 2 226
5 7 208
1 7 8
10 6 263
9 2 178
5 8 52
3 2 54
4 2 100
10
6 2 133
7 2 170
2 9 61
1 2 241
3 9 226
7 8 225
9 10 19
6 5 130
4 8 184
10
7 5 289
6 7 40
10 7 167
6 8 111
1 6 195
2 8 174
3 7 114
4 10 169
5 9 158
10
5 4 54
8 5 175
4 9 92
4 6 105
2 4 115
3 2 19
1 2 277
5 10 103
3 7 165
10
8 3 295
9 3 214
3 1 1
1 4 102
2 1 201
9 10 141
9 7 62
3 6 240
7 5 132
10
5 2 256
10 5 62
3 10 69
2 4 72
10 7 84
3 8 137
9 10 139
1 4 52
3 6 278
10
4 3 205
4 2 268
4 10 100
6 2 99
7 4 179
2 9 54
6 8 161
3 5 15
1 5 296
10
5 2 30
2 3 187
8 5 118
3 1 141
3 9 132
4 5 66
10 5 209
5 6 287
1 7 57
10
10 3 241
10 1 44
5 10 56
8 3 31
4 10 86
6 4 127
2 5 46
9 10 210
4 7 66
10
6 9 275
3 9 294
6 1 239
8 6 143
1 2 77
2 5 168
3 7 34
1 10 180
4 6 73
10
8 5 186
5 4 80
9 5 7
2 8 105
10 4 189
10 1 215
9 7 135
3 8 47
2 6 283
10
9 7 154
1 9 122
1 4 68
9 8 110
10 9 218
8 6 18
4 2 234
2 5 93
3 2 248
10
10 3 154
10 8 261
9 8 79
3 1 180
3 4 41
3 2 206
6 4 167
7 8 133
9 5 26
10
3 5 140
5 6 123
2 5 54
9 2 107
6 1 164
6 7 244
10 7 119
8 5 211
4 8 297
10
10 1 139
9 1 261
10 6 36
4 10 37
2 9 236
2 8 90
6 3 130
3 7 221
9 5 15
10
8 2 52
8 10 285
9 8 160
4 8 72
2 1 270
6 4 135
3 1 277
5 3 279
1 7 166
10
7 1 197
7 4 25
6 4 120
7 5 134
7 3 210
8 6 239
9 7 132
8 10 84
4 2 260
10
5 4 84
5 3 67
3 8 224
5 7 186
3 10 298
6 4 110
5 1 226
6 2 68
9 8 279
10
9 1 144
1 7 78
1 8 288
9 5 13
1 2 184
9 10 180
5 4 13
3 2 157
3 6 199
10
5 6 262
4 5 255
5 9 240
6 7 281
10 9 168
2 10 95
4 1 59
7 8 250
7 3 216
10
2 4 203
10 2 88
10 7 209
9 4 42
6 9 92
7 1 140
3 4 210
8 1 215
10 5 71
10
9 6 82
6 4 225
4 2 25
9 5 58
5 8 278
4 1 22
7 6 5
1 10 295
6 3 35
10
8 9 38
10 8 299
4 8 108
5 9 136
8 1 134
9 2 25
2 3 45
10 6 36
7 10 247
10
4 10 58
10 5 159
10 2 99
6 2 257
7 2 122
8 6 158
8 1 88
3 5 69
5 9 282
10
2 9 128
10 2 206
6 10 213
9 3 253
5 10 83
1 10 142
5 7 187
4 1 159
6 8 221
10
4 6 44
2 4 97
3 6 103
6 5 39
5 10 267
9 5 216
8 4 17
10 1 81
7 4 173
10
1 7 97
1 2 200
1 10 89
3 7 87
6 7 93
7 8 226
5 6 5
4 1 169
9 2 1
10
6 9 112
6 2 205
10 9 97
9 5 168
4 6 209
5 7 300
8 9 192
1 6 56
1 3 157
10
10 1 145
3 10 152
2 3 174
3 5 103
7 2 233
10 9 56
6 10 159
8 6 113
9 4 127
10
1 9 85
1 5 188
3 9 233
1 10 181
1 2 228
9 8 249
5 6 43
7 8 32
4 7 121
10
10 5 265
6 10 216
10 1 264
8 1 109
7 8 162
3 5 48
2 3 251
8 9 37
4 5 149
10
2 6 66
6 4 57
3 4 236
9 6 269
4 5 2
10 6 201
5 8 194
2 1 263
2 7 174
10
1 4 238
9 4 94
9 2 58
8 9 138
10 1 142
4 7 98
5 8 173
3 2 190
3 6 251
10
7 5 56
1 7 239
5 2 188
9 7 262
8 5 39
3 7 248
10 5 131
6 9 110
4 10 74
10
4 10 174
1 10 69
5 4 118
9 1 62
1 3 136
10 2 111
3 6 220
5 8 257
7 5 63
10
5 9 298
5 7 52
10 7 215
3 10 289
6 9 127
4 6 84
7 1 183
1 2 159
7 8 210
10
4 2 238
5 2 255
8 5 98
9 8 93
5 7 288
10 2 50
9 3 297
7 1 123
6 9 29
10
8 3 11
9 8 178
7 8 196
3 5 183
5 6 121
10 6 240
10 2 201
9 4 241
1 2 57
10
7 3 153
7 4 175
9 7 235
5 3 42
4 8 40
9 6 32
9 1 187
5 10 8
7 2 190
10
2 9 280
9 6 259
1 9 262
6 8 179
5 6 36
5 7 106
4 1 236
3 2 245
10 6 200
10
4 3 94
2 4 71
2 8 170
7 2 261
8 5 105
6 8 121
9 8 107
9 10 99
1 7 165
10
9 5 287
5 6 12
4 9 276
7 6 178
6 2 102
7 1 64
8 2 151
5 3 61
5 10 171
10
7 4 209
7 2 12
4 10 222
6 10 115
2 9 237
3 7 176
8 6 7
6 1 241
6 5 41
10
1 6 241
9 1 114
2 6 233
2 10 286
8 2 110
7 2 34
5 7 88
4 6 126
2 3 56
10
3 6 71
3 8 108
9 6 288
8 2 133
7 3 82
6 10 15
2 4 184
5 10 172
8 1 259
10
7 1 109
1 8 288
2 8 208
4 7 166
4 6 219
2 9 64
3 7 232
9 10 294
3 5 8
10
5 7 137
8 7 3
8 9 130
4 7 219
3 4 46
1 3 94
1 6 100
10 1 240
2 5 97
10
6 2 268
6 5 105
10 5 63
3 6 238
8 6 105
7 5 75
9 10 11
1 10 9
4 9 142
10
4 8 238
8 2 41
4 7 73
10 7 164
2 3 291
9 8 62
5 8 216
2 6 85
4 1 292
10
8 10 166
5 8 262
5 7 211
3 10 1
2 5 124
10 9 57
10 6 98
7 1 236
2 4 251
10
5 8 269
5 3 200
5 9 54
4 3 221
10 5 61
8 7 141
2 8 139
1 5 61
6 5 273
10
5 6 185
8 5 13
2 8 288
10 2 276
2 7 174
1 6 44
3 10 32
9 1 12
4 10 71
10
2 7 228
7 4 242
4 3 248
9 4 219
5 4 213
4 8 181
1 8 253
6 4 63
10 8 5
10
1 2 50
2 9 232
9 3 256
2 4 262
4 5 227
10 3 135
5 6 86
7 1 16
5 8 75
10
8 4 98
2 8 123
2 9 46
10 4 288
4 3 97
8 7 23
5 3 170
6 9 273
1 2 20
10
3 2 25
2 8 290
4 8 291
5 3 222
3 1 187
8 6 186
10 2 141
2 9 196
7 1 103
10
9 8 70
9 7 73
10 7 43
8 4 272
2 4 161
2 3 129
6 2 137
1 9 221
7 5 90
10
8 4 228
2 8 103
1 4 107
8 3 137
3 7 1
9 3 5
7 6 202
4 5 291
10 8 83
10
6 4 39
8 6 118
4 2 208
5 2 190
1 4 118
7 8 256
8 9 242
5 10 83
3 4 181
10
4 3 265
3 7 79
4 8 150
5 8 232
5 9 221
1 4 155
8 10 296
6 9 70
2 7 161
10
6 4 109
4 5 258
6 10 109
6 1 206
3 10 116
5 2 278
5 8 177
7 1 238
5 9 213
10
7 9 244
10 7 207
7 1 203
3 7 148
9 8 101
9 4 213
5 3 33
2 8 100
6 10 3
10
4 3 157
4 7 245
5 4 165
3 2 135
3 1 229
4 9 79
8 5 96
6 9 189
8 10 138
10
9 5 118
4 5 240
5 2 168
5 3 173
9 1 123
6 9 300
3 7 85
5 8 255
10 7 60
10
6 4 168
6 9 127
8 6 227
3 4 243
9 7 156
7 2 218
7 10 10
1 7 271
5 4 152
10
3 6 266
6 5 278
4 6 260
5 9 257
4 8 71
6 10 264
4 7 260
2 9 78
1 5 214
10
10 3 285
3 9 179
1 3 283
2 1 140
1 7 291
10 5 233
1 6 240
4 10 296
10 8 24
10
1 4 44
10 1 123
10 8 288
6 4 46
7 10 237
2 1 251
9 4 182
6 5 28
3 9 188
10
4 7 132
4 5 104
9 7 232
8 9 49
6 7 203
2 5 80
1 7 268
6 3 173
10 4 90
10
6 2 172
6 8 155
9 6 56
10 6 198
3 10 82
10 5 75
8 1 157
7 6 290
4 10 92
10
6 5 111
6 2 219
2 10 26
3 6 199
5 4 270
2 8 132
1 2 61
9 6 37
7 1 223
10
8 1 104
5 1 55
1 3 92
9 3 36
10 9 214
5 2 31
4 1 44
4 7 109
6 3 86
10
4 3 78
10 3 258
4 2 202
6 3 77
10 1 45
7 3 189
8 2 171
5 4 48
9 1 38
10
1 6 43
1 5 24
6 8 285
8 10 165
7 10 246
1 9 265
8 2 245
4 7 267
3 5 272
10
4 10 240
4 6 233
10 5 133
1 10 186
7 1 45
5 9 30
8 1 106
2 6 269
5 3 17
10
10 9 266
10 4 233
9 3 132
10 8 195
7 10 288
5 9 100
10 2 164
6 10 126
9 1 34
10
1 5 176
1 9 228
9 4 51
3 9 268
6 9 170
6 7 287
8 3 133
5 10 225
4 2 263
10
10 6 22
10 4 73
6 5 268
7 10 211
2 7 186
8 4 92
3 2 253
6 9 3
1 6 264
10
5 7 193
5 4 135
1 5 169
4 6 289
4 9 182
9 3 89
3 10 33
5 8 70
2 9 132
10
2 5 243
5 9 120
6 9 210
10 5 201
4 10 249
7 6 143
1 10 156
10 8 293
1 3 110
10
4 9 92
5 9 129
7 5 182
4 10 32
10 2 1
1 7 179
4 6 10
1 3 34
6 8 273
10
6 8 265
8 1 93
1 2 230
9 1 120
5 6 73
8 4 295
6 10 177
7 1 165
3 2 247
10
6 2 235
8 2 148
6 9 89
4 6 196
9 5 274
10 6 161
1 4 90
3 8 128
9 7 101
10
3 8 37
8 4 224
6 3 4
7 8 281
10 8 4
5 6 43
2 3 11
1 6 139
5 9 179
10
3 6 93
3 9 257
3 10 34
2 9 283
10 7 221
5 10 17
8 6 265
10 4 286
1 5 157
10
3 6 37
3 8 105
8 2 4
3 1 167
4 3 120
5 4 233
2 9 86
7 1 186
10 1 76
10
6 1 90
8 6 259
6 10 65
8 2 127
7 10 210
7 9 10
6 3 94
4 3 45
3 5 188
10
3 10 190
3 2 260
6 10 291
5 6 228
6 4 87
3 9 139
4 7 110
6 8 123
1 10 52
10
2 8 284
8 6 286
10 8 285
10 7 192
8 9 146
5 6 13
7 4 53
1 6 296
3 8 68
10
8 3 244
4 8 57
10 4 182
9 10 1
8 1 36
5 4 87
5 2 62
5 7 284
6 10 262
10
9 8 95
9 7 121
8 6 159
6 4 109
3 7 90
5 7 293
2 9 103
3 1 84
9 10 18
10
6 5 59
6 4 53
9 4 15
7 5 35
8 5 207
5 3 277
8 1 298
10 6 44
2 7 293
10
1 5 209
1 4 179
10 1 123
6 5 233
6 3 250
7 1 75
2 3 30
9 3 114
3 8 74
10
1 8 11
3 1 29
5 8 88
4 5 261
4 2 121
3 9 140
2 7 215
2 10 46
9 6 165
10
4 1 217
1 5 247
5 10 19
2 1 79
7 10 18
8 2 149
9 5 172
6 8 250
7 3 258
10
2 5 56
5 1 7
1 4 110
1 7 270
6 1 63
2 3 106
10 5 115
4 8 283
6 9 101
10
4 8 56
1 4 201
1 3 90
8 9 288
4 2 199
3 5 134
1 10 300
7 4 163
2 6 7
10
4 3 30
4 2 20
2 10 39
3 6 132
9 2 121
5 2 159
4 1 191
7 2 50
8 4 18
10
4 6 102
6 5 86
7 5 258
2 7 59
2 9 219
8 7 294
4 3 5
2 1 22
8 10 129
10
7 3 108
7 4 61
9 3 155
2 3 273
8 2 200
1 7 78
9 6 161
5 4 37
10 1 9
10
5 9 9
5 7 108
5 10 206
3 7 80
5 4 65
6 7 75
2 7 149
1 10 273
8 1 198
10
6 4 242
6 1 218
3 1 228
2 4 80
10 1 270
10 9 12
1 5 36
8 1 129
7 2 261
10
9 6 297
4 6 139
6 5 157
9 8 238
6 1 159
6 10 194
1 3 63
3 2 152
2 7 72
10
10 6 156
6 2 149
7 2 50
2 4 224
3 4 172
5 7 191
1 4 155
8 6 237
2 9 48
10
1 5 233
1 2 76
1 6 91
2 10 215
10 4 133
9 6 99
5 3 96
9 7 17
8 7 131
10
9 1 53
2 9 283
6 9 232
4 2 140
1 8 275
8 3 262
2 10 179
7 3 239
8 5 97
10
8 1 146
1 4 11
4 6 69
7 1 299
9 8 210
8 5 190
3 4 36
3 2 231
10 2 74
10
5 4 142
2 4 98
2 1 200
1 7 225
1 9 154
4 10 216
8 7 16
6 4 198
3 2 136
10
8 6 65
8 7 292
7 3 295
9 3 99
8 4 115
10 8 296
9 2 189
5 2 77
4 1 149
10
10 1 77
4 1 74
10 5 234
10 7 208
2 4 49
9 7 115
9 3 74
6 1 256
8 4 117
10
7 2 175
7 5 281
4 7 190
1 2 85
6 1 137
9 6 274
3 1 255
10 9 130
9 8 26
10
4 1 44
4 3 273
7 4 217
6 3 248
9 6 61
5 4 238
6 10 228
7 2 193
9 8 39
10
2 6 157
4 6 224
2 10 62
3 10 45
4 7 158
6 9 256
8 10 1
6 1 164
5 4 215
10
8 5 278
4 5 196
9 8 98
5 7 191
10 7 278
8 6 167
1 5 52
9 2 152
3 9 174
10
5 10 103
4 5 231
4 1 59
5 6 48
3 4 277
1 7 124
8 5 55
3 9 298
7 2 165
10
2 5 96
4 2 132
4 10 80
10 9 53
4 8 59
1 2 192
6 5 28
1 3 46
7 10 86
10
6 4 207
4 9 30
8 9 124
5 6 196
7 9 265
10 9 112
1 10 228
9 3 80
1 2 54
10
9 7 6
9 2 189
6 2 76
2 10 180
1 6 182
8 10 288
4 1 255
7 3 105
5 2 213
10
5 4 278
6 4 195
6 8 231
10 4 180
10 7 122
3 8 104
1 6 244
6 2 88
6 9 63
10
3 7 180
7 2 234
2 8 198
2 9 179
5 7 201
8 4 145
9 6 106
8 10 71
4 1 141
10
5 4 79
4 8 250
8 1 20
4 2 275
8 3 159
10 3 60
10 9 179
7 4 87
6 8 110
10
2 5 251
5 1 119
10 5 83
7 10 274
5 9 13
5 3 5
6 2 157
4 7 136
8 3 265
10
4 2 272
4 3 241
10 4 24
4 1 197
6 10 159
8 4 139
5 3 7
9 2 223
9 7 163
10
2 6 118
6 9 25
2 3 131
5 2 244
7 5 297
8 9 180
1 5 208
7 10 259
4 10 22
10
1 4 81
1 2 237
10 1 208
2 5 106
4 3 40
6 3 187
8 6 247
10 7 133
3 9 18
10
8 6 111
1 8 49
1 3 232
10 1 158
2 6 234
6 7 171
10 9 39
8 4 184
5 10 114
10
9 6 210
6 4 146
8 6 214
1 6 57
2 4 62
3 1 188
1 10 220
8 7 161
5 2 221
10
3 7 223
10 7 75
2 7 194
3 1 260
8 1 39
6 10 250
7 9 210
4 7 238
7 5 115
10
9 1 228
8 9 200
8 2 295
1 6 166
5 6 34
3 9 52
7 1 96
8 4 58
9 10 38
10
3 8 179
8 9 59
6 9 6
4 6 233
5 9 158
10 9 147
6 2 8
7 2 223
8 1 119
10
9 10 40
9 6 294
2 6 183
6 5 72
4 10 187
2 7 246
7 8 126
4 1 31
3 1 288
10
7 5 149
6 7 171
5 10 282
9 10 219
9 3 140
8 6 285
9 2 293
4 6 95
1 7 27
10
1 8 49
2 1 126
9 2 202
1 10 286
9 4 24
1 3 101
2 5 270
2 6 271
7 2 22
10
8 7 297
7 10 9
1 7 120
9 10 78
5 8 78
6 7 263
4 8 234
8 2 216
6 3 265
10
9 3 91
9 2 61
2 6 27
3 8 81
10 3 230
5 6 133
5 4 99
7 6 171
1 5 26
10
4 9 33
4 6 294
8 4 190
6 2 239
10 8 206
7 6 1
7 1 181
5 7 286
9 3 286
10
9 1 172
6 1 98
9 7 250
10 1 48
8 10 104
7 2 86
6 4 9
3 6 297
5 7 186
10
8 10 101
8 5 21
2 8 91
2 4 245
2 7 69
6 2 239
6 1 130
2 9 184
3 4 171
10
8 2 158
8 4 75
1 4 142
6 8 227
4 9 139
4 5 191
7 1 223
2 3 132
9 10 108
10
3 6 118
6 8 59
4 8 192
10 3 185
5 6 134
7 5 176
2 7 2
4 1 30
9 10 137
10
6 9 282
5 6 137
6 10 278
10 2 62
9 7 16
6 4 73
7 1 136
4 3 265
8 7 32
10
10 4 80
8 10 91
9 4 212
9 5 152
3 10 49
5 2 253
6 3 219
5 7 16
7 1 20
10
4 10 196
1 10 266
4 9 109
3 9 98
1 8 263
3 5 194
8 7 131
8 6 215
2 7 101
10
10 5 170
8 10 81
2 5 252
1 5 9
10 9 137
1 3 69
5 6 39
6 7 21
4 2 298
10
5 10 122
3 5 265
10 7 215
2 10 49
1 3 68
6 5 280
1 4 112
3 9 274
8 1 23
10
4 5 41
5 1 240
10 4 174
6 4 142
8 1 134
9 1 4
10 3 93
6 7 10
2 7 178
10
8 5 241
5 9 249
9 10 3
5 4 170
2 9 71
7 10 142
1 7 93
6 1 139
8 3 260
10
4 8 256
4 10 226
4 9 214
8 1 181
8 5 225
3 1 154
8 7 221
1 2 5
6 10 97
10
9 7 114
7 10 214
7 3 81
10 2 19
10 5 276
9 4 94
6 7 163
1 5 208
2 8 240
10
10 3 67
10 4 230
8 4 211
4 1 241
2 8 216
10 9 13
3 7 112
6 2 40
7 5 149
10
5 2 289
2 8 281
5 6 121
6 9 251
3 2 252
5 7 117
1 7 37
2 10 274
4 8 71
10
3 5 269
10 5 44
1 5 129
5 4 235
2 1 175
10 9 30
6 5 90
10 8 30
7 4 234
10
8 7 126
6 7 30
1 7 85
6 10 94
10 9 58
9 5 72
7 4 95
10 3 260
2 1 260
10
7 5 84
6 7 31
6 9 295
3 5 209
10 9 199
1 6 37
6 4 247
10 2 13
2 8 125
10
9 4 200
9 2 203
5 9 140
7 4 43
4 3 161
2 8 100
6 9 204
1 3 167
8 10 283
10
8 10 183
6 10 20
10 5 178
8 4 93
7 4 210
1 7 103
3 6 10
2 5 203
9 5 102
10
9 6 235
7 9 269
6 8 191
7 1 209
2 7 149
7 3 26
7 4 268
2 10 23
5 6 133
10
8 9 40
7 9 127
1 8 115
8 6 245
9 3 253
9 2 172
5 1 8
8 4 275
10 6 234
10
7 8 55
6 7 243
9 7 23
9 5 280
7 3 180
8 2 99
9 1 103
10 9 123
8 4 35
10
5 1 165
2 1 240
10 5 53
3 10 154
1 8 179
3 6 189
7 1 176
8 4 59
10 9 18
10
2 6 18
2 5 198
9 6 206
9 3 82
9 8 277
2 7 237
4 5 87
5 10 232
1 9 186
10
4 9 65
4 7 274
9 1 77
4 8 296
8 10 189
10 2 111
7 6 278
2 3 222
5 4 279
10
7 9 102
1 7 65
7 10 110
9 3 80
8 3 18
5 10 12
5 4 24
2 5 239
3 6 66
10
8 6 238
3 6 101
3 7 102
7 1 113
4 6 265
10 6 195
9 1 1
2 10 57
9 5 93
10
10 3 296
6 3 265
3 7 237
1 3 56
1 9 127
4 10 221
8 9 62
2 8 143
8 5 248
10
9 6 13
6 3 78
8 9 38
9 5 172
8 10 147
5 4 256
7 10 218
10 2 75
6 1 131
10
6 4 172
6 9 228
7 4 214
3 7 84
4 1 205
10 9 3
8 4 196
1 5 8
7 2 40
10
3 9 68
5 3 129
6 3 32
7 3 91
3 1 102
10 5 86
1 2 35
8 3 102
8 4 109
10
4 3 123
4 2 260
8 4 153
5 3 49
4 9 27
5 10 104
2 7 285
6 4 227
4 1 126
10
8 3 71
8 7 195
8 9 56
3 10 183
7 6 34
10 4 296
2 6 260
1 7 53
1 5 138
10
6 7 188
6 4 62
4 10 12
7 5 241
2 6 136
2 3 185
5 1 60
1 8 145
3 9 167
10
6 9 51
9 2 168
9 7 298
5 2 30
5 8 187
10 8 168
4 8 107
7 3 155
1 2 81
10
1 5 264
9 1 41
7 1 123
3 9 109
10 3 17
4 3 285
10 8 245
1 6 217
2 5 155
10
10 3 10
1 3 75
6 10 61
2 1 188
6 8 235
4 8 107
3 9 114
4 7 108
5 3 46
10
5 10 265
4 5 277
3 5 296
8 10 45
7 8 278
8 1 216
9 3 236
10 2 51
1 6 228
10
6 7 222
7 3 164
3 5 50
2 6 78
3 4 84
6 1 97
10 4 134
8 4 71
1 9 113
10
9 3 162
10 3 183
6 10 75
8 6 96
2 3 73
1 3 224
10 7 111
6 4 265
5 3 65
10
7 2 96
10 2 189
5 7 239
5 6 10
7 3 79
4 10 36
9 4 269
4 8 153
1 5 178
10
6 3 227
5 6 160
7 5 53
7 1 23
1 4 103
3 2 41
9 2 114
2 10 131
8 5 195
10
4 2 89
4 5 162
10 5 66
10 8 18
3 8 244
10 1 147
6 4 231
5 7 222
9 5 286
10
2 3 268
1 3 290
4 3 154
3 6 40
3 5 127
2 7 273
8 7 264
6 10 114
10 9 107
10
2 5 234
2 9 149
9 8 245
5 4 67
9 7 218
6 5 93
10 5 137
3 6 244
1 10 147
10
2 5 193
5 10 243
9 10 2
9 8 254
2 4 250
6 4 94
5 7 278
3 2 25
1 9 282
10
6 5 139
5 9 33
6 8 119
5 10 291
6 7 275
3 7 130
2 8 126
4 2 281
2 1 104
10
4 2 24
4 1 284
2 7 151
5 2 210
2 6 250
8 2 34
9 8 5
3 2 158
4 10 151
10
4 2 139
10 2 288
4 1 106
10 3 17
10 8 215
3 7 39
5 2 239
9 3 45
2 6 129
10
8 1 299
8 3 183
1 4 277
3 10 123
5 3 98
1 7 39
2 8 90
6 5 55
9 6 214
10
5 1 141
5 6 76
4 5 200
1 2 35
6 7 144
5 3 218
10 1 87
8 3 250
10 9 242
10
1 3 45
6 3 37
6 7 11
6 2 182
5 2 79
8 6 165
8 10 39
9 7 95
4 9 168
10
1 3 183
3 2 215
3 10 249
1 7 281
3 4 287
3 9 202
1 6 171
8 9 168
4 5 152
10
8 3 222
2 8 259
1 3 264
1 6 245
7 3 256
5 6 274
4 1 14
10 6 88
9 3 294
10
1 9 181
9 7 283
7 4 157
5 9 44
6 9 70
8 7 28
8 2 207
3 9 281
9 10 227
10
2 6 82
6 9 200
4 9 270
5 9 43
7 5 72
6 1 4
6 10 84
1 8 77
3 1 232
10
3 2 93
1 2 161
4 1 68
3 6 155
2 10 199
9 6 20
6 5 26
7 5 297
8 5 24
10
3 7 98
1 7 262
6 1 202
8 6 100
2 6 127
1 5 211
8 9 13
5 10 282
4 7 166
10
9 8 18
8 2 45
8 7 7
5 9 194
5 6 90
2 10 270
6 3 76
1 10 114
4 9 277
10
5 7 83
9 7 219
8 5 275
7 6 180
3 5 271
8 10 137
8 2 43
6 4 95
1 8 101
10
10 2 17
2 7 236
7 4 224
9 4 150
7 1 155
10 3 207
1 5 184
9 6 101
8 7 9
10
10 1 189
10 2 264
10 5 126
3 10 46
5 8 67
6 2 97
10 9 126
2 4 174
1 7 49
10
4 9 162
4 10 266
9 2 222
2 7 45
10 5 206
2 8 58
6 7 228
6 1 60
3 6 225
10
3 10 83
1 3 131
2 3 210
1 6 36
4 3 287
5 4 6
7 10 151
2 8 93
2 9 290
10
8 9 13
2 8 103
9 4 32
3 9 203
7 2 77
7 6 267
3 5 128
10 8 272
1 5 263
10
5 7 116
8 5 241
8 2 255
2 3 61
4 8 27
10 3 20
4 6 268
7 9 73
1 3 261
10
4 10 222
10 7 231
8 4 67
4 6 298
10 1 17
2 1 166
7 3 207
9 7 156
2 5 129
10
10 2 267
9 2 10
7 9 18
6 2 81
3 2 1
8 10 78
4 8 296
8 5 6
8 1 15
10
4 9 40
3 9 153
4 2 45
6 9 54
8 3 152
10 4 76
9 7 137
5 8 261
9 1 258
10
1 5 103
5 3 2
2 1 125
5 6 199
4 2 271
3 9 259
10 1 37
8 2 62
7 9 71
10
9 2 25
4 9 43
2 3 268
2 10 158
7 10 189
6 10 65
1 3 118
5 6 136
8 9 188
10
3 6 2
2 3 243
4 2 11
2 10 265
6 5 225
6 7 192
2 1 46
9 1 77
2 8 112
10
7 10 238
10 5 64
6 5 88
2 10 57
9 5 151
4 6 276
6 1 97
10 8 41
3 1 98
10
5 9 254
5 6 96
1 6 299
10 5 278
4 5 123
4 7 247
2 6 51
8 5 162
3 4 276
10
9 5 227
5 2 237
1 5 194
2 7 154
1 8 140
9 3 290
10 1 270
6 2 230
4 2 253
10
10 9 50
3 9 285
10 1 150
10 6 64
7 1 130
8 9 33
8 2 96
4 7 200
5 10 213
10
2 9 54
6 2 190
6 10 256
9 7 134
8 6 190
10 3 48
7 5 213
8 1 60
10 4 280
10
2 3 273
3 4 189
4 10 249
8 2 194
8 6 38
8 9 77
5 3 249
7 4 191
3 1 94
10
5 3 128
5 2 296
6 3 247
3 1 37
4 6 120
3 9 17
10 1 65
7 3 57
8 3 59
10
8 6 182
5 8 292
3 8 236
5 10 216
6 2 30
6 4 250
5 7 215
10 9 67
1 8 129
10
10 4 254
10 3 182
6 10 195
4 7 271
10 5 47
7 8 92
3 2 175
9 10 259
8 1 254
10
5 8 230
9 5 50
6 9 153
4 5 183
10 4 26
7 5 296
10 1 216
2 5 140
2 3 89
10
9 1 266
1 2 300
5 9 79
2 4 105
1 7 99
1 8 65
6 2 133
7 10 116
3 5 212
10
7 6 27
6 10 12
6 2 61
4 7 29
7 5 10
4 8 89
1 8 180
6 9 80
4 3 194
10
10 4 279
8 4 231
8 1 257
5 10 237
3 1 256
3 7 124
6 7 186
4 9 28
2 6 300
10
2 1 218
4 2 266
3 1 228
8 2 205
2 7 146
6 2 1
3 9 20
9 5 118
4 10 51
10
9 2 43
2 5 284
10 9 7
1 10 287
4 5 96
4 8 181
6 2 13
1 3 258
7 6 78
10
10 3 106
7 3 293
3 5 151
8 3 48
9 3 129
6 8 40
2 8 178
4 8 141
4 1 133
10
5 1 261
3 1 9
7 5 210
7 2 15
4 2 189
4 8 243
1 9 240
5 6 149
2 10 77
10
3 4 297
8 3 294
2 8 161
4 10 249
8 5 255
1 3 278
5 6 245
8 7 47
9 2 41
10
6 10 254
9 10 207
10 5 118
9 7 144
3 7 179
7 8 224
3 1 71
5 4 99
2 4 2
10
9 2 250
2 5 111
7 9 83
10 5 3
4 5 44
6 5 124
3 9 40
8 2 36
3 1 238
10
4 8 20
1 8 111
7 8 5
1 6 100
6 9 284
3 8 211
5 8 226
2 1 293
10 5 150
10
10 9 104
6 10 149
3 9 282
9 2 238
7 10 30
4 7 111
7 1 187
7 5 202
5 8 116
10
2 4 93
4 10 183
6 2 71
9 6 119
6 3 103
8 3 105
1 10 49
6 7 76
2 5 39
10
2 4 285
2 5 262
9 4 106
2 8 4
1 8 254
10 5 296
1 6 262
8 7 70
3 4 16
10
9 2 280
2 10 238
7 2 159
10 4 129
5 4 117
9 1 215
8 5 128
10 6 279
4 3 113
10
3 9 236
3 2 221
9 5 298
4 2 172
3 8 229
1 4 150
3 7 95
6 4 252
6 10 205
10
3 5 282
5 7 152
7 2 86
10 7 14
8 2 218
5 9 188
6 3 120
4 10 88
1 9 19
10
9 4 67
9 7 259
7 5 183
4 6 6
6 3 221
4 1 79
1 10 37
2 1 177
8 7 118
10
5 10 226
10 9 22
6 10 277
8 10 19
7 9 105
10 3 166
7 1 41
4 10 250
7 2 114
10
6 2 120
10 6 241
1 10 18
9 10 66
10 8 36
2 7 91
10 5 201
3 5 206
4 3 267
10
2 7 234
2 6 136
4 2 81
4 9 147
10 9 54
5 4 176
10 1 298
7 8 122
7 3 289
10
10 9 236
9 3 246
1 10 11
1 8 263
1 4 59
6 10 265
3 5 2
2 8 24
7 1 121
10
3 7 3
3 2 219
9 3 111
5 2 255
7 1 149
4 5 190
8 5 237
8 10 33
6 10 17
10
2 8 167
9 2 202
3 8 19
1 8 51
9 7 83
1 10 255
10 4 34
7 6 74
8 5 162
10
9 7 105
10 9 35
10 5 15
5 3 180
7 1 44
7 6 268
8 6 222
2 3 14
4 5 217
10
6 7 120
7 4 153
3 6 100
10 6 76
1 4 290
1 2 137
8 7 10
9 10 167
1 5 139
10
2 8 165
1 2 151
9 1 22
4 1 216
1 3 178
6 9 224
10 6 300
10 5 91
6 7 56
10
3 8 10
8 1 81
3 7 3
10 1 280
4 8 140
5 1 121
3 6 168
2 3 175
6 9 255
10
2 5 254
4 5 111
1 5 222
1 7 255
2 3 3
8 7 87
6 4 229
10 5 40
3 9 141
10
7 1 244
2 1 222
4 7 81
7 8 112
6 2 12
9 8 234
2 5 125
4 3 230
10 2 175
10
3 5 270
3 4 102
5 6 59
1 3 92
9 1 203
7 4 186
4 10 218
1 8 119
2 10 95
10
10 7 180
3 7 265
1 10 142
9 10 52
6 1 69
8 7 25
3 2 88
4 7 92
10 5 147
10
8 9 189
8 3 249
8 7 267
9 1 52
1 4 266
8 10 223
5 3 251
2 7 191
6 8 85
10
10 9 229
9 7 192
9 3 10
10 6 296
4 7 172
2 9 8
4 1 132
5 10 101
10 8 232
10
2 10 155
10 1 43
7 1 132
6 1 238
5 10 216
6 4 74
8 10 4
8 3 12
9 6 27
10
3 8 190
10 3 57
8 5 185
10 4 243
2 8 87
6 4 270
7 8 50
1 3 3
9 2 137
10
5 2 170
8 2 29
10 5 210
1 5 179
10 9 111
3 8 290
1 7 257
10 4 19
8 6 43
10
4 9 165
4 10 43
10 3 13
2 9 239
5 2 174
1 5 53
6 2 140
1 7 18
7 8 134
10
5 6 234
5 3 174
7 6 38
3 2 217
10 2 22
1 3 206
6 4 287
9 5 287
4 8 108
10
7 3 11
7 9 90
3 5 164
5 10 194
9 6 16
2 6 126
4 5 266
8 2 31
3 1 68
10
9 4 197
4 1 102
3 9 242
2 3 147
2 10 51
8 1 107
6 1 68
9 7 100
5 8 221
10
7 1 184
7 9 157
6 9 75
2 1 258
8 6 190
9 3 238
1 10 272
4 8 275
2 5 262
10
5 10 225
5 9 4
9 1 66
9 3 144
1 8 204
7 1 274
4 3 257
4 2 231
6 10 195
10
6 10 247
10 1 281
6 9 109
10 2 227
6 3 113
5 9 285
9 8 76
7 3 50
8 4 186
10
8 5 126
8 2 239
7 2 93
10 8 253
4 5 289
3 10 216
7 9 1
6 8 204
2 1 62
10
8 4 8
4 1 123
10 4 160
9 4 222
3 9 22
1 2 135
7 8 290
5 4 78
6 10 132
10
8 1 156
10 1 54
7 8 129
4 1 250
4 5 150
2 7 33
6 8 92
7 9 135
1 3 8
10
9 4 203
4 10 294
3 4 26
9 2 80
6 10 20
1 10 47
5 4 76
1 8 259
7 1 166
10
1 4 35
10 4 234
3 4 66
1 2 287
4 5 290
2 7 25
8 10 153
9 10 21
6 4 53
10
6 7 44
7 3 284
7 8 269
5 8 299
8 1 43
7 9 234
9 2 199
9 4 56
9 10 56
10
9 4 25
9 5 45
9 1 198
3 5 261
8 9 82
10 3 252
4 6 103
4 2 114
7 3 39
10
6 7 205
7 2 247
7 1 69
5 6 273
7 9 194
3 6 53
2 10 136
8 1 153
4 9 31
10
4 7 260
7 8 75
7 1 71
9 8 201
9 2 114
3 7 230
7 6 42
7 10 286
5 10 193
10
1 10 129
9 1 10
9 2 135
1 5 70
9 4 75
4 3 177
6 1 119
2 7 282
5 8 215
10
1 8 292
1 3 247
6 8 145
8 10 141
8 5 134
1 2 90
2 4 90
4 9 176
9 7 161
10
6 9 277
4 6 250
10 9 128
9 7 165
5 9 140
8 6 282
4 3 197
2 7 70
1 5 14
10
10 5 289
5 7 129
7 1 19
8 10 85
2 5 81
6 8 33
2 3 230
5 4 230
10 9 4
10
6 4 74
2 4 205
4 7 298
6 8 186
5 8 139
1 2 115
5 3 264
10 4 106
9 3 87
10
2 9 32
2 7 64
4 9 172
2 6 294
5 7 136
7 8 148
6 1 166
10 4 241
9 3 81
10
3 8 122
7 8 251
1 7 190
4 7 168
10 1 223
8 2 81
9 8 223
5 7 278
5 6 190
10
8 5 183
8 9 22
5 3 160
9 1 157
6 1 53
9 4 247
10 6 249
6 7 247
1 2 52
10
5 8 292
5 6 83
10 6 203
8 7 31
2 8 74
6 9 58
3 8 202
4 2 167
2 1 99
10
6 1 77
1 3 63
8 1 88
6 2 73
6 9 175
10 8 203
7 8 289
5 10 132
4 7 212
10
2 1 239
1 7 54
2 10 44
8 2 19
4 1 284
6 8 20
10 5 177
10 3 198
6 9 15
10
9 10 1
10 5 87
9 1 113
5 2 153
6 9 8
1 4 263
2 3 239
2 7 139
8 10 194
10
1 6 258
6 3 148
5 6 184
6 2 242
5 8 177
7 3 191
4 5 236
5 9 119
3 10 193
10
4 2 37
10 4 33
8 2 139
6 10 36
8 1 31
5 1 217
1 9 65
3 10 66
9 7 2
10
7 10 264
7 5 274
8 5 246
5 9 295
6 10 88
7 1 103
4 8 116
3 7 251
9 2 42
10
7 8 42
6 8 177
6 1 294
2 7 211
6 3 45
6 4 12
6 10 170
6 5 32
9 2 49
10
7 4 256
4 8 14
3 4 11
4 5 251
10 3 291
2 7 139
9 3 120
6 4 11
2 1 227
10
4 2 182
3 2 195
4 8 75
7 3 71
10 2 172
5 8 56
9 10 246
1 9 3
6 5 193
10
1 8 24
1 7 207
7 6 235
6 9 159
3 6 259
3 2 92
9 5 95
1 4 27
10 8 96
10
2 7 127
1 2 264
2 5 6
10 7 42
2 4 120
3 5 178
8 1 271
6 8 121
5 9 143
10
5 7 81
7 1 122
7 9 60
9 4 195
1 2 38
1 8 7
3 4 237
10 2 58
6 4 53
10
8 3 79
1 8 43
3 5 213
3 9 42
9 4 186
7 4 14
10 8 182
9 2 144
1 6 53
10
7 10 33
6 7 191
10 1 199
3 10 216
2 10 88
7 9 236
3 8 30
1 4 107
7 5 229
10
4 7 159
4 5 257
7 6 296
1 4 131
6 3 163
1 8 293
3 2 85
5 10 245
10 9 259
10
1 5 108
4 5 245
5 10 11
6 4 156
9 6 28
4 7 59
6 3 140
8 4 167
7 2 284
10
6 3 26
4 3 89
9 3 137
8 6 250
9 7 32
2 4 254
1 2 147
2 5 289
10 4 230
10
3 6 217
2 3 165
5 3 12
4 2 220
2 9 216
10 2 276
7 9 20
1 9 291
6 8 243
10
3 7 12
3 8 71
1 8 142
8 9 22
1 6 27
4 8 123
10 3 258
2 8 137
2 5 15
10
10 6 235
9 6 192
2 9 296
8 2 165
6 4 4
4 5 122
5 3 287
8 7 297
1 7 172
10
5 2 44
9 5 296
9 3 90
10 3 59
8 10 126
10 4 160
10 7 289
2 6 256
2 1 25
10
9 5 164
1 9 299
7 5 90
3 9 243
1 2 164
6 2 292
1 10 166
1 4 20
5 8 68
10
1 10 196
3 1 278
6 3 147
9 3 100
2 9 260
7 6 119
3 5 218
5 8 173
7 4 36
10
2 6 297
4 2 235
9 6 8
6 1 163
2 5 181
10 1 275
1 8 118
9 3 228
1 7 25
10
7 10 153
10 4 251
6 7 124
9 6 226
7 1 268
5 4 112
2 6 42
7 8 211
3 10 165
10
5 3 249
3 6 212
9 6 117
3 8 132
4 3 54
10 3 175
10 1 149
9 7 179
2 9 133
10
6 4 181
2 6 54
3 4 296
3 10 158
3 9 188
7 4 59
7 5 71
1 9 132
5 8 58
10
4 5 231
10 4 125
4 1 144
10 2 194
10 8 230
7 8 139
3 10 76
6 10 206
9 7 82
10
6 4 250
7 6 1
7 9 125
3 9 163
4 1 111
10 9 113
8 6 180
5 4 118
1 2 33
10
5 6 225
10 5 19
6 9 276
7 10 78
1 7 68
3 5 13
2 10 47
8 2 276
4 8 208
10
4 3 98
3 8 8
8 5 147
3 6 246
5 7 36
4 1 84
9 1 2
7 10 110
2 5 44
10
9 4 26
5 4 7
5 8 189
9 10 93
10 3 263
5 6 27
9 7 48
9 2 112
3 1 259
10
9 7 101
9 10 228
10 3 183
8 3 161
9 2 105
1 7 80
9 5 177
10 4 213
7 6 121
10
10 8 48
5 10 9
9 8 164
9 3 87
3 7 110
2 10 214
3 1 185
6 2 293
1 4 62
10
8 5 212
5 10 77
2 8 173
10 1 184
4 2 115
1 6 275
9 10 276
8 7 160
1 3 275
10
5 1 48
8 5 237
3 5 76
6 8 162
9 5 197
9 4 27
6 7 132
3 2 78
10 6 57
10
1 7 169
6 1 195
1 5 249
3 6 266
6 2 180
10 1 10
4 3 4
7 9 273
8 2 276
10
2 6 83
4 6 17
3 4 255
1 6 274
2 7 234
2 5 234
8 6 280
10 6 115
7 9 141
10
4 1 273
4 10 103
1 7 88
4 3 235
4 9 187
2 7 299
3 8 136
5 10 229
5 6 38
10
1 7 215
7 10 122
9 10 3
8 1 296
1 2 3
8 5 293
10 4 194
6 4 285
3 4 226
10
9 6 50
9 5 270
4 5 292
1 4 130
4 2 292
7 1 251
3 5 187
10 1 259
2 8 259
10
5 6 53
5 4 191
3 5 218
9 6 107
4 10 126
6 7 155
8 4 138
6 1 146
4 2 87
10
8 7 125
2 8 107
5 8 253
2 9 179
3 9 118
5 6 86
10 7 124
1 2 78
10 4 57
10
7 8 87
4 8 209
3 8 173
1 8 276
6 8 258
10 7 67
2 4 123
10 5 230
9 10 142
10
2 5 41
10 2 13
2 6 249
8 6 159
6 9 24
1 5 158
7 9 25
4 2 284
3 5 85
10
2 4 214
3 4 111
2 1 254
8 4 272
7 2 238
8 9 212
3 5 9
10 5 295
4 6 224
10
5 8 276
5 4 177
8 6 36
3 5 250
5 7 239
1 3 66
5 10 257
3 2 17
9 4 265
10
7 3 127
6 7 148
8 7 152
3 5 99
7 2 252
3 1 103
10 8 123
4 10 32
5 9 275
10
1 4 89
5 1 186
6 5 49
5 8 169
6 7 201
2 4 290
8 10 134
2 9 16
3 5 75
10
4 5 72
1 4 287
6 1 290
3 4 145
4 7 254
3 10 151
6 9 55
8 1 91
2 8 15
10
9 8 240
8 1 35
5 1 101
8 3 96
7 1 108
3 10 174
4 7 254
6 4 65
3 2 96
10
9 2 48
2 8 272
8 6 95
2 1 81
1 5 290
3 6 188
7 3 5
2 4 122
10 4 124
10
1 10 292
1 2 156
3 10 194
3 6 278
5 3 279
7 6 290
8 10 160
9 6 172
4 2 123
10
6 3 104
6 8 277
3 9 211
9 1 12
7 9 182
3 4 133
2 6 225
1 5 63
10 1 1
10
10 7 161
10 9 191
2 9 221
10 4 163
7 6 12
4 1 287
8 1 28
3 7 16
5 3 168
10
3 1 162
8 3 272
5 1 233
3 2 225
4 5 285
7 1 299
6 7 173
6 10 176
9 1 207
10
9 7 219
1 9 70
4 7 194
7 5 158
10 1 3
8 7 116
8 6 217
6 2 116
9 3 181
10
5 3 187
1 5 135
5 8 264
2 3 245
5 10 218
4 5 153
7 1 46
9 1 30
6 4 286
10
5 8 220
5 7 189
9 8 257
9 2 27
7 1 158
4 9 273
6 9 83
10 7 45
3 6 216
10
9 7 182
6 7 151
8 9 130
9 4 39
2 4 262
9 3 154
10 9 202
1 3 99
3 5 195
10
3 10 150
3 8 245
8 4 277
3 1 108
10 5 189
9 8 52
1 6 292
4 2 188
6 7 58
10
2 3 100
7 2 205
2 4 144
9 2 203
3 1 216
7 8 220
7 5 283
2 10 83
6 3 231
10
4 8 62
8 10 153
3 10 224
8 2 175
7 8 245
4 6 278
3 9 79
5 3 245
2 1 252
10
2 1 240
7 1 46
3 1 40
3 10 185
7 6 221
9 7 286
7 5 274
2 4 234
8 7 251
10
1 2 31
1 6 140
7 1 189
10 1 106
6 3 7
8 10 17
4 2 285
1 9 205
4 5 30
10
10 2 267
10 6 280
3 6 235
6 9 122
4 6 136
1 6 247
8 2 158
4 7 44
6 5 250
10
7 9 79
9 1 259
7 8 132
1 5 261
6 8 269
2 9 187
4 6 230
3 1 184
10 3 173
10
5 9 102
5 1 297
2 9 259
1 10 137
4 1 243
7 2 255
5 6 248
8 6 90
3 10 1
10
7 6 102
7 5 288
2 6 6
2 8 265
1 2 223
10 8 144
8 9 68
3 7 124
7 4 177
10
2 7 39
2 9 167
5 9 236
9 4 109
5 10 48
5 3 137
6 9 150
4 1 129
8 3 74
10
5 3 279
5 1 183
3 10 21
5 2 131
8 1 117
3 4 53
9 10 247
6 8 191
7 8 112
10
1 9 106
1 6 133
3 6 51
1 7 48
2 7 236
8 1 256
8 4 90
6 10 141
1 5 68
10
9 2 95
8 9 285
6 8 267
2 3 130
10 3 68
5 9 288
1 3 107
4 3 173
1 7 63
10
6 1 213
8 1 239
2 1 210
10 6 22
8 3 49
8 9 118
3 7 143
9 5 242
1 4 123
10
1 7 216
1 6 219
3 7 28
1 4 290
10 4 185
2 3 91
8 4 155
9 2 62
5 6 1
10
7 8 51
6 8 294
4 6 132
2 7 183
9 8 252
1 4 53
5 9 204
10 5 167
3 1 285
10
1 5 71
1 3 129
5 7 197
8 7 261
5 2 136
6 7 60
9 7 247
10 7 172
4 9 81
10
3 5 180
3 1 137
2 5 137
7 2 104
6 2 204
10 7 116
9 3 283
4 5 282
7 8 164
10
2 1 74
2 4 90
2 5 29
3 5 42
1 10 238
9 4 31
1 6 107
4 7 171
8 2 157
10
2 4 188
7 2 187
4 3 122
3 9 145
1 7 201
1 10 268
10 8 300
9 6 65
9 5 135
10
2 4 269
9 2 19
8 4 199
7 8 24
1 4 200
1 10 42
1 6 195
7 3 195
1 5 206
10
3 2 289
2 1 111
1 8 104
9 3 176
7 1 93
7 5 9
9 10 130
5 6 21
4 9 296
10
2 4 55
7 4 296
4 9 131
2 6 283
9 8 84
9 10 38
7 5 160
4 1 277
3 8 189
10
6 8 109
10 6 288
4 6 7
2 4 123
4 3 285
9 6 128
7 3 53
8 5 57
5 1 29
10
3 9 66
10 3 106
8 3 288
8 1 274
6 1 152
9 5 295
5 4 134
5 7 142
9 2 241
10
2 3 27
2 1 113
1 9 138
9 7 258
8 7 250
6 7 202
8 10 176
8 4 178
7 5 239
10
5 3 126
3 6 134
10 6 24
1 5 42
6 7 258
5 2 289
2 8 40
2 4 251
4 9 87
10
1 5 272
10 1 123
4 10 88
1 9 274
3 1 185
6 4 52
8 4 285
5 7 1
8 2 203
10
3 7 28
7 5 254
3 6 285
2 3 189
2 10 176
8 3 44
1 5 271
8 4 19
10 9 111
10
5 9 128
4 5 104
3 9 276
5 10 97
8 5 34
2 8 200
3 1 144
7 9 247
6 5 222
10
4 5 59
8 5 278
2 4 20
2 1 51
9 2 144
6 5 234
8 10 122
5 3 123
7 3 72
10
5 9 24
9 8 59
5 1 223
8 3 282
9 2 293
8 10 180
4 2 157
2 7 194
1 6 183
10
10 5 66
5 2 68
10 9 22
8 5 12
8 1 3
1 7 80
8 6 271
9 3 52
9 4 275
10
5 10 102
10 2 30
10 4 43
9 10 169
9 6 273
2 7 219
9 3 269
8 3 276
5 1 194
10
5 9 45
8 9 214
7 9 24
2 8 34
7 10 26
3 9 249
4 3 21
1 7 239
5 6 300
10
9 1 264
9 6 175
10 9 134
7 10 232
6 4 296
3 7 93
10 5 34
2 3 282
9 8 46
10
2 9 197
4 2 13
10 2 69
6 4 89
1 2 134
10 3 227
10 5 11
7 5 285
6 8 32
10
6 2 127
8 6 289
8 1 170
7 8 35
7 10 51
5 6 26
3 10 271
9 6 145
4 3 54
10
8 10 188
10 2 158
6 8 235
2 4 37
9 10 257
6 7 13
3 10 81
10 1 199
5 3 102
10
8 10 248
5 8 159
8 9 155
9 4 171
9 2 21
9 3 231
7 2 289
6 5 199
1 6 64
10
9 10 190
10 7 106
6 7 58
5 6 219
1 6 35
8 6 191
4 8 153
6 3 12
2 10 59
10
4 2 59
3 4 132
4 8 15
10 3 41
4 1 175
4 6 59
9 3 24
7 10 259
1 5 162
10
10 6 31
10 5 255
1 10 226
4 6 247
10 8 119
4 7 264
6 3 45
4 9 198
2 5 247
10
8 9 189
8 1 136
9 3 124
3 5 278
2 8 41
4 2 260
7 5 165
10 4 283
1 6 76
10
9 8 86
4 9 157
6 4 69
8 3 269
6 5 26
5 7 244
10 8 229
8 1 283
4 2 204
10
1 8 56
1 9 280
8 5 88
1 10 75
2 9 289
2 6 102
6 3 8
1 7 191
4 10 44
10
8 4 115
8 5 65
10 5 175
4 7 77
3 10 175
1 10 117
9 4 255
9 6 73
4 2 64
10
4 10 191
4 1 186
5 10 152
1 9 94
7 5 239
3 9 149
2 1 136
4 6 177
8 3 203
10
10 8 161
1 8 7
3 8 49
2 1 232
8 9 99
4 1 220
4 5 92
2 6 90
8 7 254
10
1 7 235
3 1 42
3 6 22
4 1 141
5 4 56
9 3 285
3 8 231
4 2 174
7 10 139
10
8 10 277
8 1 81
8 2 11
6 2 220
4 10 183
9 1 173
1 5 65
2 7 112
8 3 61
10
10 1 33
3 10 77
1 7 193
10 5 256
5 9 9
6 1 276
7 2 56
4 9 18
8 2 139
10
1 3 128
3 4 155
1 6 86
2 4 193
1 7 59
6 10 200
9 4 109
8 2 294
5 9 221
10
6 1 14
1 10 252
1 8 293
1 2 248
9 8 19
7 2 71
2 4 138
5 2 273
3 9 25
10
3 7 27
6 3 89
6 9 23
10 3 236
4 10 273
8 9 212
5 8 214
6 2 195
1 9 238
10
5 6 278
3 5 188
3 1 56
3 9 259
1 2 102
6 8 290
7 5 224
10 3 162
1 4 81
10
9 5 160
5 1 17
7 5 254
1 10 158
9 4 258
7 8 35
10 6 31
2 7 88
4 3 181
10
7 8 156
3 8 36
5 3 297
8 6 126
9 3 191
10 9 124
3 4 184
10 2 215
7 1 114
10
9 10 107
10 2 4
2 5 272
9 8 245
8 6 114
4 2 154
6 7 207
8 3 293
3 1 222
10
1 5 20
10 1 100
1 9 245
10 4 152
8 1 270
8 2 45
4 3 17
9 6 36
7 2 150
10
7 5 269
7 1 72
7 8 79
8 10 18
10 6 198
4 1 190
9 7 265
2 4 298
3 4 28
10
1 7 73
8 1 212
8 9 24
6 9 106
5 1 154
7 2 228
4 8 255
7 3 181
10 7 140
10
10 6 189
10 5 75
6 9 268
4 9 265
4 1 245
2 1 5
10 7 138
4 8 125
3 10 93
10
3 10 151
5 10 297
7 5 139
9 7 22
6 10 266
3 8 287
1 3 133
2 3 130
1 4 116
10
2 9 252
9 6 265
9 4 223
2 1 277
5 2 235
9 7 229
2 8 81
4 3 243
10 3 145
10
9 1 183
9 8 143
10 8 5
10 3 116
10 5 27
3 6 108
2 8 273
9 4 21
6 7 142
10
3 9 74
3 2 60
6 3 170
5 9 266
3 10 94
8 3 133
1 6 73
8 7 119
4 10 211
10
2 3 139
3 4 129
3 1 299
6 4 45
6 9 120
7 3 65
8 4 107
3 5 149
10 9 256
10
7 5 143
7 3 46
5 1 178
2 5 37
10 1 10
6 2 198
2 8 10
4 10 46
4 9 139
10
6 8 199
1 6 233
4 6 195
1 10 107
4 5 141
2 6 47
9 10 21
3 4 271
7 8 77
10
7 3 243
10 7 178
9 7 244
9 2 138
2 1 88
8 1 95
5 7 245
6 9 6
4 7 257
10
2 6 5
6 4 38
8 2 11
6 3 5
6 10 299
2 7 275
4 1 49
9 6 186
5 10 276
10
3 2 219
6 2 215
2 10 223
6 5 3
7 5 5
1 7 78
9 2 1
8 3 132
3 4 67
10
3 10 111
8 10 127
1 10 32
2 10 134
1 7 262
6 8 110
10 5 241
7 9 248
4 5 12
10
7 6 52
3 7 280
1 6 117
1 10 267
10 2 78
2 4 145
6 9 14
3 8 131
5 10 153
10
10 5 179
5 7 55
3 10 5
10 2 6
1 2 141
8 5 236
7 4 64
6 5 167
5 9 265
10
7 1 19
7 6 288
7 2 93
2 9 55
8 1 283
6 10 77
3 7 50
9 4 145
7 5 146
10
10 1 119
1 2 224
1 6 254
1 3 98
2 7 153
9 10 149
5 7 6
4 2 245
8 7 216
10
9 1 199
2 9 25
1 4 102
5 2 92
6 9 49
2 3 152
9 10 261
5 8 256
7 8 36
10
6 7 24
8 7 180
10 7 82
3 10 111
8 5 270
3 1 231
6 9 256
7 2 148
4 1 287
10
4 8 23
4 1 34
7 4 221
1 10 115
6 8 214
1 5 243
1 9 55
2 8 222
3 10 11
10
2 7 81
7 6 295
7 10 151
2 1 284
8 2 152
1 4 258
6 3 247
10 9 38
5 8 230
10
9 1 80
1 3 296
4 1 81
1 2 212
7 9 273
4 8 288
2 6 192
4 10 37
5 1 125
10
1 7 146
9 7 40
9 2 217
1 4 10
1 6 207
8 1 244
9 3 50
8 5 79
10 5 81
10
5 9 8
3 9 40
2 5 254
4 3 127
7 5 63
10 9 162
10 6 45
1 4 111
8 6 149
10
8 6 201
6 1 139
2 8 10
8 9 87
8 7 148
2 4 210
7 5 284
1 3 70
7 10 137
10
6 4 84
5 6 52
5 10 199
7 10 263
2 4 279
1 5 83
8 5 184
4 3 192
4 9 134
10
5 6 235
6 3 179
6 7 262
10 3 68
4 3 49
9 4 44
2 5 157
4 1 142
6 8 96
10
10 9 235
7 10 1
2 7 89
9 4 260
8 9 68
7 3 200
6 7 125
6 1 121
1 5 176
10
3 5 202
10 3 75
3 2 267
6 10 81
5 8 6
4 5 237
10 1 294
10 7 205
1 9 89
10
2 4 204
2 6 175
8 6 180
8 3 224
3 1 292
9 3 4
5 2 73
10 8 196
5 7 20
10
9 8 150
8 10 148
8 2 265
3 10 42
6 3 292
6 1 157
4 10 206
9 7 288
5 4 237
10
9 6 146
3 6 73
2 9 119
5 2 286
4 2 226
1 6 239
1 8 190
5 7 13
10 9 74
10
10 4 72
3 4 150
6 4 43
6 8 241
8 5 286
8 7 158
2 7 195
8 9 38
6 1 141
10
1 10 242
1 2 23
1 6 223
10 5 95
7 10 254
4 1 185
1 8 295
9 5 48
4 3 290
10
8 2 113
2 4 285
5 8 196
10 5 48
3 5 292
3 1 227
6 4 141
10 7 184
9 1 21
10
5 7 19
4 5 110
5 3 284
5 8 122
4 10 1
10 1 66
6 3 210
1 9 251
2 5 146
10
3 10 56
10 9 240
3 7 22
7 1 177
9 2 62
1 6 16
7 5 155
10 4 38
2 8 65
10
5 8 73
5 4 86
1 5 268
8 10 122
6 10 73
8 2 81
2 7 277
3 1 77
9 10 204
10
8 5 277
8 3 214
4 3 274
9 3 229
9 6 5
1 8 115
1 7 119
2 4 89
2 10 48
10
8 2 258
2 1 228
8 10 61
8 3 87
9 10 44
7 9 159
9 4 266
6 8 114
1 5 284
10
2 10 299
4 2 79
2 3 272
3 6 255
2 1 197
6 7 280
8 7 211
10 9 11
8 5 60
10
3 7 201
4 7 107
3 5 101
9 4 287
7 10 295
6 10 162
2 10 159
1 2 239
8 10 190
10
6 4 154
5 6 211
8 4 29
6 7 224
3 5 264
10 6 284
1 7 142
6 9 152
2 3 244
10
2 1 235
6 2 4
8 1 286
4 1 78
2 5 92
4 9 244
3 5 22
10 3 129
1 7 1
10
6 7 192
2 6 106
2 5 19
6 9 196
7 1 63
5 3 296
1 4 57
1 8 40
10 7 15
10
5 6 150
1 6 266
6 9 188
4 5 77
1 7 14
1 2 20
9 8 59
3 4 268
8 10 217
10
1 9 120
10 9 26
3 10 73
2 10 41
3 4 161
10 5 252
9 6 173
8 10 37
7 4 80
10
7 4 180
4 6 149
7 9 214
5 9 146
2 7 142
8 2 130
10 5 188
1 5 286
8 3 214
10
6 4 264
5 4 62
6 3 233
3 8 296
1 3 201
8 9 71
2 1 152
3 10 83
8 7 189
10
2 1 2
1 7 4
1 8 62
1 4 174
8 5 254
6 7 227
9 4 16
5 10 277
3 1 130
10
3 8 157
8 7 224
3 2 251
5 3 25
6 2 192
8 9 122
6 4 285
1 8 133
10 6 143
10
4 10 296
10 1 82
4 3 14
3 9 74
9 6 142
4 8 192
9 7 218
3 2 7
5 10 53
10
7 3 195
4 3 121
2 4 141
9 4 222
4 1 143
4 8 75
10 8 60
5 3 55
6 1 41
10
1 7 53
4 7 124
3 4 217
4 5 20
3 10 287
9 5 286
7 6 270
1 8 194
2 3 148
10
7 5 3
6 7 200
2 7 27
2 9 223
2 1 97
1 8 270
1 4 72
3 2 232
10 4 239
10
8 1 263
1 2 80
8 3 165
9 3 249
4 9 16
4 10 176
7 1 70
5 8 80
5 6 293
10
8 6 217
6 2 177
9 6 85
10 2 257
3 6 234
2 7 152
9 5 266
1 2 66
5 4 8
10
8 1 51
7 8 149
4 7 216
5 8 17
10 4 240
2 8 255
9 5 66
3 1 14
3 6 40
10
5 7 300
9 5 43
5 10 42
9 4 57
1 4 172
6 1 187
1 8 158
2 8 77
3 5 189
10
6 5 185
6 1 138
4 6 79
4 8 96
1 2 17
9 4 81
2 3 249
2 10 167
2 7 52
10
10 2 288
10 3 87
3 6 127
10 5 18
8 6 60
4 3 33
6 9 264
8 7 87
1 5 248
10
3 6 18
3 9 68
3 2 256
6 8 42
7 8 69
7 1 225
6 10 197
4 7 299
5 8 239
10
7 3 165
5 7 115
2 5 178
5 8 237
4 7 173
2 6 76
9 6 216
3 10 28
3 1 151
10
10 4 158
4 2 223
5 4 275
9 2 137
1 2 72
10 8 1
4 6 232
3 6 211
7 2 91
10
4 1 6
8 4 294
10 8 155
3 4 11
9 10 63
7 4 222
6 8 216
7 5 296
2 4 111
10
6 3 234
2 3 108
2 1 287
8 1 204
3 9 57
8 7 61
10 8 224
2 5 255
4 8 116
10
8 7 187
1 8 242
1 5 198
6 7 179
6 2 46
7 4 147
7 3 78
10 2 95
4 9 136
10
10 2 89
10 8 235
1 2 232
8 6 180
10 3 31
6 7 140
1 4 197
5 3 256
9 7 187
10
8 5 72
5 2 128
10 8 196
10 7 99
3 8 69
9 7 82
6 2 298
1 2 156
4 5 272
10
2 5 196
2 7 46
7 10 154
4 10 11
9 2 107
8 9 163
10 6 156
3 4 106
10 1 188
10
6 8 213
7 6 179
6 3 22
3 1 14
4 7 31
7 9 285
3 10 64
8 5 120
2 8 166
10
6 2 118
6 9 156
2 1 117
5 2 190
7 9 208
1 10 152
6 4 234
1 8 87
9 3 147
10
8 10 227
8 7 47
10 3 126
3 5 127
10 6 203
10 9 106
2 5 195
6 4 114
1 3 123
10
2 7 24
8 2 64
7 1 199
8 4 212
4 3 224
2 5 54
10 2 270
8 9 238
6 3 39
10
9 2 69
2 8 127
9 10 185
2 3 262
2 7 110
9 1 63
6 3 287
4 8 238
8 5 291
10
7 6 15
4 6 213
8 4 178
4 9 8
8 5 147
5 3 272
9 1 284
2 4 40
7 10 92
10
4 2 199
1 2 39
1 3 281
2 7 16
2 10 254
3 9 190
1 8 173
8 6 67
7 5 166
10
4 7 56
6 7 56
6 10 32
10 1 253
7 3 242
4 2 45
6 5 38
9 10 73
8 6 257
10
2 5 227
6 2 229
5 9 69
3 5 1
8 2 263
1 6 272
7 5 172
6 4 2
6 10 135
10
3 7 88
9 3 166
1 7 91
10 9 208
2 3 180
8 10 245
6 2 78
4 3 147
3 5 128
10
10 1 214
2 10 23
10 7 193
7 9 211
7 3 300
5 2 270
4 9 153
5 6 22
5 8 226
10
10 6 215
4 6 158
4 8 277
3 4 212
4 1 25
2 8 189
9 6 25
1 7 277
5 8 266
10
9 6 170
6 5 114
6 3 77
3 8 237
4 5 9
6 10 70
9 2 149
10 1 21
10 7 54
10
1 8 103
8 3 17
7 3 140
3 6 138
5 3 191
3 2 163
2 9 44
4 9 243
6 10 232
10
1 8 297
6 1 145
1 2 192
8 3 66
6 9 39
8 10 165
5 10 187
8 7 144
4 9 215
10
6 4 293
3 6 286
2 6 39
10 3 9
6 7 246
1 7 231
9 3 219
1 8 150
3 5 78
10
1 5 196
1 4 157
1 3 227
7 1 185
2 1 123
9 2 226
5 8 201
6 2 227
6 10 57
10
2 3 271
2 10 256
2 9 253
9 4 294
5 2 79
7 9 96
9 6 116
6 8 77
1 10 265
10
4 8 239
8 9 237
9 2 12
3 9 139
8 6 97
10 3 5
2 5 181
7 9 169
1 4 175
10
1 4 299
3 1 121
5 3 171
8 1 277
10 8 277
6 8 155
1 2 217
7 3 296
4 9 83
10
5 4 159
5 1 86
10 5 178
4 6 259
10 8 177
3 5 270
3 2 252
8 7 136
9 1 144
10
5 3 125
3 8 52
1 3 105
10 3 60
9 8 117
3 4 201
7 9 111
7 2 4
4 6 199
10
8 6 57
8 5 105
6 10 44
7 8 226
2 7 170
2 9 219
5 4 14
9 3 54
1 4 272
10
5 3 136
4 3 212
6 4 19
9 3 212
8 3 115
1 8 80
6 10 291
3 7 23
2 9 93
10
4 10 123
9 4 169
4 2 110
3 2 227
4 6 227
10 5 224
10 8 73
1 4 154
5 7 165
10
7 5 211
7 9 89
7 2 93
3 7 26
5 1 279
5 4 205
6 5 143
4 8 108
10 5 150
10
1 8 46
8 9 165
4 9 210
10 4 231
6 10 191
5 6 149
8 3 270
7 5 52
2 7 190
10
6 8 236
8 10 260
4 8 222
3 10 32
2 10 189
4 9 147
10 5 182
8 7 98
1 3 162
10
1 9 65
1 8 232
1 6 89
4 1 256
3 9 57
1 10 16
7 10 106
5 1 208
2 7 168
10
10 9 42
4 10 18
9 5 121
1 10 242
2 4 165
1 3 217
6 10 123
7 4 113
7 8 64
10
8 4 258
10 8 42
6 8 296
6 1 247
6 9 251
5 6 57
2 1 167
3 2 15
7 4 138
10
5 8 5
5 6 105
4 8 127
6 3 141
5 7 149
6 2 91
9 4 38
10 3 93
10 1 297
10
5 8 63
8 6 14
8 9 218
2 9 145
4 5 24
9 7 77
1 7 117
10 4 46
3 5 153
10
1 3 84
10 3 108
10 6 239
2 3 47
8 2 285
4 1 284
9 6 150
5 6 89
6 7 122
10
5 10 82
10 9 25
3 9 117
1 5 300
10 4 253
6 4 187
3 2 84
8 3 102
9 7 62
10
3 7 225
1 3 251
9 3 218
9 8 4
8 4 212
5 7 73
10 5 288
6 5 187
5 2 94
10
2 8 159
8 7 206
8 3 67
9 2 118
8 4 76
1 3 125
10 2 292
1 6 278
5 8 197
10
8 9 127
8 10 51
8 7 204
7 4 227
7 1 252
6 7 7
8 2 80
5 10 26
3 5 209
10
5 1 151
1 10 170
1 8 107
5 9 81
3 5 229
2 3 183
4 1 140
6 3 218
7 10 66
10
7 8 228
1 8 136
2 8 277
10 8 240
3 1 278
7 9 59
6 7 113
8 4 109
7 5 39
10
10 5 106
6 10 251
6 3 240
10 8 102
4 5 154
7 5 254
2 5 120
10 9 63
9 1 150
10
2 3 298
6 2 101
1 2 130
10 6 35
1 5 296
4 5 111
8 4 92
9 5 224
7 10 233
10
9 7 32
7 10 279
8 7 98
7 5 97
2 9 176
3 2 227
6 2 138
10 4 75
1 7 10
10
5 7 231
8 7 160
5 2 170
4 8 46
3 7 139
7 1 73
9 7 92
1 10 37
6 8 35
10
9 3 45
9 7 84
2 9 148
2 5 166
3 6 271
5 4 31
4 10 64
2 8 129
7 1 158
10
3 7 12
7 2 207
6 7 196
1 3 209
3 10 218
4 10 251
2 5 286
4 8 89
2 9 123
10
4 2 105
2 8 17
10 2 66
10 3 21
8 9 266
2 6 193
1 10 160
5 10 67
2 7 145
10
6 5 298
6 9 81
7 9 238
6 8 238
7 3 196
3 1 176
6 2 17
10 1 251
2 4 268
10
4 2 244
10 2 171
1 10 229
3 10 86
2 7 240
5 3 295
8 5 208
3 9 240
10 6 36
10
10 5 175
8 5 163
2 10 278
1 5 35
4 10 283
2 6 123
7 8 283
3 5 96
2 9 298
10
8 5 124
1 5 281
8 2 156
2 3 270
6 8 280
3 10 292
9 8 223
3 4 297
9 7 98
10
5 7 28
9 7 99
8 9 108
6 7 105
2 7 239
2 3 240
2 10 169
9 4 185
1 10 250
10
3 4 265
4 1 68
1 2 239
1 8 12
8 9 218
7 3 212
5 3 70
10 7 228
1 6 160
10
9 8 252
9 5 164
2 8 164
5 1 27
9 10 298
4 9 177
6 8 243
5 3 143
5 7 121
10
8 10 199
6 10 297
1 6 60
10 5 191
8 3 43
8 2 252
5 4 134
9 3 283
7 1 242
10
1 10 276
8 1 230
10 7 281
9 7 271
8 5 197
2 5 132
4 8 83
3 4 267
7 6 146
10
10 7 230
9 10 23
7 3 232
9 2 247
7 4 211
3 6 120
8 9 228
6 1 209
3 5 67
10
3 7 75
3 4 15
1 4 229
7 6 121
10 1 68
2 7 242
8 2 244
9 2 72
2 5 182
10
8 1 271
8 5 264
5 9 47
2 1 30
6 2 42
5 3 48
5 10 191
7 10 175
4 5 137
10
1 7 300
4 1 21
2 7 255
10 7 88
3 2 135
5 2 7
8 7 270
8 9 139
6 4 205
10
3 2 199
10 2 289
4 2 214
8 10 19
6 3 144
7 2 102
6 9 107
9 1 80
5 7 191
10
1 5 254
7 5 269
6 5 299
7 10 268
10 9 162
1 2 196
3 10 286
7 8 158
4 8 21
10
2 1 184
6 1 206
9 2 214
7 9 5
6 10 268
1 8 47
1 4 240
5 9 114
3 10 20
10
3 9 293
3 2 219
4 3 51
8 2 286
6 3 118
1 9 210
7 8 171
4 5 217
9 10 231
10
7 2 22
5 7 3
2 3 38
7 10 69
2 4 290
6 2 121
2 8 136
4 1 198
9 6 33
10
4 10 279
2 4 49
10 8 240
4 3 91
8 9 225
7 9 216
9 5 297
1 3 249
6 1 88
10
3 2 127
8 3 119
2 4 117
5 4 173
10 2 280
2 7 60
4 9 60
1 10 146
5 6 179
10
5 10 81
10 9 95
5 4 103
8 9 127
2 9 184
10 3 115
6 5 11
7 4 68
7 1 196
10
2 9 196
6 9 232
5 2 34
2 3 277
10 5 293
5 8 215
4 9 108
1 4 78
7 1 239
10
9 7 227
3 7 249
9 2 281
6 2 204
9 4 223
1 4 227
6 8 278
10 4 211
9 5 292
10
5 4 66
5 1 261
1 7 187
5 9 236
6 5 294
3 4 295
9 8 21
10 4 210
2 4 28
10
1 9 184
9 3 40
4 9 224
7 4 145
5 7 252
4 2 117
6 3 90
4 8 165
7 10 260
10
4 3 221
1 4 238
4 8 142
5 1 87
9 4 70
8 2 190
4 7 156
7 10 252
10 6 186
10
9 2 190
1 9 205
4 9 199
6 9 268
7 6 80
2 10 62
9 8 90
3 2 109
8 5 277
10
9 1 26
2 9 58
9 7 136
10 9 285
9 6 76
2 4 190
10 8 20
5 2 188
3 5 287
10
8 9 164
9 3 86
10 9 235
7 10 161
4 10 262
8 1 127
6 7 62
7 2 186
5 9 165
10
9 3 278
3 5 296
3 4 160
3 7 273
7 10 116
3 6 81
8 3 120
8 2 159
7 1 129
10
4 8 119
10 8 292
3 8 297
8 1 263
1 9 271
8 6 91
2 10 294
6 5 69
7 9 134
10
9 6 260
9 3 11
2 6 121
6 8 270
5 8 187
9 4 256
5 1 300
10 4 139
7 6 41
10
6 1 235
9 6 272
7 6 279
9 3 158
10 9 178
1 2 234
5 1 181
4 2 272
2 8 129
10
9 4 33
4 7 218
9 2 222
2 3 203
6 9 91
1 3 91
8 9 231
5 8 84
7 10 74
10
10 6 74
10 2 223
8 10 56
2 1 165
2 9 9
7 10 172
10 5 218
4 8 213
7 3 75
10
9 10 75
5 10 123
1 9 1
9 6 147
5 7 10
7 4 278
1 3 285
2 4 87
8 4 27
10
9 2 238
5 2 229
9 8 128
2 3 253
6 2 77
2 4 126
7 3 169
10 8 76
1 7 7
10
8 3 153
8 4 238
4 5 162
2 3 111
5 7 17
10 3 43
5 6 218
1 2 270
9 2 59
10
6 2 160
8 6 265
6 5 209
10 8 271
2 7 121
2 9 167
7 3 211
9 1 242
4 2 23
10
3 10 264
9 10 262
10 1 107
7 10 150
2 3 230
4 2 245
5 2 21
1 8 40
6 10 212
10
8 4 99
4 5 230
1 8 124
6 4 288
7 4 240
4 9 273
3 1 99
1 10 192
8 2 221
10
1 7 66
10 7 279
3 7 226
2 3 46
7 8 9
4 3 283
2 5 259
4 9 141
10 6 138
10
3 2 193
7 2 236
6 7 123
6 4 282
2 5 94
8 5 112
6 1 130
8 9 204
3 10 122
10
3 7 200
3 8 122
8 10 35
1 7 273
9 3 21
7 4 111
4 6 62
8 2 30
5 1 198
10
3 2 30
3 8 29
6 8 67
1 3 139
9 3 295
3 5 141
4 5 177
7 9 159
7 10 133
10
2 7 29
1 7 63
7 9 70
4 2 261
2 5 265
9 8 59
3 1 251
10 5 41
6 1 169
10
7 4 180
7 5 102
4 9 300
1 4 23
6 4 269
3 7 245
2 7 181
5 8 212
10 3 239
10
1 10 185
2 10 32
10 5 28
8 10 50
8 9 120
4 1 255
6 10 184
3 9 286
7 8 165
10
7 4 151
5 4 14
4 3 288
9 5 79
2 4 193
7 6 239
9 10 159
5 8 246
9 1 250
10
9 2 174
9 3 41
2 1 204
7 9 166
2 4 57
6 7 129
10 9 137
10 8 278
4 5 198
10
2 9 195
2 4 84
9 10 28
9 8 119
5 2 93
2 7 61
10 1 58
10 6 241
2 3 225
10
6 2 225
9 6 150
3 2 240
1 3 92
7 6 172
6 8 78
1 10 20
1 5 8
3 4 56
10
6 10 296
3 10 102
3 7 257
9 10 146
3 1 143
7 4 109
4 8 260
5 1 258
2 1 188
10
2 6 122
7 6 1
4 7 183
5 7 152
6 3 289
6 8 249
1 8 59
4 10 215
4 9 135
10
8 10 172
10 6 14
1 10 225
1 4 161
9 10 170
1 7 205
6 2 191
9 3 121
5 2 107
10
7 3 74
7 5 191
9 7 158
3 2 124
4 9 106
6 3 221
4 1 211
8 1 236
10 9 99
10
9 4 238
8 4 212
10 4 129
9 7 106
6 4 4
10 1 27
1 2 94
7 5 156
3 8 168
10
4 1 242
5 4 261
4 10 221
4 8 191
10 6 88
3 6 284
3 7 82
6 9 114
7 2 145
10
7 6 148
6 10 19
4 10 9
10 5 178
4 8 218
2 5 254
9 6 176
3 9 294
6 1 95
10
9 8 3
2 8 271
6 2 163
10 9 183
2 3 178
5 2 7
10 1 191
7 5 199
4 1 98
10
10 1 153
1 4 272
1 5 43
4 7 127
8 1 42
5 2 249
3 2 1
6 5 111
9 8 49
10
1 6 263
1 9 133
6 4 251
6 3 187
8 4 294
7 4 163
7 10 37
5 7 262
5 2 231
10
5 1 159
6 5 84
6 3 63
2 6 300
3 8 43
8 7 239
9 3 232
4 8 261
10 1 243
10
9 6 272
3 9 171
7 3 2
8 9 49
1 6 171
5 9 91
6 2 190
7 10 119
6 4 96
10
9 5 188
6 9 148
9 1 243
5 10 137
7 1 238
8 6 88
1 3 151
1 2 208
6 4 108
10
6 5 269
8 5 150
1 8 109
3 5 90
5 9 282
4 3 109
7 4 159
10 6 254
1 2 121
10
1 3 81
5 1 12
5 10 64
8 1 113
2 5 188
4 3 67
2 9 254
2 6 289
7 2 21
10
7 10 138
7 9 139
7 2 234
8 2 123
9 1 254
4 10 266
5 4 174
5 3 155
6 2 106
10
3 9 205
7 3 131
10 9 77
2 7 132
5 9 165
9 4 275
2 8 245
6 10 299
1 7 259
10
5 3 141
6 5 58
1 3 140
10 3 235
2 6 251
1 7 105
8 3 11
1 4 71
5 9 274
10
4 2 62
2 5 93
1 5 71
1 10 101
2 6 56
7 5 276
8 5 266
3 5 168
7 9 148
10
9 5 32
9 10 191
8 5 182
5 7 74
9 1 174
2 10 76
6 8 266
8 4 100
3 4 218
10
2 8 251
1 8 282
5 2 54
10 5 20
10 4 250
10 3 194
3 9 234
6 9 58
9 7 59
10
4 5 60
4 2 83
4 6 183
2 9 53
9 8 1
9 10 168
8 3 64
9 7 87
6 1 290
10
4 9 81
9 6 54
2 4 295
9 1 69
10 2 153
2 7 264
5 4 204
8 5 129
6 3 30
10
4 9 263
5 9 295
9 8 151
2 9 278
1 2 246
8 3 285
6 9 155
7 6 6
10 2 173
10
8 7 58
10 7 121
2 8 266
4 10 115
9 4 250
9 6 135
3 4 255
1 6 79
5 6 242
10
5 1 161
5 10 46
10 6 60
1 4 13
10 3 15
7 3 204
1 2 85
2 8 122
8 9 4
10
8 5 62
5 3 28
6 3 79
4 3 140
4 9 148
4 7 120
10 6 127
10 1 115
8 2 3
10
4 10 121
5 4 88
4 1 242
1 7 213
3 10 212
9 1 166
3 2 239
8 2 249
6 7 40
10
5 6 12
3 6 251
2 3 94
10 3 62
9 3 149
9 1 232
2 4 53
8 9 270
7 6 23
10
2 10 46
10 7 107
2 4 276
7 5 241
9 10 115
6 4 165
1 6 74
8 2 200
3 7 275
10
4 9 2
4 7 56
2 4 243
8 7 249
1 8 144
10 7 67
6 4 137
3 2 122
5 4 7
10
9 2 80
10 9 69
2 4 34
4 8 44
2 6 165
1 2 24
6 7 224
3 6 150
4 5 4
10
1 4 271
1 7 256
7 10 113
6 4 94
10 5 120
6 2 277
1 9 96
3 6 39
10 8 254
10
4 9 73
4 8 151
3 4 222
8 5 168
8 1 216
3 7 218
1 2 11
1 10 6
6 3 299
10
6 4 225
6 8 157
9 6 142
9 10 34
4 7 260
10 1 169
3 1 89
5 3 131
6 2 2
10
8 1 84
9 1 10
9 6 286
5 6 5
2 1 109
3 9 222
10 3 95
5 7 139
2 4 208
10
10 3 286
2 3 89
2 6 218
3 7 74
4 3 133
6 1 8
5 7 144
7 8 184
6 9 267
10
5 8 4
5 2 181
5 6 4
8 9 208
7 5 117
6 4 251
1 8 291
9 3 145
10 4 124
10
8 4 120
4 7 165
7 6 107
9 6 291
8 5 110
5 3 136
3 1 234
10 3 92
2 3 166
10
9 2 160
9 3 277
2 8 151
3 4 52
10 2 159
1 4 30
6 3 92
3 7 238
10 5 76
10
2 6 72
6 4 88
7 2 162
2 1 277
4 5 96
9 4 42
10 7 294
1 3 231
8 7 126
10
4 6 192
6 9 179
9 10 156
6 3 63
8 4 175
5 8 74
2 10 169
1 5 264
6 7 89
10
5 8 210
6 5 170
8 2 8
2 9 171
8 10 235
5 4 267
7 10 289
9 1 75
3 5 166
10
4 10 296
5 4 249
9 5 206
7 5 25
1 7 83
10 6 160
2 5 98
8 7 73
2 3 294
10
2 4 198
2 9 233
7 9 127
7 6 110
1 6 130
4 8 63
5 9 2
3 8 33
10 3 30
10
2 8 20
9 8 236
2 10 287
9 1 39
2 4 187
5 10 226
3 5 135
1 7 210
6 8 276
10
1 6 270
3 6 66
8 6 115
8 9 193
2 6 40
5 6 290
4 2 10
5 10 169
4 7 297
10
8 1 260
8 5 47
5 4 182
1 9 61
6 9 191
1 3 254
7 9 236
2 6 270
9 10 51
10
8 6 39
9 6 204
4 6 283
4 7 279
9 1 97
1 2 238
5 2 15
3 1 277
6 10 198
10
1 6 216
3 6 282
6 9 116
9 4 237
5 3 128
5 2 83
8 9 249
7 9 171
2 10 52
10
4 9 165
9 3 201
3 5 232
1 9 216
4 6 82
2 4 93
4 7 225
5 8 173
1 10 116
10
3 4 230
2 4 247
2 6 74
1 3 238
7 3 296
8 3 97
9 7 219
10 2 77
5 1 246
10
5 4 94
4 9 299
1 5 218
1 2 117
10 9 32
7 2 29
3 2 69
6 3 211
7 8 29
10
7 4 215
1 4 38
4 8 28
9 8 257
10 1 13
7 2 289
3 4 79
5 3 12
6 4 27
10
6 7 281
6 8 163
2 8 163
7 9 3
4 2 38
9 1 14
7 3 3
7 5 251
10 4 239
10
3 9 223
9 8 129
6 8 99
5 8 173
3 1 5
3 10 74
4 5 123
6 7 170
1 2 112
10
6 10 17
7 10 228
10 3 157
7 1 19
2 6 231
3 8 234
10 4 204
7 5 201
3 9 13
10
4 5 209
5 10 43
5 7 277
4 6 154
7 9 84
6 2 217
3 6 18
1 4 192
8 9 103
10
10 5 294
8 5 20
5 4 234
10 6 15
8 2 57
1 6 145
3 8 161
9 3 193
9 7 223
10
1 7 178
1 3 148
5 3 209
4 1 13
5 8 246
6 4 145
2 7 227
6 9 232
1 10 89
10
7 6 124
8 6 80
2 8 166
8 3 124
2 9 295
1 8 283
5 3 193
1 10 150
3 4 138
10
3 5 29
2 3 218
5 6 26
9 6 51
9 8 48
5 1 88
6 7 300
3 4 214
10 3 274
10
10 5 154
9 5 35
9 8 165
10 1 203
9 4 111
5 3 112
6 10 225
3 7 50
2 5 136
10
9 4 258
6 4 63
10 4 210
6 3 62
4 1 2
10 7 197
1 2 76
8 10 67
5 2 177
10
7 2 143
6 2 101
5 2 244
2 9 86
1 2 168
1 3 178
5 10 243
8 2 253
4 8 201
10
1 9 183
1 7 65
3 1 7
8 7 174
2 3 278
6 1 189
9 4 13
10 8 248
5 7 167
10
3 8 180
5 3 164
5 2 143
6 8 216
3 10 274
5 7 186
2 1 204
4 6 136
4 9 190
10
8 4 124
10 4 3
2 8 253
10 1 109
7 4 140
6 1 165
1 9 248
9 5 294
3 2 276
10
5 2 255
10 5 126
2 1 71
9 2 195
6 9 142
1 8 196
6 3 200
10 7 22
6 4 147
10
1 6 145
6 7 182
9 6 297
4 1 142
1 5 152
3 5 234
8 3 201
10 3 289
10 2 287
10
1 3 294
2 3 141
6 1 46
5 3 260
10 5 152
7 6 21
9 10 198
4 6 35
8 9 121
10
5 9 216
1 9 173
9 4 74
3 5 210
3 2 200
6 2 223
6 10 91
8 9 69
6 7 112
10
4 7 24
6 7 110
6 3 195
7 2 35
10 2 188
3 1 200
4 5 18
8 3 185
9 8 11
10
10 2 201
7 10 201
6 10 245
2 1 286
7 3 84
9 2 292
5 2 101
4 10 107
8 5 268
10
4 1 218
1 3 96
10 3 295
2 4 129
3 9 11
7 10 14
4 5 252
3 6 292
7 8 285
10
6 3 108
3 1 269
1 10 198
8 1 223
6 2 182
10 7 295
10 9 136
5 3 11
8 4 96
10
3 9 234
4 9 232
9 1 209
2 9 45
10 9 181
2 6 89
8 10 293
5 10 37
4 7 149
10
7 3 60
1 3 135
10 3 91
6 1 202
3 2 147
7 8 298
5 7 234
5 9 290
1 4 179
10
3 1 129
5 1 1
1 6 31
3 10 110
1 2 132
1 9 190
8 10 237
10 7 224
4 3 112
10
5 6 183
6 10 8
4 10 153
2 6 178
4 1 97
6 7 194
3 10 177
4 9 239
5 8 123
10
3 7 196
7 8 6
3 5 143
4 8 9
9 3 49
2 4 74
9 1 247
10 8 34
3 6 132
10
10 4 142
10 8 122
8 5 181
6 5 108
2 10 69
3 10 96
1 8 199
5 9 53
3 7 172
10
6 4 160
9 6 167
4 8 287
10 9 130
6 7 108
8 5 223
2 4 48
6 3 295
5 1 39
10
1 5 300
1 6 91
10 5 53
3 1 113
6 8 268
2 1 144
6 7 276
5 9 279
4 10 218
10
6 9 94
6 3 270
2 6 70
3 1 20
4 2 142
1 7 72
10 3 53
8 1 14
5 10 291
10
1 10 272
6 10 170
7 1 64
3 6 167
6 9 242
8 1 28
6 4 217
5 4 231
2 6 61
10
3 1 235
7 3 244
4 1 118
4 6 64
7 5 64
9 1 140
2 1 275
1 8 101
10 8 50
10
7 5 154
4 5 299
7 6 214
1 6 124
6 2 185
10 6 127
9 2 58
3 10 185
2 8 125
10
10 7 129
10 1 136
7 8 18
7 5 186
6 10 87
7 3 70
7 9 260
6 2 232
3 4 206
10
10 4 93
2 10 272
10 7 170
8 4 191
1 8 279
10 5 254
5 3 64
9 5 285
6 3 161
10
8 2 58
2 3 294
8 5 192
8 4 248
8 6 191
9 5 290
9 7 170
5 10 281
1 9 247
10
6 2 254
2 9 115
9 7 243
10 2 223
7 4 88
5 4 97
1 5 129
5 8 139
3 1 43
10
1 4 18
1 3 211
9 3 41
8 1 183
4 10 294
7 1 126
4 2 57
4 6 170
5 4 284
10
10 4 172
7 4 90
6 4 66
10 9 121
6 3 228
1 10 85
3 2 47
3 8 116
7 5 121
10
7 9 249
9 8 219
9 2 176
9 4 117
1 4 274
4 6 33
10 1 220
10 5 241
3 8 161
10
9 6 1
9 4 76
6 10 116
4 5 71
3 6 94
4 1 269
4 8 135
5 2 71
1 7 140
10
6 9 65
1 6 248
6 10 24
2 6 6
1 7 78
4 10 67
3 1 25
8 6 282
7 5 66
10
8 1 271
6 1 101
2 8 266
8 3 295
7 8 151
4 3 48
1 5 233
10 3 104
9 2 156
10
4 10 169
1 10 246
2 10 245
2 7 295
9 4 117
7 5 159
3 7 18
2 6 185
9 8 27
10
1 5 251
8 1 166
5 6 165
6 9 118
9 7 189
5 2 154
3 2 164
10 8 297
4 6 281
10
5 3 113
9 5 182
6 5 47
8 3 234
6 7 114
1 3 239
3 4 152
6 2 192
10 8 160
10
6 8 178
8 3 31
6 9 221
8 7 232
10 6 40
1 10 27
5 8 114
2 8 249
5 4 279
10
5 4 161
4 6 233
7 6 251
2 5 107
2 10 45
1 2 132
8 5 109
2 3 67
5 9 25
10
5 4 89
4 3 296
8 5 203
7 5 41
4 10 46
6 8 279
2 10 259
5 1 99
9 6 151
10
5 1 64
1 3 66
4 1 239
3 9 277
9 6 198
6 2 56
2 10 98
7 9 121
5 8 33
10
1 4 123
3 1 142
7 3 209
1 6 47
3 8 285
4 2 36
4 5 138
10 5 210
8 9 128
10
10 2 262
10 4 86
2 5 186
8 2 234
10 7 249
2 6 164
7 1 74
3 4 93
4 9 116
10
1 10 130
7 1 269
7 4 252
2 10 9
5 2 195
8 5 175
9 1 213
6 2 262
3 4 9
10
4 7 57
5 7 16
6 7 59
7 10 33
5 1 278
3 5 12
7 9 167
6 8 100
8 2 23
10
8 10 139
10 6 68
5 10 63
10 1 122
8 4 238
7 10 159
9 10 158
2 5 85
6 3 50
10
6 2 187
2 4 27
4 7 209
4 10 81
6 3 233
8 10 157
1 2 55
9 6 264
5 8 36
10
4 5 252
6 4 77
5 3 240
9 6 135
1 4 48
8 5 75
9 10 205
4 2 133
7 8 209
10
3 6 175
2 6 253
4 6 123
1 3 146
6 10 42
8 6 230
1 9 286
5 8 70
5 7 19
10
5 10 186
7 10 245
8 10 66
6 7 75
10 1 73
4 6 44
1 2 225
5 9 197
10 3 111
10
9 5 16
9 3 297
3 1 175
3 7 239
7 2 64
10 5 290
3 4 131
6 5 20
9 8 71
10
8 10 125
4 10 44
4 5 174
7 4 229
5 9 105
3 10 208
3 2 81
1 2 208
9 6 251
10
2 10 286
2 1 177
5 1 143
2 8 193
1 9 78
8 7 171
2 4 180
8 6 229
3 5 140
10
6 1 21
1 9 257
9 10 56
1 2 139
4 10 9
5 4 1
8 9 54
7 6 31
3 10 299
10
5 1 91
1 4 179
5 10 210
4 9 241
10 6 27
8 9 147
2 8 73
8 7 116
7 3 154
10
2 7 249
7 1 177
1 10 268
4 10 273
1 3 133
6 2 89
5 10 252
5 9 111
3 8 155
10
9 6 200
5 9 102
4 6 193
6 3 290
1 6 14
10 4 68
7 10 249
10 2 220
8 2 277
10
4 8 295
8 6 267
8 2 98
9 4 197
5 2 44
4 7 199
10 6 64
1 2 78
3 2 154
10
8 2 265
2 3 112
1 2 51
1 5 129
8 9 74
7 9 171
4 3 147
7 6 277
10 5 159
10
2 6 191
2 8 37
2 1 114
2 5 246
1 9 79
10 5 63
2 7 236
4 8 49
10 3 264
10
2 4 233
7 4 287
2 10 154
4 1 121
3 10 68
6 4 182
10 9 64
8 2 117
5 4 56
10
5 3 192
7 3 145
5 9 93
8 5 48
7 2 9
10 7 260
4 8 197
6 3 29
1 7 283
10
8 3 39
6 3 65
4 6 251
6 1 181
1 9 281
3 5 197
2 1 169
4 7 118
10 6 187
10
8 2 298
7 2 147
8 9 146
7 1 63
8 4 183
1 3 86
6 7 61
6 5 191
8 10 87
10
1 8 30
4 1 148
3 4 222
8 10 270
9 10 257
6 1 175
1 2 295
5 9 193
10 7 284
10
8 1 223
8 10 188
9 1 171
3 1 174
5 10 127
6 3 133
4 8 131
6 7 20
7 2 79
10
9 2 204
9 6 296
10 9 203
5 2 270
3 9 171
4 5 207
1 9 262
1 8 263
1 7 252
10
8 3 164
10 3 57
8 6 248
6 1 31
9 8 188
2 1 182
2 5 33
2 7 29
2 4 139
10
1 4 158
5 1 265
6 4 42
9 4 297
7 5 172
7 10 17
6 2 29
6 3 122
8 10 134
10
10 6 78
3 6 132
3 5 219
1 5 158
5 7 117
4 6 287
10 8 205
2 5 44
2 9 232
10
2 10 268
2 8 287
10 1 185
6 2 49
9 10 168
1 7 13
2 4 93
10 5 215
8 3 274
10
7 3 106
4 3 112
2 4 272
4 6 165
6 8 95
8 5 193
9 5 123
5 1 150
1 10 248
10
8 7 141
6 7 174
10 7 294
3 8 274
1 6 29
6 2 75
5 1 293
10 4 63
4 9 65
10
2 6 3
10 6 236
3 6 285
4 3 177
6 8 125
1 4 256
3 9 108
7 2 173
5 9 222
10
5 2 108
5 6 219
6 9 88
7 9 135
1 2 194
9 3 69
10 2 193
9 8 207
1 4 210
10
7 9 296
7 8 187
9 3 92
7 5 213
5 1 119
9 6 63
9 4 144
10 7 277
2 5 192
10
9 2 114
9 8 255
9 10 242
9 5 147
6 2 272
10 3 52
1 3 171
7 10 238
7 4 17
10
4 7 4
7 5 23
4 2 77
10 4 156
6 7 219
9 6 37
3 4 272
4 1 169
8 10 19
10
9 3 117
9 2 256
1 2 293
2 5 185
6 1 137
3 4 217
4 10 86
4 8 84
7 5 251
10
8 10 120
8 6 91
9 8 131
10 4 24
7 4 240
9 1 49
7 3 266
5 9 180
7 2 77
10
8 10 53
8 1 211
1 2 100
10 9 145
6 8 271
9 7 187
5 7 191
3 6 76
4 3 207
10
2 7 242
10 7 91
1 7 203
4 10 100
2 8 242
10 5 184
3 2 102
6 5 12
9 5 182
10
9 7 142
5 9 271
6 5 242
6 3 63
6 8 207
6 1 264
2 9 71
4 3 138
10 5 9
10
2 7 294
6 7 170
7 8 51
5 7 149
4 6 241
4 10 262
3 6 113
7 1 196
2 9 181
10
3 5 97
10 5 195
3 6 273
10 1 19
7 10 68
6 2 105
4 7 84
9 1 30
8 3 179
10
3 7 277
1 3 139
4 1 132
5 1 294
8 3 103
6 1 244
2 6 289
4 9 281
10 1 42
10
1 2 35
9 2 241
9 4 279
1 3 260
3 5 86
2 6 238
8 1 156
2 10 156
1 7 175
10
1 7 175
5 7 62
5 6 42
8 7 227
10 6 218
10 9 230
9 4 283
7 2 34
3 10 261
10
6 9 43
6 4 119
7 9 284
6 3 22
2 9 274
10 6 136
5 6 219
1 3 164
8 9 85
10
6 3 297
9 6 261
5 3 86
2 9 128
5 7 250
2 4 11
10 2 54
8 9 44
2 1 158
10
7 2 292
3 7 90
3 4 147
8 2 58
9 8 202
1 3 141
7 10 65
9 5 215
5 6 102
10
8 10 268
4 10 266
3 4 236
5 8 90
8 7 113
9 5 150
1 4 58
2 7 279
4 6 22
10
8 2 72
5 2 211
1 2 1
1 9 14
1 3 279
9 4 19
4 7 236
6 1 30
9 10 60
10
8 10 172
4 10 197
10 1 173
7 1 230
1 6 81
4 5 195
5 2 143
9 10 172
3 4 71
10
7 9 56
7 4 82
5 7 56
10 4 48
2 9 63
7 8 106
7 1 256
5 6 90
5 3 126
10
7 4 283
4 2 47
1 2 90
1 8 273
10 8 209
5 2 250
3 4 300
9 8 44
3 6 52
10
6 4 242
4 8 212
10 8 190
4 2 56
5 2 184
7 2 171
9 7 187
9 3 69
1 4 58
10
3 4 3
3 6 292
4 7 79
2 3 183
4 8 1
7 1 242
4 9 274
6 5 10
3 10 133
10
4 5 21
4 10 179
1 4 11
4 8 46
9 10 139
10 6 27
7 5 171
2 4 38
6 3 199
10
8 3 262
8 9 279
3 10 176
1 8 157
9 4 268
6 9 281
7 3 88
2 8 280
2 5 129
10
3 1 231
8 1 167
7 8 226
3 4 79
1 2 73
9 4 173
6 1 56
10 2 114
2 5 175
10
7 6 74
2 6 136
2 5 143
9 6 123
5 8 1
3 6 260
4 7 299
10 9 195
1 9 259
10
7 3 246
7 9 247
5 9 293
10 5 234
5 6 29
6 1 121
4 6 67
2 10 127
8 9 106
10
10 3 94
10 4 251
10 1 65
1 7 29
3 9 224
3 5 247
9 8 241
7 6 78
2 6 75
10
7 2 277
1 2 28
5 2 99
5 6 261
1 9 242
3 9 255
3 4 185
6 8 288
10 4 41
10
9 8 111
9 2 234
7 9 15
9 5 27
10 7 60
1 5 155
6 5 47
9 4 63
3 2 236
10
6 4 220
6 2 94
2 8 244
9 6 61
3 9 5
8 5 83
3 10 147
9 1 100
8 7 237
10
9 10 12
5 10 41
6 5 267
10 2 2
3 2 111
1 5 266
4 6 130
7 4 117
8 10 18
10
4 6 256
10 6 253
10 5 274
6 3 208
10 9 283
6 2 236
4 1 171
8 9 49
7 8 234
10
2 7 200
5 2 182
7 3 115
3 8 179
9 2 19
7 4 150
1 3 80
5 6 267
10 2 154
10
5 7 185
7 8 236
5 9 187
8 10 45
9 1 254
3 10 76
8 2 140
8 6 33
4 3 156
10
6 7 259
6 8 190
4 7 204
6 3 262
6 10 167
9 6 284
8 5 47
2 10 42
1 8 135
10
8 2 296
1 2 296
8 4 72
5 1 47
3 1 42
7 3 140
2 9 203
6 3 49
3 10 45
10
5 4 123
5 2 83
8 2 6
4 9 239
4 3 125
1 8 165
10 1 224
9 7 107
5 6 156
10
4 5 168
7 4 155
8 4 82
3 8 201
1 3 142
4 6 95
7 2 139
9 7 7
10 8 117
10
3 4 154
3 8 193
10 3 249
4 6 276
2 4 17
9 2 218
7 2 226
5 9 120
1 10 243
10
5 6 62
1 5 263
3 6 278
7 6 188
5 4 235
6 2 217
6 10 162
10 9 76
8 2 115
10
8 3 120
2 3 119
6 8 225
8 4 280
10 4 160
9 2 113
6 1 9
8 7 131
4 5 118
10
4 6 151
7 4 146
10 4 68
7 8 189
9 6 236
2 10 4
2 3 211
5 2 193
9 1 231
10
5 4 114
4 2 148
7 5 88
8 7 278
4 10 86
6 5 59
6 9 6
5 1 65
3 2 133
10
3 10 131
5 3 148
2 3 148
8 10 23
2 7 100
6 2 140
7 1 98
5 4 156
9 1 98
10
9 2 25
2 6 137
6 5 59
10 5 36
6 1 184
9 7 140
8 10 32
4 7 221
3 4 14
10
7 10 298
2 10 204
2 6 107
7 3 296
4 2 49
5 10 162
9 3 63
8 3 275
1 4 236
10
3 9 263
9 10 199
3 5 255
5 7 53
9 4 50
4 6 216
7 2 134
7 8 212
7 1 278
10
7 5 159
10 5 226
9 10 292
7 8 117
4 7 283
2 8 82
7 1 14
5 6 197
3 1 106
10
7 1 186
1 8 110
8 4 38
9 7 259
4 6 215
8 2 121
2 5 144
10 9 192
3 1 286
10
9 10 33
10 5 54
9 2 86
10 1 231
9 3 180
10 7 77
5 8 283
3 4 51
1 6 229
10
8 3 101
5 3 175
5 4 275
3 1 179
4 7 124
8 2 42
6 4 265
7 9 224
10 5 43
10
2 4 88
4 6 207
6 7 52
5 6 262
4 9 201
10 4 96
3 10 284
1 4 33
8 9 43
10
5 1 126
1 6 12
10 1 123
8 5 145
4 8 180
2 4 25
7 5 119
9 6 52
6 3 18
10
5 1 265
10 5 112
4 10 74
8 5 7
10 9 213
4 3 280
6 5 24
2 8 259
7 1 114
10
7 10 86
4 7 267
7 3 67
9 7 115
10 6 273
9 8 115
4 1 292
10 5 280
6 2 169
10
4 1 13
1 10 132
8 10 185
6 10 124
3 6 203
9 6 16
1 2 230
8 5 183
7 2 289
10
1 7 168
1 3 174
8 1 72
7 5 135
1 2 96
2 10 236
6 1 63
7 9 16
2 4 266
10
2 5 108
6 5 262
5 9 186
8 2 263
9 3 229
10 6 150
7 10 237
2 1 193
9 4 150
10
4 9 215
9 6 183
4 8 38
10 4 70
1 9 256
1 3 104
1 2 267
7 9 293
5 2 264
10
4 6 198
2 4 122
10 4 257
6 1 74
6 7 282
9 6 94
2 8 261
9 3 75
3 5 260
10
7 8 13
1 7 24
7 10 282
9 10 222
7 3 100
6 8 79
8 2 23
4 7 249
5 3 247
10
7 1 138
1 5 286
7 4 228
4 2 27
9 4 137
5 8 88
10 5 70
8 6 178
7 3 215
10
6 10 213
10 8 285
5 10 105
4 8 27
6 9 217
5 2 151
9 7 262
6 3 221
1 5 232
10
4 3 59
7 4 71
4 10 152
2 10 299
10 1 299
6 2 62
4 9 92
5 9 25
10 8 28
10
2 4 145
6 2 30
7 6 143
7 1 163
2 8 33
2 3 271
9 6 255
10 1 108
3 5 35
10
3 4 42
10 3 113
10 5 273
1 3 285
9 3 160
2 10 291
7 2 136
9 6 120
8 4 86
10
5 7 175
8 5 121
5 6 227
8 4 61
4 9 55
5 1 75
9 3 164
5 10 193
6 2 202
10
4 10 265
8 4 237
10 3 107
3 5 98
9 4 170
2 3 99
2 1 145
1 6 27
7 3 133
10
1 9 147
1 5 262
1 7 28
5 6 77
1 10 223
4 9 201
10 2 185
5 3 289
4 8 279
10
4 1 86
4 6 190
1 5 111
7 4 89
2 6 126
10 5 181
8 6 282
9 5 129
2 3 25
10
3 5 160
2 5 76
5 10 247
3 8 39
3 4 107
7 2 162
1 7 270
9 3 256
6 1 249
10
10 9 205
2 9 126
2 5 268
5 3 221
5 7 169
3 8 2
1 5 85
5 4 288
2 6 154
10
5 10 29
10 6 185
2 10 100
4 5 132
4 3 80
8 2 295
7 4 290
9 4 77
7 1 158
10
6 4 156
6 7 89
10 6 290
4 5 249
8 5 108
5 2 282
5 1 252
9 2 215
4 3 165
10
2 9 198
2 4 71
3 2 90
10 4 39
8 9 246
10 5 289
9 7 79
6 3 29
8 1 203
10
1 4 157
4 2 60
1 9 57
10 1 231
4 6 283
7 2 130
1 3 111
10 5 158
8 3 258
10
9 8 176
8 1 252
6 1 49
3 9 125
1 5 295
9 10 51
1 4 203
2 5 269
7 1 228
10
5 7 110
7 1 270
3 5 239
7 4 281
10 3 206
3 8 19
10 6 200
6 2 268
1 9 211
10
10 9 250
5 10 225
7 10 260
3 10 105
6 10 237
10 1 246
7 2 158
4 5 251
4 8 125
10
2 4 75
4 7 287
10 7 169
4 5 166
6 10 250
5 3 240
2 9 208
8 9 30
1 2 255
10
5 8 179
8 10 110
8 9 11
6 9 178
7 10 5
1 7 181
6 4 33
1 3 217
2 10 59
10
2 7 81
9 2 165
2 5 168
6 2 273
4 5 179
6 8 174
9 10 200
6 3 37
1 10 283
10
6 5 128
5 7 26
1 5 229
2 6 206
5 8 100
9 1 27
10 7 78
2 4 290
3 4 267
10
6 2 15
8 2 205
8 10 280
9 8 15
1 2 66
5 10 74
3 5 57
2 7 4
5 4 285
10
10 8 78
4 8 246
4 1 104
8 5 120
5 7 300
4 9 129
7 2 91
6 5 259
2 3 250
10
7 2 223
7 10 295
2 8 125
7 9 215
8 4 198
3 10 155
6 8 183
1 2 212
10 5 202
10
4 7 240
3 4 199
3 8 235
8 9 44
6 4 169
2 8 242
9 5 277
3 10 194
3 1 176
10
4 7 71
3 4 135
9 7 234
9 2 225
5 7 214
9 8 179
3 1 66
3 10 229
6 1 217
10
2 8 263
4 8 127
2 1 127
10 2 60
1 7 32
7 6 7
3 8 249
1 5 282
9 3 200
10
4 2 117
7 4 98
1 4 61
1 6 275
10 7 189
1 3 110
9 2 207
5 6 47
9 8 105
10
8 6 184
1 8 153
3 1 60
10 6 250
5 8 6
2 10 190
2 7 213
5 9 44
8 4 128
10
4 5 256
9 4 60
10 9 140
8 4 5
2 10 206
2 1 134
3 1 233
4 6 150
7 6 262
10
2 8 29
1 2 22
2 3 285
8 6 298
4 3 159
6 10 212
5 2 240
9 10 294
7 8 209
10
5 10 184
6 10 196
7 6 265
10 4 256
1 6 100
1 3 251
1 8 226
6 9 157
1 2 92
10
6 1 177
6 2 282
3 2 2
6 8 170
7 2 101
1 5 52
10 2 1
4 10 243
2 9 5
10
9 8 50
9 3 132
3 2 279
2 5 131
10 9 161
2 1 131
2 4 79
9 7 267
7 6 113
10
9 1 233
9 4 206
4 7 261
4 2 66
6 1 178
8 1 138
5 8 52
10 4 129
5 3 116
10
2 7 175
2 10 104
2 6 53
6 4 119
7 8 22
4 3 214
8 9 50
1 8 131
5 4 33
10
5 1 295
4 5 263
2 4 111
7 4 208
5 10 116
3 2 297
8 4 68
9 10 232
3 6 29
10
1 6 211
6 10 222
7 6 53
2 7 105
2 4 41
5 7 295
6 9 5
8 1 240
3 8 59
10
7 2 210
2 10 42
9 2 99
7 4 127
2 5 34
3 10 167
6 10 127
6 1 118
3 8 237
10
8 2 24
3 8 50
10 2 110
6 2 237
6 5 102
5 4 204
3 1 214
9 4 20
5 7 285
10
7 10 224
5 10 194
4 7 193
7 9 175
4 3 164
10 2 95
4 8 80
1 2 40
9 6 190
10
7 8 189
6 7 69
6 3 10
6 9 185
8 1 283
2 9 11
7 5 52
6 4 49
6 10 176
10
5 1 225
9 5 128
5 3 233
1 7 114
10 5 6
2 5 96
5 8 175
8 6 299
3 4 87
10
3 1 207
3 7 209
1 9 285
7 10 127
6 3 147
2 6 180
3 8 187
4 6 35
3 5 60
10
1 7 169
1 3 196
9 7 290
7 8 52
7 2 63
9 10 199
5 8 121
4 8 224
3 6 291
10
7 2 211
2 3 65
6 7 232
1 2 260
8 7 124
10 3 292
7 4 68
10 5 281
9 7 140
10
4 5 10
5 6 50
1 6 294
2 6 72
5 10 83
7 6 57
10 3 125
9 6 248
8 4 53
10
6 7 188
4 7 3
3 4 232
5 4 166
10 5 7
2 3 295
10 9 165
9 8 252
1 8 46
10
3 7 102
9 7 130
3 1 139
2 1 94
8 2 184
6 8 83
5 2 149
10 6 297
10 4 267
10
7 3 99
7 9 165
2 3 234
10 3 59
3 5 251
1 2 141
9 4 266
8 10 210
6 7 93
10
1 4 17
1 7 59
2 7 76
4 6 253
3 4 12
3 10 228
5 7 88
5 8 177
4 9 85
10
9 6 143
6 1 151
9 10 207
3 10 114
6 2 69
10 8 27
2 4 73
7 2 199
5 3 226
10
3 5 185
6 3 224
5 4 24
3 10 236
5 2 235
8 4 244
2 7 28
4 9 200
10 1 213
10
1 8 138
10 1 61
9 10 89
4 10 99
1 3 187
7 1 156
5 8 18
6 8 213
3 2 43
10
2 9 212
6 9 31
10 9 100
6 1 34
3 9 116
5 9 5
6 8 164
8 7 180
4 8 225
10
5 3 279
5 10 293
3 8 274
8 1 208
6 3 15
2 5 196
4 10 110
7 6 65
1 9 165
10
8 10 101
6 8 300
8 7 201
9 10 30
6 3 197
1 3 102
2 7 42
4 1 163
9 5 140
10
3 6 274
7 3 202
10 7 119
7 4 224
6 9 162
8 7 110
1 7 251
5 3 212
2 7 277
10
4 10 299
6 4 260
1 4 99
8 4 249
1 2 29
7 10 64
5 6 185
9 5 240
3 6 93
10
9 4 227
4 2 213
7 9 50
3 9 201
3 1 29
10 7 58
3 5 245
9 6 239
5 8 229
10
6 7 40
1 6 268
8 7 61
6 9 153
9 3 41
4 7 12
5 8 180
5 10 220
2 6 250
10
6 3 216
2 6 147
3 7 227
9 7 62
7 10 275
4 10 180
2 1 209
6 5 288
3 8 167
10
10 3 32
9 3 278
1 9 66
3 8 158
5 9 298
6 10 96
2 10 245
7 8 54
2 4 210
10
10 1 273
10 8 56
3 8 215
2 3 4
9 1 281
4 8 257
8 7 97
1 5 68
6 9 139
10
7 5 138
3 5 165
6 3 170
1 7 238
5 2 124
6 10 152
8 6 15
6 4 257
6 9 207
10
1 10 24
10 5 67
7 1 263
9 10 70
8 9 102
6 5 223
3 5 174
3 2 62
9 4 91
10
7 4 109
7 1 54
6 4 118
2 6 148
9 4 134
10 9 272
3 10 147
8 9 160
5 6 299
10
8 5 255
9 8 175
4 9 123
9 7 182
7 6 125
7 10 179
5 1 157
3 7 295
2 7 39
10
10 5 151
8 5 263
6 8 218
7 10 284
8 2 11
7 3 228
8 1 99
9 5 127
4 5 51
10
4 5 217
4 9 37
3 4 156
7 9 157
3 6 153
2 6 157
5 1 91
1 8 99
8 10 244
10
3 8 232
3 5 234
8 1 265
1 4 195
10 1 268
1 7 50
6 10 12
2 10 69
9 5 250
10
1 9 180
5 1 184
10 1 41
8 1 234
10 4 153
6 8 290
7 9 281
3 6 69
6 2 147
10
8 9 129
8 7 24
3 9 94
5 7 296
6 5 225
9 2 171
10 6 194
1 8 118
3 4 124
10
3 9 267
10 9 248
9 7 130
2 10 35
7 1 122
3 6 177
5 2 267
8 6 232
4 8 259
10
6 3 289
7 3 276
3 8 275
10 7 251
10 5 198
2 7 24
8 9 119
9 4 256
5 1 156
10
3 7 267
3 6 41
3 5 32
8 6 298
6 1 22
8 2 65
3 10 90
2 9 52
2 4 44
10
3 6 258
8 6 120
4 3 103
10 8 3
1 4 91
9 10 181
7 8 162
5 1 43
9 2 174
10
2 7 67
2 5 154
5 3 213
9 5 70
10 7 20
8 7 201
4 7 71
9 6 51
4 1 151
10
6 3 106
3 1 205
2 1 9
4 3 107
3 9 182
7 9 180
6 8 75
10 3 144
5 3 235
10
7 1 204
3 7 65
3 8 177
4 8 273
8 6 44
6 10 144
9 1 142
2 3 281
7 5 47
10
6 9 88
4 9 179
3 9 19
5 4 88
5 8 279
8 10 162
9 1 149
7 6 252
2 7 108
10
7 1 235
2 1 148
8 1 210
4 8 28
5 4 277
6 7 185
6 9 296
5 3 110
6 10 300
10
7 9 156
9 6 112
10 9 91
7 8 112
1 7 154
3 9 241
5 6 202
5 4 107
3 2 268
10
1 2 234
10 1 107
4 2 268
7 10 71
5 4 46
7 8 221
1 3 228
8 6 148
9 3 268
10
8 10 45
8 7 204
7 3 76
3 1 77
8 5 230
4 10 249
9 7 16
3 6 63
2 3 262
10
3 9 44
3 1 164
9 6 252
4 6 189
10 1 168
6 2 67
4 5 217
7 2 41
10 8 269
10
6 5 88
5 10 159
1 5 111
5 3 130
5 7 148
8 5 75
8 2 251
4 7 125
6 9 88
10
5 9 20
8 9 149
5 2 193
7 9 239
5 6 70
8 10 51
3 5 179
1 7 241
4 3 271
10
6 3 233
6 4 106
6 10 266
9 6 251
10 5 152
4 2 184
1 9 181
7 5 200
10 8 143
10
10 5 30
3 10 115
1 5 137
6 3 209
6 9 51
4 5 27
7 9 27
5 8 197
10 2 131
10
3 7 45
8 7 145
2 7 98
2 4 74
4 10 62
9 8 209
6 8 279
3 5 182
1 5 91
10
7 4 159
7 9 218
6 4 85
8 7 63
7 10 279
8 5 296
1 4 31
3 4 60
8 2 193
10
3 6 190
2 6 219
10 6 140
6 1 132
1 9 179
1 8 282
10 5 217
7 2 221
10 4 176
10
9 3 159
9 2 292
10 3 167
6 9 9
2 1 260
6 8 167
5 8 223
7 10 25
1 4 21
10
2 5 96
4 5 256
10 5 88
10 9 97
10 3 25
7 3 207
6 7 229
8 3 41
1 10 110
10
3 5 98
7 3 101
5 4 54
2 5 103
4 1 95
2 6 171
5 8 254
10 6 140
9 8 240
10
1 5 22
1 8 272
5 6 281
5 4 109
1 7 247
8 10 167
1 9 175
7 3 299
3 2 183
10
4 7 81
4 2 101
10 2 251
4 1 283
7 9 142
5 7 85
6 7 255
2 3 86
8 2 87
10
9 10 232
10 4 42
6 4 271
1 6 184
4 7 52
8 6 95
6 3 250
7 2 27
5 2 145
10
7 6 298
7 1 85
4 6 258
10 7 142
6 2 2
4 8 29
9 2 196
1 3 194
5 2 116
10
4 9 97
2 4 217
7 9 232
4 3 56
3 8 222
1 9 196
4 6 209
10 7 221
5 1 14
10
3 5 169
8 3 229
5 6 130
5 10 36
3 4 157
6 9 89
1 3 98
7 5 40
2 8 168
10
4 2 245
4 1 74
3 4 69
2 8 201
2 9 293
6 9 148
7 9 257
5 4 32
10 9 170
10
4 8 276
8 2 58
8 3 125
2 9 84
5 3 31
6 5 83
10 9 259
7 2 244
1 6 146
10
10 6 264
10 2 298
10 3 105
7 6 295
6 9 185
10 1 186
10 8 123
7 4 73
5 4 268
10
8 2 41
6 8 29
8 9 79
8 5 207
3 5 228
1 9 75
9 4 11
10 2 25
2 7 96
10
5 10 197
7 10 278
3 10 17
7 2 299
5 6 299
10 8 66
6 4 41
8 9 266
10 1 120
10
9 6 238
9 4 226
7 4 9
10 6 186
2 6 11
6 1 74
2 8 216
6 5 126
3 6 183
10
4 10 63
10 2 68
1 4 144
5 2 146
10 8 270
1 6 232
9 5 126
8 7 183
3 8 231
10
10 3 111
7 3 230
7 8 153
10 9 209
10 2 65
5 3 187
9 6 103
1 6 201
4 10 46
10
2 6 271
6 5 138
6 1 14
9 1 7
6 10 273
7 1 228
4 6 285
8 7 254
3 1 291
10
9 10 68
9 5 162
10 6 58
9 2 33
4 2 153
8 9 2
9 1 246
8 3 63
6 7 190
10
5 10 94
5 9 159
10 6 260
7 10 161
1 7 244
10 3 34
7 2 271
2 8 150
9 4 98
10
3 4 120
4 5 148
5 7 1
10 4 266
2 4 207
9 3 210
10 6 122
1 5 178
3 8 283
10
8 7 43
1 7 265
5 8 59
8 9 11
5 10 281
8 2 132
4 2 38
3 7 287
9 6 159
10
1 3 251
1 5 33
6 3 176
7 3 255
10 1 177
4 1 283
2 1 189
9 7 129
8 7 241
10
3 4 10
4 7 284
5 3 17
9 4 297
9 6 75
4 10 92
8 5 190
8 1 56
2 6 57
10
5 2 75
8 5 232
2 9 12
5 7 83
5 4 70
6 5 160
3 9 92
2 10 144
2 1 131
10
4 1 247
1 10 133
1 9 76
5 10 163
7 5 42
8 9 256
8 2 92
3 5 262
6 10 42
10
2 3 226
3 6 5
6 1 112
3 9 42
1 4 67
10 4 213
7 10 296
8 3 117
5 8 40
10
9 10 256
9 8 131
8 3 164
9 2 182
5 8 124
7 3 86
1 3 124
10 6 183
6 4 107
10
8 7 122
7 10 293
8 4 282
7 5 142
4 2 162
7 3 213
9 7 57
1 2 28
6 1 138
10
7 1 98
7 10 78
1 4 187
6 7 25
6 8 279
3 7 171
1 2 90
9 6 268
5 3 112
10
10 7 117
6 10 263
10 1 72
2 7 78
9 1 130
3 6 38
8 6 117
6 4 273
6 5 168
10
2 5 288
2 6 292
2 3 205
10 6 66
5 1 209
6 9 288
10 8 95
4 5 104
6 7 293
10
4 9 67
6 9 203
6 2 246
6 5 196
8 6 235
3 8 48
9 10 58
1 4 159
4 7 270
10
2 8 149
10 8 103
4 10 131
1 10 193
9 1 47
1 3 209
3 6 217
7 9 32
5 1 52
10
4 7 197
7 6 196
1 7 299
9 4 215
1 2 276
7 3 109
5 9 185
8 5 238
5 10 23
10
3 1 103
1 7 46
9 1 52
2 7 144
4 7 204
5 3 59
5 10 17
6 10 199
1 8 231
10
9 2 197
1 9 117
1 5 247
7 5 216
9 8 203
4 2 110
8 6 57
7 10 221
3 7 77
10
9 4 84
3 9 12
2 4 296
10 3 194
8 3 148
1 10 72
6 9 290
10 5 202
7 9 188
10
1 5 87
3 5 22
1 10 140
4 10 106
5 9 214
7 5 213
8 3 136
10 2 15
4 6 157
10
10 2 87
10 5 124
8 5 6
2 1 178
8 6 176
2 3 125
10 4 289
9 3 76
7 5 239
10
10 6 76
1 6 196
10 2 213
8 6 231
10 7 54
5 6 271
3 6 75
9 10 240
3 4 121
10
10 9 14
8 10 21
10 6 199
8 2 234
9 5 271
2 1 160
7 9 98
7 3 69
4 6 166
10
8 9 18
8 4 263
7 9 300
4 5 180
9 10 224
6 9 74
3 6 84
4 1 234
2 1 132
10
6 10 109
6 8 104
10 1 274
5 10 57
3 1 59
5 4 172
2 1 98
6 9 147
7 6 114
10
8 9 30
6 8 26
2 6 26
8 3 109
10 9 79
10 7 55
7 4 243
1 10 216
5 1 189
10
10 2 102
3 10 115
6 3 176
7 10 218
6 5 59
10 1 47
10 9 245
9 8 22
6 4 162
10
7 8 25
10 7 168
8 2 185
3 8 224
3 4 46
6 10 183
8 9 280
10 5 118
6 1 41
10
9 6 63
3 6 17
1 6 235
8 3 153
1 2 144
10 1 272
1 5 258
4 10 42
7 4 17
10
6 7 61
5 6 170
7 1 59
7 3 146
2 6 116
4 2 176
7 8 284
6 10 87
9 2 259
10
5 1 164
8 5 192
9 1 232
2 8 155
6 2 271
10 5 35
4 5 41
7 6 286
8 3 185
10
8 10 261
8 1 150
6 1 12
8 7 85
3 1 78
1 4 36
2 8 86
5 3 29
9 2 48
10
7 6 11
7 4 118
4 5 50
8 7 154
2 6 1
2 10 119
4 1 262
1 9 52
3 9 151
10
9 8 266
1 8 188
3 8 295
1 2 259
9 5 186
8 7 34
1 10 108
9 4 215
6 8 145
10
10 4 91
3 10 90
10 9 191
1 4 34
6 4 274
7 4 108
5 1 156
2 3 7
6 8 270
10
4 5 212
4 9 149
7 5 118
9 2 250
4 10 279
6 5 293
10 1 135
3 4 22
8 9 268
10
8 7 243
2 8 208
7 9 226
1 8 83
8 5 276
1 4 27
10 5 28
10 6 100
3 5 279
10
1 3 10
4 3 12
8 4 179
8 10 237
6 1 159
3 5 70
6 2 119
7 2 246
9 2 102
10
10 5 234
10 6 272
7 10 204
5 1 53
3 7 161
9 10 247
5 4 298
4 8 89
2 5 91
10
9 7 140
2 9 251
5 7 215
1 5 229
4 7 56
3 5 6
3 10 276
6 2 90
8 2 181
10
7 9 149
7 6 289
1 7 228
6 5 208
2 5 225
6 4 267
10 9 13
5 3 288
8 5 153
10
3 4 151
2 3 208
3 8 269
2 5 275
7 2 62
2 10 20
2 6 40
1 10 247
10 9 179
10
7 6 30
10 6 254
4 7 230
4 3 75
5 4 111
4 1 151
9 1 65
4 2 82
10 8 108
10
8 5 154
8 9 206
7 8 172
10 8 258
10 2 21
8 1 255
5 6 143
2 3 177
8 4 71
10
9 4 255
9 8 9
2 9 238
8 5 238
10 5 119
10 6 193
2 3 95
7 2 174
1 10 29
10
6 1 196
3 6 156
6 2 110
3 4 7
7 2 33
8 7 41
5 8 183
9 8 125
10 9 106
10
1 4 211
4 6 61
1 7 243
1 9 42
9 10 200
9 5 251
9 3 277
3 2 230
4 8 128
10
2 9 149
6 9 203
7 2 229
10 2 56
6 8 159
3 9 70
4 2 219
8 5 208
1 2 118
10
5 2 290
2 8 227
2 6 264
8 9 107
7 5 21
10 2 81
10 1 224
4 7 293
10 3 219
10
5 3 185
5 9 70
7 3 73
5 4 96
2 7 83
7 10 27
3 1 60
5 6 192
8 1 252
10
10 5 166
5 1 102
4 5 92
1 6 259
5 2 143
5 8 242
9 4 250
8 3 138
6 7 156
10
5 8 36
1 5 52
8 9 25
6 8 261
6 2 78
5 7 283
9 10 290
4 5 136
1 3 245
10
3 8 90
2 3 217
2 5 268
8 10 26
4 10 120
9 5 153
8 1 128
9 7 115
7 6 100
10
7 9 90
9 4 17
1 7 210
10 7 238
2 9 187
4 8 148
5 2 131
5 6 204
3 6 158
10
2 9 247
9 10 163
2 5 274
10 4 105
7 2 300
8 7 26
5 1 172
3 4 56
6 2 215
10
7 4 271
4 6 129
6 9 65
7 2 276
1 9 282
8 6 100
10 2 16
1 3 82
5 6 263
10
3 10 179
5 3 214
3 9 58
5 1 58
10 2 272
5 8 286
10 6 174
7 3 271
4 10 248
10
7 8 81
7 3 238
7 6 76
5 7 67
5 2 157
10 2 95
1 7 56
2 9 49
4 7 260
10
1 7 74
8 1 290
9 1 225
9 4 200
1 2 298
8 6 261
7 10 144
8 5 296
3 7 62
10
8 5 155
5 1 117
5 2 167
8 4 222
5 7 156
10 1 205
9 2 49
6 10 252
3 2 42
10
1 7 285
7 9 7
9 5 169
7 4 216
3 1 53
2 9 197
7 6 112
3 8 199
10 7 82
10
8 9 24
2 9 213
2 5 4
8 7 166
8 10 280
3 7 77
10 4 109
1 7 279
6 4 121
10
2 6 200
8 6 57
6 3 229
2 7 95
6 9 166
5 8 290
7 4 54
10 4 167
1 3 50
10
10 6 201
6 5 102
6 3 161
8 5 165
7 10 277
4 6 181
7 1 150
8 9 54
7 2 45
10
7 6 89
7 8 147
9 7 163
2 7 169
9 1 24
2 10 277
3 1 287
4 3 191
5 1 187
10
6 4 233
2 6 170
2 10 230
10 5 282
3 5 151
10 8 21
1 8 203
5 7 168
2 9 33
10
8 9 56
5 9 261
9 7 82
1 8 102
9 3 233
1 2 47
5 6 262
7 4 118
5 10 161
10
8 3 217
8 2 193
3 1 220
8 6 244
2 10 230
9 2 21
4 9 267
9 7 1
6 5 102
10
6 5 221
5 3 117
5 9 238
1 6 135
10 6 150
10 4 32
1 8 282
2 6 237
10 7 41
10
7 3 110
10 3 138
7 4 32
3 5 291
10 6 229
8 3 300
10 2 230
5 9 180
2 1 106
10
3 9 75
4 3 290
5 9 92
3 10 197
10 7 112
10 8 291
9 6 122
1 6 33
4 2 269
10
8 2 31
10 8 296
2 7 81
2 1 113
8 9 34
9 5 194
3 1 159
6 10 26
4 7 185
10
1 2 72
2 8 165
9 8 232
4 1 42
5 9 203
7 1 70
10 2 269
6 9 219
3 2 110
10
4 9 132
8 4 8
4 10 47
1 4 56
3 4 249
1 6 260
5 4 180
6 7 138
7 2 28
10
8 7 203
8 4 39
4 5 12
4 3 11
4 2 136
10 5 153
1 7 68
4 9 218
6 10 4
10
7 9 86
7 8 113
7 5 126
9 10 104
9 6 88
4 6 24
6 2 170
2 3 109
9 1 111
10
4 8 157
5 8 276
6 5 87
5 2 259
8 3 86
1 8 33
7 1 101
9 7 2
1 10 14
10
5 7 195
5 2 30
5 3 233
2 9 193
1 2 102
3 8 56
4 3 285
10 2 93
6 2 12
10
7 9 94
8 7 105
10 9 21
6 10 123
7 2 22
4 2 75
9 1 253
10 5 171
3 4 168
10
6 9 126
5 6 72
6 3 264
3 7 91
9 10 38
7 8 111
8 1 213
1 4 88
6 2 251
10
1 8 19
5 8 209
5 2 41
8 7 292
2 9 74
3 7 120
9 4 103
1 10 116
6 7 22
10
3 1 143
4 3 177
7 4 295
2 3 205
5 2 174
3 10 31
9 7 51
4 8 244
6 9 27
10
5 3 235
4 3 120
3 6 129
1 6 86
8 1 146
8 7 155
4 9 247
10 8 254
2 3 267
10
1 10 201
2 1 20
1 9 289
1 5 252
3 5 289
5 6 83
6 7 192
1 4 74
8 1 255
10
4 8 138
5 8 11
4 6 15
8 7 161
10 7 98
10 3 203
2 5 121
1 8 274
9 7 90
10
1 10 119
1 6 275
4 6 67
6 3 286
7 10 40
8 3 254
7 5 173
10 2 196
9 1 271
10
1 5 10
6 1 248
2 6 296
10 6 11
9 6 218
4 9 229
6 8 238
7 5 193
5 3 229
10
6 7 43
9 6 69
6 8 218
3 6 261
8 2 197
8 1 108
6 10 289
8 4 45
5 4 40
10
3 4 100
8 3 97
2 4 217
1 3 77
5 1 120
10 5 243
4 9 274
4 6 238
3 7 195
10
3 1 166
6 3 193
1 10 101
8 1 37
7 10 80
10 5 223
8 4 64
6 9 230
6 2 144
10
4 8 48
4 2 257
5 4 73
7 5 217
1 4 111
4 3 85
10 7 91
6 1 173
6 9 291
10
7 5 171
1 7 222
5 4 32
10 1 203
4 2 253
1 6 1
6 9 211
7 3 141
8 5 239
10
8 6 199
6 3 37
3 9 79
6 10 291
4 10 109
3 5 156
8 7 211
1 8 197
2 6 4
10
9 6 170
9 8 95
6 3 125
5 9 270
9 7 33
7 4 129
2 3 18
8 10 85
5 1 137
10
3 7 192
7 8 166
1 7 270
8 10 4
1 5 156
3 2 84
10 9 137
10 6 71
7 4 220
10
2 8 117
2 9 4
8 5 251
9 7 155
6 9 165
10 5 13
5 4 98
1 5 208
6 3 292
10
9 3 231
10 9 140
9 1 276
3 7 224
6 9 161
3 4 243
4 5 145
2 4 14
3 8 83
10
3 8 76
5 3 297
3 1 254
8 6 249
1 7 192
3 4 92
10 6 83
9 3 86
7 2 165
10
10 9 164
10 7 77
9 2 62
8 2 237
4 2 48
2 1 174
7 6 280
5 1 21
5 3 60
10
4 5 222
1 4 283
9 5 247
3 5 110
5 6 190
3 8 119
7 3 177
1 2 52
8 10 190
10
5 1 199
1 9 80
5 7 230
4 5 49
5 3 216
10 9 163
2 3 104
8 2 64
6 8 167
10
9 2 159
5 9 187
9 8 193
2 3 222
1 9 55
8 4 51
7 2 123
9 10 199
6 4 268
10
7 8 235
7 10 66
8 3 170
10 1 134
1 5 102
5 6 273
9 5 43
2 10 247
7 4 278
10
10 2 299
2 9 167
9 4 18
8 10 300
4 6 182
8 1 193
5 8 287
7 4 156
3 4 52
10
3 4 201
7 4 276
7 5 288
9 5 286
6 4 214
8 7 143
3 1 289
10 3 133
2 3 282
10
4 1 290
10 4 216
7 10 267
6 1 15
9 6 23
5 6 153
8 1 114
6 3 146
4 2 99
10
10 6 181
3 10 288
1 6 116
8 10 74
9 1 266
8 7 211
5 8 126
4 9 3
3 2 108
10
8 3 222
7 3 253
9 3 129
8 2 160
1 9 171
9 4 278
8 6 300
10 8 5
7 5 181
10
3 2 280
3 10 158
10 7 226
4 10 152
5 7 63
1 2 95
5 8 120
6 5 161
9 2 109
10
3 9 97
3 1 158
1 8 275
3 4 262
10 3 230
9 5 167
6 5 98
9 7 176
5 2 56
10
2 4 58
2 7 182
2 3 269
3 9 169
7 5 81
3 8 2
10 2 188
9 6 219
4 1 12
10
3 6 151
8 6 205
6 5 246
5 10 231
5 4 266
5 1 240
9 10 36
7 9 278
1 2 216
10
3 1 206
1 7 230
3 4 132
1 10 160
7 5 137
3 2 40
8 4 274
3 6 256
3 9 250
10
1 10 171
10 9 145
3 1 142
1 4 208
9 2 181
1 5 32
9 7 197
3 6 263
8 7 29
10
1 4 205
8 4 174
8 10 194
1 7 140
6 7 65
4 9 267
6 5 132
4 2 102
7 3 115
10
4 8 232
7 4 223
8 5 24
10 8 20
3 5 104
2 7 67
9 3 37
10 1 84
2 6 294
10
8 9 122
6 8 203
9 5 273
3 6 218
7 9 271
4 6 45
8 2 242
10 5 180
9 1 71
10
2 1 249
2 3 45
4 2 32
10 1 245
2 8 76
8 5 183
9 8 66
2 6 232
7 3 48
10
9 2 151
2 1 259
1 3 81
5 1 42
10 5 239
1 6 83
7 3 252
8 1 159
4 9 38
10
8 4 117
4 3 193
1 8 296
1 6 273
7 4 188
4 9 65
10 8 30
1 2 80
5 4 299
10
7 9 62
5 9 158
5 2 253
8 7 98
1 5 252
10 2 270
3 8 258
6 9 137
4 2 129
10
4 2 180
4 6 181
6 8 133
1 6 65
5 1 257
10 2 39
10 7 115
3 10 118
4 9 254
10
4 2 218
4 8 119
9 4 192
2 3 19
9 7 260
9 6 43
9 5 201
10 2 274
6 1 53
10
9 10 224
10 6 273
8 10 131
2 9 6
3 6 267
3 1 155
6 4 70
1 7 144
5 1 102
10
6 10 208
6 7 99
7 8 201
3 7 216
6 2 264
1 7 130
1 9 95
7 5 120
9 4 226
10
1 2 235
5 2 283
3 1 297
5 7 164
7 10 192
4 1 287
5 9 101
2 8 105
6 10 173
10
9 2 74
9 4 21
8 2 262
5 8 210
9 1 267
7 2 164
10 7 211
6 4 192
3 4 191
10
4 3 4
1 4 142
2 1 168
2 6 297
3 5 89
4 10 239
9 2 138
9 8 257
10 7 269
10
2 4 107
7 2 237
3 4 164
10 7 265
7 9 207
1 10 55
3 5 66
8 2 44
6 3 80
10
1 9 216
6 1 50
8 1 46
1 4 44
8 10 283
1 2 268
7 4 69
3 6 211
5 4 213
10
3 2 181
2 4 235
1 2 112
3 6 221
1 5 153
8 2 36
9 3 221
7 6 268
1 10 154
10
6 9 293
7 9 111
9 4 153
7 3 265
9 10 124
7 1 270
4 2 201
5 1 199
4 8 248
10
2 5 233
9 2 204
9 4 284
4 3 294
5 1 206
3 7 10
3 8 46
4 10 145
6 10 20
10
5 4 190
1 5 113
3 4 174
3 6 166
5 8 170
2 1 40
5 7 238
5 9 74
4 10 79
10
7 5 79
2 5 238
7 6 208
9 2 224
6 10 298
9 4 280
5 1 74
3 4 11
9 8 74
10
3 2 71
4 3 295
9 3 197
4 10 137
4 8 241
2 7 172
8 1 228
6 7 284
5 1 277
10
1 5 259
1 6 53
8 6 50
4 5 71
8 7 228
9 8 216
7 2 154
8 3 55
6 10 142
10
4 3 131
3 9 248
10 4 279
4 1 21
7 1 213
9 6 107
6 8 281
1 5 225
7 2 96
10
5 6 191
1 6 197
4 1 52
3 5 244
9 4 33
10 5 35
2 4 132
7 10 194
5 8 261
10
2 5 151
4 5 269
9 5 59
9 10 96
1 5 80
6 4 117
3 4 101
8 3 294
5 7 214
10
2 3 89
8 2 99
6 8 259
8 5 168
4 5 266
6 10 68
8 1 61
10 9 202
7 9 178
10
1 4 116
1 9 57
4 10 252
9 2 40
9 3 102
7 4 22
4 8 128
10 5 216
6 5 222
10
3 6 257
9 3 88
3 8 13
4 8 209
3 10 261
6 2 53
9 7 220
6 1 237
7 5 203
10
2 7 134
1 7 33
1 5 86
7 8 210
9 1 3
1 3 300
2 6 231
4 7 238
10 9 103
10
10 3 169
10 7 105
7 6 139
3 8 223
5 6 87
2 7 58
9 6 254
9 4 75
1 6 262
10
5 1 237
10 1 216
1 3 42
9 10 132
2 9 138
4 1 110
7 10 249
8 4 237
8 6 214
10
2 5 90
5 7 23
2 10 90
10 4 74
10 9 21
1 9 225
3 5 119
10 6 217
8 9 203
10
10 4 201
10 9 200
3 10 146
10 8 210
6 3 288
1 3 131
2 10 103
2 5 286
6 7 180
10
3 9 84
9 6 60
1 6 41
10 3 153
5 1 203
5 7 230
9 8 280
4 5 63
10 2 216
10
3 4 231
2 3 65
3 6 21
4 8 63
5 4 182
2 7 51
6 10 105
1 6 237
7 9 110
10
3 2 73
7 2 238
8 2 248
7 6 261
4 8 297
10 7 174
2 1 3
7 9 170
5 2 32
10
8 1 8
7 8 29
3 8 7
5 7 66
7 6 245
6 10 253
5 4 65
6 9 285
2 4 84
10
9 1 284
9 5 56
1 8 103
1 10 117
1 4 287
4 7 158
5 6 197
10 2 129
9 3 154
10
8 10 137
8 3 50
6 10 265
3 4 175
9 6 191
4 1 39
10 5 175
10 2 100
9 7 221
10
10 8 23
8 2 33
1 2 292
7 2 285
8 9 213
1 3 293
9 4 257
5 7 89
6 5 286
10
5 9 113
9 4 211
7 5 89
6 9 174
7 2 271
2 10 29
8 6 32
10 3 95
1 6 195
10
3 6 290
10 3 157
5 10 86
8 6 251
4 3 79
10 7 180
3 9 292
1 9 51
9 2 78
10
7 6 142
6 10 67
6 1 243
4 1 270
7 8 173
9 1 22
5 8 156
2 8 275
1 3 60
10
1 9 70
1 4 91
9 3 41
4 2 168
1 6 210
8 1 297
5 3 196
8 10 30
10 7 12
10
3 8 95
4 3 33
3 2 186
9 8 214
6 8 187
9 7 241
5 6 21
6 1 80
10 6 132
10
3 10 82
1 3 268
10 8 92
3 2 42
2 4 115
5 2 29
9 4 253
1 6 237
7 10 38
10
10 9 30
9 3 154
6 3 62
6 7 69
3 5 153
8 7 191
1 9 60
4 9 179
2 8 182
10
9 3 61
1 3 36
1 8 41
9 6 289
10 8 269
8 2 158
3 4 291
5 4 259
4 7 281
10
5 7 146
7 1 10
5 4 33
9 1 21
4 2 281
7 6 99
8 4 161
10 8 260
3 7 127
10
1 4 86
9 1 263
8 1 166
8 5 10
2 4 299
2 7 51
5 6 174
4 3 294
10 5 176
10
8 1 30
1 3 61
2 3 60
3 9 298
5 1 75
1 6 70
7 9 217
3 4 97
10 1 113
10
10 3 154
8 3 260
10 7 164
9 3 116
2 3 87
6 2 1
9 1 4
4 9 28
5 4 175
10
9 6 140
9 4 140
8 4 10
1 8 252
8 7 3
10 8 292
4 3 268
4 2 171
3 5 104
10
7 4 84
7 1 235
10 1 266
8 7 122
8 2 71
10 6 138
8 9 264
6 5 72
2 3 283
10
4 9 201
8 4 294
2 4 79
3 8 83
5 2 78
2 6 188
7 3 250
1 7 201
5 10 7
10
9 8 278
8 6 181
7 6 47
4 8 71
6 5 28
2 5 292
5 1 177
10 6 111
5 3 127
10
10 6 237
2 6 296
4 6 195
10 7 111
4 1 61
1 5 98
10 3 10
9 1 258
6 8 78
10
3 5 49
7 3 291
7 9 90
8 5 265
3 4 94
2 8 159
10 7 211
1 10 183
6 1 215
10
8 10 120
8 4 206
9 8 191
9 7 267
6 9 208
6 3 100
5 8 137
2 8 50
5 1 26
10
6 2 51
2 4 293
4 5 37
8 5 3
1 8 121
9 6 235
7 9 160
3 8 187
10 8 131
10
1 2 274
1 3 239
5 2 162
4 3 6
5 9 180
2 10 213
1 7 128
6 2 219
3 8 20
10
3 10 228
3 5 61
9 3 6
10 1 275
3 2 166
2 7 241
9 6 198
8 10 135
5 4 213
10
10 4 111
4 9 222
5 10 137
10 1 4
4 7 18
6 5 198
10 2 284
7 8 239
1 3 173
10
5 4 190
10 4 175
4 2 177
7 2 32
6 4 63
7 1 299
3 6 254
5 9 50
8 5 88
10
10 1 202
8 1 57
10 7 57
1 4 206
1 6 168
2 1 145
10 9 121
10 3 161
4 5 120
10
5 9 17
8 9 36
6 5 68
2 6 257
7 5 177
8 3 5
10 5 232
3 1 289
4 1 58
10
4 10 191
10 3 7
9 10 36
9 5 298
8 5 299
1 3 294
6 8 60
7 5 151
2 1 253
10
6 1 119
2 1 52
6 7 82
4 1 253
1 8 145
9 6 196
4 10 143
3 9 291
5 1 157
10
4 3 47
2 3 143
1 2 171
6 2 102
7 1 220
5 6 149
10 2 282
7 8 55
5 9 111
10
10 2 256
10 7 96
10 1 178
2 9 58
9 4 3
9 6 180
1 3 85
8 6 79
5 3 207
10
9 3 252
3 8 122
9 4 284
9 6 47
4 7 132
2 7 28
9 5 244
7 1 263
8 10 162
10
6 4 278
2 6 299
6 5 35
2 8 235
10 5 157
6 9 163
2 3 297
1 9 116
7 6 191
10
10 7 291
6 7 146
5 10 81
7 3 210
9 3 60
1 10 250
9 4 283
3 8 158
2 7 113
10
7 1 158
7 2 294
1 8 153
8 5 242
2 9 12
6 9 295
3 9 96
8 10 297
2 4 300
10
7 8 151
7 5 244
7 10 15
1 8 23
8 3 48
9 10 49
2 1 25
4 10 26
6 5 131
10
6 4 204
2 4 66
3 2 292
2 8 224
1 4 155
4 10 213
9 8 175
5 4 235
1 7 266
10
7 9 49
9 4 204
6 7 73
6 1 266
4 3 38
7 5 107
7 10 172
9 2 82
8 7 262
10
4 5 103
3 5 118
5 2 91
2 7 177
1 3 97
7 6 297
7 8 229
4 10 85
2 9 242
10
5 7 242
4 7 212
7 2 84
1 4 22
6 5 90
5 10 14
8 7 290
3 5 278
5 9 217
10
6 3 217
6 10 252
10 7 143
8 7 129
1 8 41
10 2 127
10 5 193
9 1 268
5 4 50
10
5 8 138
5 7 9
4 5 26
3 5 132
3 9 265
3 6 101
8 10 44
8 1 238
1 2 44
10
9 10 203
9 3 275
9 4 178
10 6 133
4 8 226
1 3 225
2 6 71
9 7 22
5 9 154
10
5 7 255
9 5 41
2 5 75
5 10 62
3 9 235
1 7 153
8 7 173
6 2 12
4 5 216
10
4 10 283
4 5 170
10 3 243
1 3 154
5 6 111
7 3 91
8 6 103
3 2 15
9 2 152
10
5 6 261
6 4 142
7 4 217
4 9 113
9 3 166
7 10 263
3 1 2
3 2 247
8 6 103
10
4 10 248
2 10 114
10 5 94
9 4 247
3 5 146
9 1 91
10 8 114
6 5 209
5 7 225
10
3 2 168
2 10 171
2 4 38
5 4 145
3 9 227
3 7 112
6 2 54
8 6 113
1 6 86
10
8 9 1
1 9 286
4 9 129
8 3 237
10 3 191
5 3 145
2 10 231
4 7 221
1 6 46
10
7 10 79
8 7 200
8 6 143
9 8 142
1 8 84
3 8 159
5 6 156
1 4 185
9 2 17
10
10 1 184
8 10 224
4 1 280
5 4 247
7 5 209
4 3 50
10 9 77
5 2 241
1 6 89
10
1 7 128
10 1 189
7 2 97
7 6 278
5 6 80
6 8 134
10 4 233
3 5 52
9 4 15
10
3 4 269
6 4 70
6 1 251
1 7 96
10 1 263
6 5 121
7 9 68
2 4 77
5 8 43
10
9 1 23
2 1 207
9 5 284
2 8 262
9 7 101
4 8 165
10 2 273
3 7 60
4 6 57
10
8 3 250
2 3 90
1 8 33
6 1 186
5 1 162
1 7 40
7 4 216
10 7 190
4 9 62
10
5 10 102
2 10 111
4 5 44
9 2 105
8 4 53
7 5 122
6 2 87
8 3 117
1 3 30
10
1 5 20
3 5 204
9 1 241
10 1 17
1 8 13
6 9 71
4 3 180
1 2 57
7 9 193
10
8 1 179
4 1 119
4 9 183
4 2 74
6 8 172
10 1 190
8 7 29
5 10 1
3 5 72
10
8 5 11
7 5 46
8 3 280
5 4 20
7 2 150
8 1 101
5 10 86
7 6 127
9 4 39
10
6 2 97
7 2 257
7 1 139
4 7 94
6 8 208
2 3 278
1 10 253
6 5 273
7 9 101
10
1 4 171
1 10 199
4 3 61
1 9 119
9 6 187
5 10 53
7 9 26
2 4 123
8 3 51
10
10 5 41
10 1 67
2 5 190
4 2 275
10 6 141
2 8 101
3 1 146
4 7 18
8 9 279
10
3 9 227
9 5 84
5 1 186
2 9 13
7 3 202
7 4 264
6 1 161
8 1 192
10 8 152
10
4 7 178
4 2 69
2 6 145
10 7 199
3 7 83
9 2 138
8 6 47
1 9 26
5 9 25
10
3 8 3
3 7 100
9 7 207
2 3 158
2 1 292
10 2 199
5 10 12
5 6 41
1 4 255
10
5 3 101
6 5 278
4 6 289
3 8 9
7 8 295
6 10 13
3 9 64
8 1 85
2 3 148
10
10 2 57
2 8 129
10 6 187
8 4 222
8 1 246
3 2 149
6 5 200
9 1 22
3 7 200
10
9 4 234
3 9 294
3 1 31
2 3 49
8 1 268
1 10 185
7 2 215
6 7 140
5 1 232
10
4 3 104
3 8 147
2 4 119
5 8 88
7 5 62
8 9 273
3 6 276
10 2 27
1 7 216
10
9 5 124
9 8 188
8 7 56
5 3 167
7 10 95
10 1 177
6 5 171
9 2 124
4 6 144
10
10 9 258
9 8 243
5 8 174
10 7 133
8 3 233
8 4 193
7 1 231
7 6 216
2 10 59
10
5 4 49
4 10 275
2 10 40
5 3 203
10 8 22
9 4 243
7 8 50
1 2 166
9 6 84
10
3 4 161
1 4 23
2 4 180
5 3 238
1 7 32
5 10 208
8 5 96
6 7 250
7 9 293
10
2 9 170
9 4 37
6 9 2
3 2 280
6 5 63
7 6 153
10 5 78
3 1 122
10 8 21
10
8 6 17
1 8 87
6 2 139
10 6 184
1 4 182
5 6 139
9 2 59
5 3 12
7 4 89
10
6 2 103
8 6 77
10 2 244
9 10 188
8 4 61
9 1 181
7 6 260
3 8 85
5 4 245
10
9 10 104
4 9 40
10 6 135
10 7 237
2 4 27
7 3 202
8 6 261
2 1 270
5 3 27
10
3 10 218
10 4 190
9 10 154
9 8 132
8 7 107
5 8 92
1 9 95
4 2 20
3 6 181
10
8 3 278
7 3 255
6 8 231
3 5 237
3 4 56
2 4 209
9 2 78
7 1 82
10 8 93
10
2 9 297
9 10 223
10 5 239
7 5 248
10 3 66
8 2 159
4 10 113
1 9 99
10 6 33
10
6 1 45
1 8 60
1 4 218
10 6 154
8 7 244
4 2 214
2 9 58
5 10 108
3 9 197
10
1 5 38
2 5 298
4 5 199
5 10 160
8 2 157
9 10 61
1 3 241
6 1 183
7 2 196
10
6 7 33
10 7 23
7 5 233
6 1 35
4 1 40
4 3 57
4 9 218
8 4 53
2 9 174
10
1 5 18
5 6 129
8 1 51
7 6 46
8 9 130
7 4 299
3 1 138
10 9 207
1 2 188
10
6 8 106
8 10 120
3 8 165
7 8 195
8 9 293
1 8 221
4 6 257
8 2 45
5 10 237
10
8 5 170
6 8 212
2 5 122
8 3 73
9 2 53
4 2 127
10 4 272
1 6 264
6 7 112
10
4 5 125
6 4 74
7 6 54
1 4 176
3 7 34
7 9 25
6 10 254
6 8 287
2 10 130
10
3 6 259
10 3 64
6 1 240
9 3 72
7 3 168
2 6 271
3 5 276
4 9 254
5 8 253
10
6 8 190
4 6 233
4 7 152
9 6 5
3 8 132
1 6 275
5 4 27
2 4 205
3 10 80
10
8 5 257
5 2 171
2 3 238
10 8 231
6 5 223
10 9 142
7 9 160
4 10 175
3 1 227
10
7 9 79
9 6 229
6 5 91
7 3 155
1 6 260
2 7 98
7 8 257
4 9 105
9 10 125
10
9 10 295
6 9 48
9 5 281
6 4 93
2 10 221
1 4 294
3 9 198
3 8 82
2 7 290
10
2 9 65
9 8 28
3 8 161
4 3 285
5 9 16
10 8 108
1 5 276
3 7 61
4 6 169
10
7 10 174
7 2 119
7 6 134
7 4 250
6 8 103
8 1 275
3 10 245
4 9 233
10 5 100
10
8 3 37
8 7 127
6 8 69
10 3 120
9 8 162
6 1 171
6 4 199
7 5 141
1 2 31
10
5 6 212
9 5 81
9 8 225
9 7 253
1 6 110
4 7 58
3 5 228
2 3 95
10 9 209
10
3 1 135
8 1 193
6 1 108
8 2 90
8 4 11
7 8 34
10 7 260
3 5 103
9 2 232
10
9 3 124
4 3 273
9 7 209
10 7 287
7 6 57
4 2 84
8 4 124
8 1 249
2 5 260
10
2 10 92
2 4 69
2 3 55
3 8 123
4 5 90
6 10 176
6 9 166
7 4 32
1 3 107
10
7 1 259
1 5 85
1 8 126
10 5 228
6 10 73
3 5 160
9 6 72
6 4 125
7 2 24
10
4 2 172
2 3 50
10 4 285
2 8 11
10 6 113
10 5 137
6 1 252
9 4 209
7 2 152
10
10 1 31
1 7 92
4 10 5
1 2 14
4 8 46
5 4 142
6 8 74
8 3 208
9 6 256
10
4 7 152
7 8 50
9 8 77
4 2 18
10 8 231
8 1 53
1 3 218
6 8 285
6 5 46
10
1 7 247
1 4 255
3 7 69
10 1 271
7 9 35
7 2 7
8 4 38
7 6 131
5 9 262
10
6 10 265
9 6 53
9 5 271
5 4 189
7 6 154
9 1 73
4 3 71
2 6 74
8 3 170
10
9 5 166
5 4 295
4 1 219
4 7 107
4 10 192
4 3 106
1 2 33
6 1 236
2 8 227
10
1 4 162
4 3 109
4 6 276
2 6 1
8 4 104
1 10 131
7 10 29
5 2 36
4 9 196
10
3 2 297
1 2 295
4 3 104
8 2 192
6 3 233
2 9 93
7 2 280
10 7 58
5 3 197
10
9 4 260
2 4 30
2 6 122
7 6 48
4 3 77
3 1 120
2 10 26
5 1 253
3 8 278
10
2 1 152
1 6 54
7 6 146
5 7 110
4 1 53
10 4 288
9 1 71
2 8 82
3 4 59
10
2 7 43
7 6 151
4 7 249
2 3 212
10 6 288
2 1 10
9 2 4
8 3 167
4 5 161
10
5 7 294
3 5 201
3 6 54
4 7 58
4 8 195
1 4 58
10 4 188
5 2 37
8 9 116
10
1 8 49
2 1 17
2 5 160
8 6 296
8 4 254
2 10 249
9 10 140
9 3 211
8 7 40
10
10 5 169
1 5 213
1 4 5
6 1 120
3 6 137
6 8 204
7 4 106
9 7 230
2 10 180
10
7 10 7
8 10 268
2 10 201
1 2 87
2 6 155
3 8 203
9 8 188
5 10 58
4 10 279
10
4 7 207
9 7 212
9 5 130
5 1 184
10 7 267
4 8 184
3 1 217
2 5 275
9 6 92
10
7 5 35
7 10 40
1 7 273
7 2 187
5 9 120
8 2 202
5 3 139
5 6 271
4 8 64
10
4 2 28
4 3 125
7 2 233
9 4 146
1 7 228
3 5 67
6 2 205
3 10 26
8 2 129
10
10 1 157
10 7 175
5 7 98
2 1 83
10 6 52
3 5 190
1 4 58
9 2 291
7 8 152
10
8 5 50
2 8 34
5 6 91
9 2 230
1 2 230
7 8 146
1 3 199
7 4 251
10 6 112
10
3 4 260
4 5 106
2 4 7
1 4 241
3 8 1
3 6 222
9 4 27
9 7 46
10 3 113
10
3 7 190
7 5 113
5 1 285
8 7 158
8 9 138
1 2 37
5 4 236
10 8 36
9 6 283
10
7 6 50
7 10 53
6 2 90
5 2 19
5 3 231
3 9 103
1 5 19
8 5 210
1 4 173
10
5 4 198
5 10 96
5 6 122
6 1 52
2 5 180
8 10 183
9 1 110
7 4 71
5 3 217
10
9 10 112
8 9 292
3 8 212
10 6 216
7 10 264
2 8 174
9 5 26
5 4 62
5 1 291
10
10 8 295
7 10 31
10 2 296
7 5 299
1 8 130
10 6 284
2 4 168
9 2 64
1 3 292
10
2 7 181
7 4 57
7 5 103
9 5 45
6 2 32
10 6 12
1 6 134
1 8 227
3 4 145
10
8 3 164
3 2 153
8 1 197
2 7 195
10 7 180
8 6 23
9 3 273
5 2 21
8 4 283
10
2 8 296
7 2 272
1 2 10
9 1 233
10 8 11
10 3 234
3 5 76
6 1 106
4 3 176
10
7 10 194
9 7 105
10 3 282
3 6 285
5 6 179
5 4 185
8 3 144
1 6 69
2 8 109
10
9 10 129
9 3 290
8 9 106
2 8 176
10 7 242
1 9 78
4 3 285
6 7 47
4 5 231
10
3 6 131
3 4 44
8 6 135
5 8 204
6 9 80
2 5 136
1 5 170
4 10 167
7 1 117
10
4 9 108
9 6 172
4 7 176
2 7 96
9 8 85
7 1 109
2 10 226
5 9 92
1 3 138
10
5 8 186
6 8 205
7 5 227
6 1 176
4 8 10
9 6 141
8 2 277
10 4 281
4 3 64
10
7 9 222
7 1 47
7 6 275
4 7 143
4 8 138
7 10 35
5 8 11
3 10 53
2 10 183
10
7 10 105
10 9 5
4 7 283
6 9 228
9 1 68
2 1 243
3 1 269
5 3 216
8 5 79
10
2 1 221
8 2 41
1 5 296
3 8 48
3 10 101
1 4 200
4 7 265
8 6 218
1 9 37
10
4 6 126
6 1 8
4 3 172
2 3 161
6 10 158
8 2 267
8 7 296
2 5 132
5 9 219
10
10 7 225
6 10 203
6 3 50
4 6 101
3 1 241
2 3 282
7 5 145
8 5 134
9 8 254
10
3 6 163
3 2 151
3 5 203
1 5 47
10 1 182
4 6 252
9 1 111
1 7 298
7 8 209
10
6 2 247
6 7 38
2 3 87
2 8 122
3 4 234
7 5 275
3 10 229
8 9 146
9 1 218
10
4 8 95
7 8 220
6 7 215
7 3 61
1 6 39
10 8 171
7 5 228
9 7 219
10 2 225
10
10 3 168
10 7 175
8 7 41
5 8 88
5 9 234
9 6 13
8 4 91
8 2 33
3 1 137
10
10 7 33
10 1 182
2 1 9
4 1 169
7 6 130
2 5 278
8 7 6
1 9 189
6 3 15
10
4 1 112
5 1 203
1 7 237
4 9 5
9 8 97
7 3 88
2 1 3
6 4 107
7 10 94
10
8 7 84
1 8 79
7 10 148
2 7 197
6 10 4
5 7 90
1 3 221
4 10 64
9 1 276
10
2 10 293
10 7 291
2 5 5
8 5 264
7 6 115
10 9 127
1 2 236
3 2 201
6 4 111
10
2 6 265
5 2 287
2 3 122
3 9 79
7 3 88
5 1 294
2 10 230
8 7 150
5 4 127
10
6 9 295
10 6 57
1 9 65
9 5 187
2 10 63
7 9 43
4 2 271
3 5 289
7 8 256
10
2 3 280
7 3 22
2 10 78
3 4 2
10 5 163
1 7 15
3 8 81
6 3 114
9 2 64
10
8 3 79
3 1 92
9 1 92
5 3 4
1 6 229
9 2 52
8 10 59
8 4 121
2 7 156
10
10 3 259
3 7 108
1 3 276
7 8 240
5 7 200
5 6 127
8 9 161
4 6 23
3 2 106
10
9 6 175
1 9 59
9 10 84
4 9 297
7 10 260
9 3 212
10 8 224
6 5 50
5 2 27
10
5 1 25
5 4 66
2 4 186
3 1 114
8 5 296
6 3 272
10 1 299
9 5 4
5 7 84
10
10 2 151
2 7 22
3 10 243
3 4 116
1 3 5
6 1 146
10 8 49
9 1 222
6 5 101
10
1 3 292
8 1 236
3 7 19
5 3 241
2 8 233
3 6 76
4 5 287
10 1 49
9 3 57
10
6 4 42
8 6 252
7 8 29
10 7 90
10 3 191
9 3 238
7 1 96
4 2 41
10 5 51
10
1 6 249
1 4 15
4 9 170
4 5 238
10 1 120
3 1 186
1 8 31
7 5 288
1 2 276
10
9 8 241
8 6 131
10 6 97
4 9 134
8 5 120
6 2 184
4 1 119
3 4 227
4 7 228
10
9 8 113
9 7 11
8 4 8
9 10 14
6 10 95
5 6 207
1 5 212
2 7 92
3 5 156
10
3 1 288
6 3 242
7 1 195
5 6 51
7 4 185
4 8 152
10 5 16
9 3 114
2 5 116
10
3 7 117
10 7 153
3 9 225
5 10 37
7 1 143
8 1 157
8 6 229
9 2 96
4 6 209
10
8 6 193
8 7 84
4 8 96
5 6 70
6 3 36
2 7 24
5 10 119
10 1 91
9 4 47
10
9 1 96
2 1 208
1 6 153
3 1 12
5 1 116
8 6 89
7 5 256
4 8 168
10 6 283
10
4 9 240
4 8 18
9 5 268
7 8 208
3 8 88
5 10 8
2 4 3
3 1 262
6 8 278
10
1 10 264
5 10 150
10 7 207
2 10 207
3 1 70
5 6 253
9 1 280
8 10 281
3 4 54
10
9 5 257
8 5 216
3 8 61
8 6 277
7 9 271
7 4 8
5 2 41
7 10 191
1 4 291
10
6 9 138
6 8 176
7 9 128
10 7 251
8 4 129
9 1 8
8 3 77
4 5 209
2 10 6
10
7 4 264
4 2 172
7 1 25
2 10 22
2 9 23
1 3 264
5 1 131
2 8 190
6 5 62
10
5 7 149
9 7 209
1 5 101
10 7 288
2 1 277
7 6 211
1 3 67
8 2 122
4 1 24
10
9 10 64
9 4 183
8 9 249
10 5 193
1 10 258
1 3 3
8 2 118
7 10 115
4 6 108
10
7 2 257
2 9 177
1 2 258
7 4 127
4 5 261
8 2 30
6 9 281
10 7 62
1 3 157
10
1 8 209
10 1 297
2 8 196
2 5 297
10 6 95
7 2 68
9 1 47
7 3 67
2 4 282
10
7 8 165
8 1 67
1 10 194
5 10 278
10 9 117
2 7 8
4 10 289
9 3 145
6 9 147
10
5 3 245
5 2 48
5 10 56
5 7 175
7 8 57
1 7 253
4 1 210
9 10 242
6 1 47
10
2 9 186
3 2 50
7 9 14
2 10 103
1 3 263
3 6 46
2 8 99
4 1 94
5 7 288
10
1 10 89
1 9 140
8 9 140
5 8 94
7 1 31
2 8 40
7 4 40
9 6 169
3 4 238
10
8 9 163
10 9 123
9 2 148
8 1 260
5 2 103
9 7 53
7 3 67
5 6 295
4 5 249
10
10 8 211
8 6 296
1 10 231
1 5 231
5 3 253
9 8 267
6 2 235
4 5 137
2 7 1
10
2 9 245
8 2 59
9 10 283
7 2 39
4 9 80
5 4 185
3 9 278
6 3 101
1 6 2
10
1 10 28
7 10 135
10 2 292
7 6 186
8 2 144
4 2 146
3 7 163
6 9 187
5 4 50
10
4 2 280
9 4 163
8 9 98
9 1 129
8 7 242
9 6 216
6 10 83
2 5 81
3 5 174
10
1 9 73
6 9 173
7 1 275
1 4 137
6 8 89
3 4 183
5 3 123
6 2 169
10 6 300
10
7 5 165
5 4 128
1 5 44
10 5 126
4 6 31
3 4 23
2 3 236
9 3 136
2 8 4
10
4 5 143
3 5 197
5 10 237
4 6 182
6 8 118
3 2 22
7 10 39
9 5 25
8 1 221
10
6 3 3
3 8 219
1 3 204
5 3 31
2 1 64
1 7 177
4 3 17
10 7 211
2 9 230
10
7 3 63
4 3 162
5 4 233
1 4 101
3 6 111
9 1 40
8 1 285
8 2 220
10 4 197
10
7 8 4
6 8 166
6 10 273
4 6 235
8 2 216
5 4 280
9 10 128
10 3 132
1 4 221
10
2 6 39
2 5 153
6 9 160
2 8 95
9 1 68
2 7 135
10 7 287
5 3 48
10 4 272
10
4 9 250
9 5 63
9 7 191
1 5 129
1 10 157
1 3 42
2 10 93
4 8 111
1 6 250
10
3 2 264
2 5 251
5 1 227
10 5 266
5 4 163
10 6 53
4 7 106
1 9 79
10 8 84
10
7 8 185
8 3 220
6 7 7
4 6 6
4 9 234
9 10 228
10 2 175
8 1 111
8 5 211
10
4 6 42
4 1 171
3 6 98
9 4 231
5 9 45
2 3 258
8 2 272
4 10 265
3 7 84
10
1 8 242
1 10 36
3 8 5
2 3 91
4 10 27
7 10 246
1 5 107
6 4 95
9 10 215
10
2 1 197
1 10 117
9 1 164
3 2 216
8 2 171
8 7 120
2 6 139
7 5 147
4 9 186
10
6 8 211
6 2 24
10 2 91
2 7 30
6 3 158
4 8 153
1 10 79
4 5 123
9 2 246
10
6 5 18
5 3 259
9 6 147
4 5 175
5 8 271
10 6 47
6 7 11
2 8 298
10 1 143
10
8 6 174
8 2 180
1 8 222
2 4 285
5 4 63
5 10 198
2 9 145
10 3 108
7 8 101
10
5 7 68
5 10 153
10 1 252
4 5 3
4 2 16
4 8 50
3 4 200
4 9 231
6 4 69
10
9 5 89
5 1 183
2 1 92
7 2 23
7 4 127
4 10 142
4 3 173
6 9 64
8 6 1
10
5 7 46
5 8 95
7 6 94
4 5 76
1 6 254
3 4 95
1 2 167
10 2 156
7 9 123
10
4 10 164
10 5 21
6 5 161
5 3 25
7 3 299
1 4 168
6 2 207
9 4 29
8 9 43
10
7 9 85
6 7 293
7 1 207
1 10 220
10 4 72
5 10 271
4 2 188
3 10 105
2 8 187
10
6 5 200
10 6 25
2 6 220
5 9 275
1 2 68
1 4 79
7 4 63
8 6 197
4 3 6
10
7 2 199
9 7 247
9 8 102
9 5 22
4 9 196
2 1 6
9 3 50
9 10 283
3 6 241
10
6 9 189
9 8 179
1 8 117
8 5 26
4 9 240
7 9 138
3 9 152
7 2 197
2 10 249
10
4 5 149
9 5 262
5 7 181
7 2 266
5 10 77
4 3 1
1 7 125
8 4 82
6 1 40
10
2 1 76
1 5 208
5 3 117
1 4 274
1 9 4
8 4 38
7 9 52
10 5 34
9 6 195
10
1 3 158
10 3 21
2 10 47
2 7 154
2 4 169
9 2 235
8 10 150
6 10 244
8 5 93
10
3 5 160
5 2 231
2 4 24
10 5 138
7 4 174
6 5 32
3 8 78
9 3 291
1 4 75
10
8 7 143
2 8 181
10 8 95
6 8 138
7 4 24
5 4 234
7 9 46
8 1 21
3 4 70
10
8 1 54
6 8 180
10 6 129
8 3 187
7 6 291
6 2 74
6 9 162
4 6 249
5 3 233
10
5 10 104
8 10 276
8 1 137
10 3 209
6 5 266
7 1 241
9 1 28
5 2 295
4 5 49
10
4 9 166
6 9 134
9 1 186
3 6 111
6 2 22
6 10 234
8 10 70
5 2 236
4 7 57
10
5 1 232
1 3 272
5 4 164
8 4 187
5 2 87
9 4 172
10 3 156
5 7 69
6 7 183
10
2 5 267
10 5 7
5 3 10
10 7 95
1 5 255
10 8 109
4 3 106
6 1 235
3 9 225
10
5 7 2
5 10 182
1 7 231
10 3 283
3 8 89
6 5 111
1 2 75
6 9 156
4 8 125
10
10 6 11
3 6 285
9 3 169
1 6 227
1 2 232
7 1 16
5 10 268
4 1 288
5 8 55
10
7 9 47
4 9 1
1 7 107
5 9 91
9 8 135
6 8 111
3 5 181
10 5 98
2 4 4
10
8 5 78
8 6 8
8 4 108
9 8 282
4 3 218
6 2 199
2 10 7
1 4 109
5 7 194
10
2 3 196
3 6 241
9 2 282
3 10 252
4 3 224
7 6 232
1 2 281
8 7 42
9 5 37
10
8 2 216
4 8 174
6 8 283
10 6 261
3 4 232
7 2 19
6 9 253
8 5 88
5 1 153
10
3 8 255
3 9 100
8 5 166
7 8 243
9 6 119
3 2 272
8 10 267
7 1 42
4 6 225
10
6 9 199
2 9 99
8 2 246
2 10 244
10 3 35
5 9 266
4 2 91
10 7 115
4 1 234
10
6 5 21
6 7 299
2 7 124
1 7 121
4 5 198
6 9 86
10 9 133
3 7 238
2 8 259
10
7 3 98
7 4 295
6 7 122
9 4 216
1 9 79
4 5 220
5 2 240
10 7 54
8 4 33
10
9 5 282
9 2 272
5 3 146
1 3 226
10 2 108
4 3 87
8 4 262
7 8 126
6 7 91
10
1 8 204
8 10 92
8 9 143
6 9 237
9 3 45
7 10 181
3 2 19
6 5 242
4 5 51
10
7 2 203
7 3 30
7 1 55
4 2 119
4 8 114
4 6 246
3 5 167
2 9 259
10 5 77
10
5 2 224
2 6 108
5 10 220
10 8 149
7 2 200
4 6 132
1 6 243
6 3 103
6 9 157
10
9 10 294
10 3 18
9 7 93
7 4 124
7 1 197
10 6 253
2 9 274
1 8 250
7 5 143
10
8 2 239
3 8 27
3 4 58
10 8 205
8 6 150
3 7 228
1 3 101
9 10 107
5 3 223
10
6 4 195
4 1 143
5 6 256
6 10 229
4 9 295
6 7 9
9 8 222
7 2 168
7 3 296
10
9 7 196
3 9 267
9 4 170
10 7 145
5 10 179
1 4 297
2 9 141
6 9 86
8 6 291
10
7 6 166
7 9 265
6 2 133
5 9 9
10 7 279
7 4 125
1 9 27
3 6 278
8 5 284
10
6 7 104
7 4 129
7 8 273
5 8 43
9 6 13
8 2 123
9 10 218
4 1 277
3 9 253
10
6 10 195
6 5 222
10 2 148
3 2 150
6 4 108
7 2 88
10 8 225
4 1 126
9 3 189
10
2 1 186
7 2 231
2 3 141
2 10 224
2 4 169
7 9 188
6 7 297
8 7 288
2 5 112
10
10 3 179
2 3 75
3 5 234
3 8 6
1 5 90
6 3 129
9 10 298
1 4 191
7 5 143
10
5 8 25
5 1 81
8 6 131
8 10 19
1 3 248
10 7 147
4 5 161
5 9 119
2 3 37
10
3 5 188
9 5 45
8 5 147
3 1 203
10 3 121
1 6 120
8 2 18
7 6 82
8 4 21
10
6 3 135
6 9 72
2 9 79
5 2 115
7 5 4
2 8 289
6 1 195
5 10 156
4 1 223
10
9 2 86
7 9 202
7 10 202
7 3 24
3 8 76
3 5 164
1 7 139
6 7 293
4 3 185
10
4 1 202
4 7 195
3 1 83
6 4 293
2 6 54
8 4 70
10 8 21
7 5 16
9 8 113
10
5 6 251
5 4 38
10 5 178
6 2 54
4 3 202
9 2 215
2 8 181
1 3 183
8 7 238
10
8 3 25
4 8 187
4 6 13
2 6 72
3 7 276
10 6 273
7 5 254
3 1 215
9 5 40
10
2 8 219
4 8 286
4 7 20
5 8 242
7 10 291
4 1 20
3 10 135
4 6 161
3 9 74
10
3 2 151
2 10 237
1 3 273
10 5 199
6 1 177
6 7 206
6 4 98
9 3 50
8 1 183
10
2 8 260
8 5 258
7 2 4
6 7 277
6 1 21
7 3 192
9 6 252
2 4 86
10 4 283
10
3 1 147
2 3 56
7 2 113
9 3 101
9 5 209
10 5 38
3 6 5
9 8 112
3 4 75
10
8 7 138
9 8 159
6 9 103
10 8 95
6 4 176
4 5 267
3 9 47
1 4 104
6 2 150
10
2 8 202
8 5 32
2 7 26
8 1 249
4 1 101
6 5 295
4 9 160
4 3 154
7 10 154
10
4 10 170
10 6 297
6 8 13
4 5 246
2 8 39
9 10 155
1 8 249
9 7 119
3 8 75
10
1 6 277
1 10 128
6 9 35
9 4 114
9 8 21
3 1 17
7 6 100
2 3 164
2 5 237
10
5 8 25
5 10 211
2 5 15
3 2 238
4 5 245
7 8 14
10 6 277
9 4 77
3 1 182
10
4 10 91
3 10 212
8 3 270
3 9 38
6 9 64
7 10 223
1 8 59
1 5 59
2 8 299
10
5 9 193
3 5 39
8 9 229
5 10 80
9 6 15
3 7 105
1 6 37
4 3 48
7 2 112
10
5 4 180
2 5 50
2 9 194
6 5 64
5 10 212
2 3 110
4 7 291
8 4 201
6 1 225
10
9 5 158
1 9 212
5 8 86
9 6 98
7 9 97
8 4 49
9 3 29
2 8 38
10 5 254
10
8 3 72
7 3 126
8 9 131
9 6 131
5 6 167
7 10 118
2 5 128
4 2 139
1 2 9
10
9 3 244
6 9 25
10 6 182
10 5 54
10 7 173
3 1 203
7 2 197
7 4 140
8 1 299
10
8 1 271
1 7 241
5 8 22
7 9 258
8 6 174
5 10 6
10 3 150
4 6 85
4 2 37
10
4 7 220
1 4 248
4 10 90
1 3 171
5 4 235
2 7 156
8 1 155
9 4 213
5 6 25
10
4 1 138
2 4 235
8 2 4
4 3 118
1 10 87
6 3 227
9 4 25
5 10 5
3 7 68
10
7 4 114
5 7 87
7 1 43
1 6 248
3 6 213
9 6 78
8 5 222
2 5 1
2 10 289
10
1 5 285
5 10 183
7 10 147
5 3 129
9 1 166
3 2 100
4 7 51
8 2 104
6 7 129
10
5 8 155
5 1 242
7 1 18
8 6 291
8 9 210
3 9 300
2 8 11
10 9 263
4 2 40
10
9 1 14
1 4 267
4 7 178
1 8 64
7 2 153
3 8 90
8 10 176
6 9 273
8 5 95
10
3 9 217
9 6 201
4 6 228
10 6 134
4 5 223
4 1 238
2 5 252
8 3 173
7 3 246
10
9 5 130
4 5 185
7 4 179
5 8 244
7 6 232
10 8 114
3 5 126
2 3 214
1 4 263
10
1 8 273
5 8 225
4 1 16
9 5 297
1 7 160
4 6 268
2 6 265
2 3 197
4 10 95
10
6 7 161
7 1 21
9 7 257
9 10 137
7 4 171
4 2 191
3 10 273
9 5 78
8 4 96
10
5 10 126
10 8 157
2 8 119
1 8 258
10 9 210
2 4 166
4 7 278
6 8 190
3 5 30
10
4 5 215
4 7 296
7 3 267
2 4 100
2 8 168
4 1 62
10 1 40
1 9 283
6 7 128
10
6 1 65
6 10 2
10 7 42
4 10 245
8 1 179
3 7 256
5 7 159
8 2 76
8 9 282
10
10 5 229
8 5 225
8 3 78
7 3 61
4 5 288
9 5 202
1 9 66
6 10 298
3 2 261
10
2 9 154
10 2 180
6 10 153
9 4 109
3 4 215
9 1 271
9 7 193
7 5 90
10 8 200
10
9 8 77
6 9 275
1 6 220
2 6 31
8 4 19
2 7 6
9 10 160
6 5 53
1 3 161
10
8 6 198
9 8 3
8 7 56
4 7 148
2 6 22
10 9 193
3 6 235
5 2 198
1 3 36
10
6 4 124
4 7 202
6 5 1
10 5 227
2 6 288
3 10 119
6 9 18
8 6 107
1 2 61
10
8 2 21
5 2 10
5 6 1
9 6 186
7 8 160
4 6 296
1 7 236
10 8 56
3 9 60
10
2 6 227
2 9 297
6 3 3
1 9 187
6 7 229
3 4 52
5 2 3
10 2 165
8 1 242
10
4 10 6
4 3 7
1 3 149
8 3 144
4 5 290
8 9 273
7 4 30
2 5 98
3 6 82
10
10 6 289
8 10 166
8 4 22
5 10 139
4 1 158
6 7 68
8 2 231
4 9 11
9 3 212
10
1 10 64
3 1 237
10 9 283
6 9 169
10 5 128
2 6 190
2 4 37
8 3 112
4 7 8
10
3 10 217
5 10 289
5 2 109
4 10 167
1 2 65
2 7 265
6 1 291
6 9 227
8 2 81
10
3 6 260
3 1 122
1 8 98
4 6 72
5 8 166
10 8 9
6 2 244
9 2 49
7 10 26
10
8 5 47
6 8 158
10 8 279
5 7 55
4 8 107
1 8 78
4 2 225
3 1 224
9 1 212
10
6 8 103
4 8 74
8 1 210
9 6 102
7 4 38
2 9 51
6 3 98
7 5 7
3 10 266
10
1 7 228
9 1 38
7 10 100
5 7 285
3 10 265
6 5 137
2 6 228
4 7 128
8 4 180
10
2 4 52
7 4 70
8 7 277
1 4 102
5 1 209
3 5 100
10 3 231
6 8 147
3 9 140
10
10 9 204
2 10 239
1 9 290
1 6 144
3 6 153
4 9 83
8 3 84
5 2 213
10 7 235
10
2 1 227
1 9 11
5 1 186
1 7 165
1 8 58
4 7 1
7 6 3
7 3 98
10 6 111
10
5 4 292
5 3 178
3 6 4
7 5 189
9 7 128
10 9 3
7 8 157
6 1 132
9 2 198
10
4 9 58
9 8 190
5 8 1
7 8 73
2 4 206
9 1 195
5 3 80
3 6 113
10 7 199
10
4 9 48
4 8 191
7 8 175
5 7 102
8 10 147
10 2 111
10 3 68
1 5 109
6 2 204
10
8 4 139
10 4 216
9 4 133
3 9 192
2 8 100
7 2 233
5 4 40
8 6 217
1 8 28
10
8 5 46
5 1 56
3 8 285
5 10 154
1 9 229
1 6 175
3 2 174
4 5 15
6 7 74
10
9 10 252
10 5 293
4 5 127
6 5 195
5 2 263
3 10 32
9 1 172
7 4 256
4 8 182
10
7 10 116
7 1 72
1 2 106
5 7 195
4 2 259
6 4 139
8 5 39
3 1 12
8 9 58
10
2 7 254
9 7 288
1 2 255
1 8 54
5 2 176
1 10 278
3 9 274
7 4 127
5 6 9
10
10 9 2
3 9 279
10 8 75
10 7 87
4 7 44
8 1 30
7 2 183
1 5 34
8 6 274
10
6 7 54
6 5 211
6 10 17
2 6 39
6 1 145
7 3 164
6 9 243
5 8 60
3 4 36
10
10 7 300
10 8 204
9 7 99
6 9 257
1 8 195
3 7 261
10 5 88
5 2 73
10 4 102
10
7 8 33
1 8 189
10 1 230
8 5 257
3 10 67
5 6 280
8 4 155
10 2 217
7 9 45
10
10 4 69
2 4 259
3 4 245
2 9 237
8 3 76
2 6 94
9 5 139
8 1 65
2 7 24
10
6 5 163
6 9 172
2 6 110
5 8 72
8 1 288
3 9 198
3 7 45
1 4 49
10 2 169
10
2 3 248
2 8 52
3 5 264
6 8 170
8 9 15
2 1 221
10 3 98
3 4 112
7 8 14
10
6 7 216
4 7 258
5 4 85
3 4 247
10 4 209
4 1 283
9 6 5
9 2 223
4 8 15
10
3 1 187
3 9 169
1 10 200
10 2 85
8 3 108
7 3 55
9 5 58
6 5 271
1 4 223
10
5 3 73
6 3 217
3 7 7
9 6 177
9 8 187
7 4 84
1 7 104
4 10 257
7 2 300
10
3 4 280
1 3 17
6 3 162
3 10 239
2 10 299
4 9 188
10 7 119
5 3 245
1 8 258
10
6 5 220
5 2 148
2 8 191
8 9 116
4 9 32
3 6 247
7 5 220
1 9 49
10 8 180
10
10 9 116
2 9 187
4 10 137
8 2 181
3 9 174
5 4 165
4 7 3
1 7 137
6 3 125
10
6 3 101
6 5 194
2 5 182
2 1 240
5 4 10
5 10 107
7 6 110
8 7 23
8 9 13
10
2 10 142
10 9 25
3 2 234
4 9 56
5 4 116
5 6 171
7 2 88
2 1 175
8 7 202
10
3 8 120
8 2 282
2 5 190
6 8 166
1 5 35
7 1 35
9 3 101
7 10 61
6 4 212
10
1 2 129
7 1 292
10 1 31
5 7 111
8 1 15
6 1 187
3 8 27
6 9 108
9 4 197
10
6 2 39
6 8 45
6 4 258
4 3 57
8 9 168
7 6 240
8 10 21
7 1 13
9 5 73
10
10 6 220
9 10 152
1 9 216
8 10 295
3 6 213
8 2 276
9 7 150
4 9 200
2 5 104
10
9 2 130
9 1 157
9 7 163
7 8 290
9 5 297
10 7 122
4 10 47
1 3 173
1 6 40
10
9 6 25
10 9 16
9 2 200
4 6 93
10 1 285
8 9 232
7 10 93
7 3 92
8 5 72
10
4 8 271
8 10 238
10 7 49
4 3 139
3 9 117
8 5 121
10 6 200
1 10 261
7 2 105
10
7 3 284
10 7 218
10 2 100
3 1 148
2 9 29
5 3 161
6 9 129
9 8 64
7 4 165
10
2 1 234
1 10 282
9 2 279
7 10 52
10 6 164
3 9 131
4 1 203
7 5 17
8 9 37
10
4 5 142
7 5 121
1 7 139
4 10 249
1 9 144
2 4 88
8 9 51
8 3 55
3 6 279
10
4 8 241
4 2 22
7 2 27
4 3 218
5 7 132
4 9 222
1 7 256
6 5 55
2 10 125
10
9 2 25
2 7 127
5 7 241
2 1 232
10 1 296
8 5 151
10 4 149
3 4 178
6 4 64
10
6 8 89
1 8 274
5 1 108
2 5 42
8 3 19
9 2 98
2 7 251
5 4 247
10 7 188
10
10 7 236
4 7 73
10 1 43
5 10 63
9 1 108
10 2 115
2 8 275
2 3 275
6 10 93
10
3 4 227
3 6 123
6 7 194
4 5 77
7 9 38
9 10 177
1 4 221
2 6 192
8 3 183
10
3 10 281
3 8 37
6 3 74
6 7 241
9 6 102
1 8 284
5 8 290
2 5 39
3 4 201
10
3 7 65
7 2 208
6 2 101
7 5 22
5 10 224
8 3 96
1 3 241
7 9 247
10 4 138
10
10 6 44
6 5 101
9 10 33
8 10 286
8 7 51
5 2 139
4 7 172
3 2 1
7 1 216
10
1 2 211
5 2 54
7 1 42
2 6 95
6 4 288
8 6 169
10 1 11
5 3 264
9 10 190
10
8 9 198
1 9 104
10 1 68
7 9 148
7 3 24
5 3 10
4 3 276
7 6 61
8 2 92
10
2 1 33
9 1 77
8 1 287
5 9 148
8 3 202
8 10 240
4 5 231
7 4 138
3 6 124
10
1 7 165
1 9 183
2 1 255
8 7 164
4 2 147
3 8 11
10 3 103
5 9 95
6 1 105
10
6 3 83
3 2 244
2 1 203
8 2 248
7 2 204
7 10 162
10 4 53
9 1 241
5 2 169
10
6 1 45
1 7 81
2 6 133
8 2 279
2 5 73
7 10 140
9 2 64
4 9 289
9 3 96
10
6 9 34
6 2 122
8 9 280
3 8 132
7 9 190
10 6 259
1 10 250
2 5 34
4 8 42
10
9 1 130
1 5 188
9 3 207
7 1 192
5 4 7
6 7 101
10 7 277
2 4 1
8 5 188
10
9 1 26
9 5 102
9 7 4
1 10 154
6 7 218
1 4 70
10 3 133
8 4 236
2 5 229
10
10 5 24
10 4 253
7 4 182
3 7 260
6 3 190
8 10 40
5 2 248
1 8 253
2 9 201
10
2 10 222
1 10 240
10 7 269
7 4 103
8 4 221
7 5 228
4 6 121
1 9 142
3 4 290
10
7 4 170
7 5 87
2 4 33
10 5 44
8 4 197
9 2 215
1 4 246
6 2 238
5 3 86
10
3 10 151
1 3 264
1 5 278
3 8 164
6 5 39
9 10 76
1 2 112
4 3 116
7 4 238
10
6 3 60
6 8 70
3 5 74
4 8 258
7 8 22
5 2 24
9 5 33
5 1 74
10 9 122
10
3 4 185
2 4 227
2 10 248
5 2 289
2 7 3
1 10 161
6 5 168
6 8 190
5 9 124
10
8 2 256
8 1 163
10 8 70
7 8 106
2 3 218
8 4 299
10 5 79
6 10 80
1 9 71
10
10 9 296
6 10 128
5 6 121
10 4 294
1 9 226
10 8 160
3 1 125
2 1 22
7 4 107
10
7 10 297
10 9 189
7 8 255
7 6 126
3 8 121
9 1 296
10 4 244
8 5 279
6 2 202
10
8 9 129
6 8 255
6 5 175
8 1 51
7 6 275
3 1 81
9 2 243
6 10 32
4 8 112
10
3 6 126
3 10 244
1 3 288
6 9 177
4 9 35
10 5 239
1 2 157
7 6 280
9 8 204
10
6 7 268
9 7 276
6 10 140
4 6 156
7 2 219
9 8 80
6 1 170
1 3 106
8 5 250
10
2 1 275
6 2 41
1 3 231
3 9 166
7 6 92
5 2 48
8 9 285
10 1 141
3 4 99
10
8 3 73
5 3 75
3 4 131
3 10 83
5 9 120
6 8 154
2 5 237
1 5 205
7 9 217
10
6 10 128
10 1 40
10 2 252
4 6 293
7 10 93
5 6 46
2 3 85
10 8 140
8 9 42
10
4 8 148
4 2 235
1 2 82
8 3 216
7 2 51
2 10 154
5 3 219
6 8 210
4 9 75
10
4 9 266
7 4 214
9 10 294
9 2 193
8 7 273
9 3 98
10 1 228
8 5 32
6 3 203
10
6 7 146
9 7 155
2 9 8
6 1 285
7 3 113
4 2 235
10 2 92
6 8 105
5 10 37
10
8 5 107
3 5 57
8 1 191
3 7 188
7 2 179
10 2 136
2 6 34
10 9 5
3 4 56
10
1 8 231
1 5 110
8 6 150
6 4 277
1 10 108
7 4 261
8 2 63
9 6 28
3 2 74
10
9 7 178
8 7 251
9 6 26
3 9 273
6 1 247
9 4 77
2 7 265
7 5 133
10 3 171
10
10 4 50
7 10 96
1 10 3
10 9 269
8 7 177
10 3 264
6 4 237
1 2 199
5 10 130
10
6 8 17
8 1 79
4 6 160
4 2 21
1 10 265
6 3 53
1 9 287
9 5 170
1 7 72
10
7 10 220
10 1 74
10 9 22
3 10 132
4 9 45
8 10 37
7 6 68
5 9 186
2 3 243
10
7 10 90
9 7 161
6 9 161
9 5 198
3 7 285
5 8 241
9 2 47
2 4 103
1 8 64
10
7 3 207
7 4 184
5 4 167
2 4 241
3 9 1
4 6 5
10 5 16
1 6 262
8 2 285
10
10 7 176
6 7 211
6 8 59
8 9 236
2 6 248
2 4 90
2 1 259
5 9 88
2 3 265
10
1 8 22
1 10 146
8 5 47
3 1 86
7 8 17
8 6 189
4 6 167
2 6 19
9 7 8
10
8 1 209
10 8 204
6 8 64
10 5 177
10 2 127
1 3 212
7 2 49
4 1 14
2 9 56
10
1 6 298
6 5 39
8 6 151
7 8 176
10 5 288
7 2 76
6 4 188
9 8 171
8 3 47
10
5 2 196
5 4 82
1 2 286
2 10 74
10 8 132
1 3 22
5 6 123
1 7 145
7 9 14
10
2 9 202
10 9 201
9 5 209
9 7 247
9 8 132
3 5 244
9 6 248
9 4 72
1 5 292
10
3 9 171
7 3 254
1 3 201
5 1 206
7 2 141
6 2 77
8 1 272
2 4 22
8 10 168
10
5 6 96
5 1 32
5 9 251
1 7 150
7 3 61
2 9 222
4 9 290
10 3 202
8 2 97
10
6 4 179
6 10 174
6 5 184
9 10 119
8 10 29
1 5 34
7 5 147
2 4 60
3 2 38
10
1 6 239
3 6 28
10 6 33
6 8 241
4 8 59
3 2 106
9 3 257
5 2 131
7 10 284
10
1 9 135
3 1 210
9 8 251
2 9 245
1 7 262
7 5 49
6 3 133
10 7 59
8 4 145
10
4 5 291
1 4 212
7 5 252
3 7 33
6 1 237
6 8 192
1 9 115
2 3 280
10 9 280
10
4 1 204
8 4 84
10 4 130
7 8 242
5 4 86
3 5 163
9 10 142
6 5 68
5 2 49
10
7 9 18
8 7 192
3 9 88
9 4 66
6 3 40
1 9 101
5 4 25
4 2 53
7 10 288
10
5 7 239
5 6 167
6 3 76
4 7 40
5 10 288
10 1 298
10 2 197
8 2 92
9 2 282
10
7 10 129
8 10 192
7 6 208
5 6 215
3 8 207
2 3 24
9 3 277
1 6 48
8 4 70
10
5 10 32
6 5 179
7 10 207
1 10 161
3 7 111
7 8 36
5 4 253
9 6 215
2 7 277
10
2 10 223
2 3 138
5 3 120
10 7 183
6 7 154
2 1 218
5 9 42
1 8 88
9 4 262
10
3 1 152
7 3 252
7 6 145
3 10 131
7 4 295
5 10 216
7 9 33
8 5 98
2 3 228
10
4 5 97
7 4 146
7 6 171
10 4 242
2 10 180
1 7 193
4 9 136
8 2 55
6 3 100
10
5 3 195
5 10 84
7 3 44
7 2 114
8 7 110
8 4 166
7 9 55
6 5 256
1 10 76
10
8 3 3
10 8 61
10 9 182
7 8 146
9 2 135
6 3 159
7 4 210
5 7 189
1 8 144
10
4 7 272
10 4 34
5 4 234
10 9 65
3 9 223
5 8 65
6 3 196
2 4 41
5 1 159
10
10 2 204
9 2 277
2 8 10
2 5 224
2 7 79
3 10 76
3 4 37
6 10 261
9 1 190
10
1 2 244
10 2 160
2 5 223
8 10 81
6 8 169
4 1 101
7 8 132
9 10 132
3 10 247
10
8 9 219
3 8 233
8 4 96
9 10 195
6 8 126
3 1 95
5 3 43
2 8 109
7 5 200
10
8 6 145
7 6 293
8 10 36
10 5 26
10 2 254
1 6 167
4 10 169
9 8 28
3 4 48
10
7 1 283
2 7 95
1 4 175
4 9 138
2 5 238
6 1 22
6 10 87
9 8 138
10 3 14
10
3 4 166
3 6 37
1 6 55
2 3 208
6 10 290
8 3 129
4 7 99
6 9 89
5 9 274
10
3 7 106
9 7 115
7 1 133
3 4 252
8 4 227
6 9 55
3 5 263
7 10 223
2 3 110
10
4 5 38
4 7 49
5 9 130
4 3 278
10 5 7
2 9 187
6 7 20
8 6 216
6 1 68
10
2 9 155
9 8 94
9 5 43
4 8 115
2 10 300
2 1 100
7 1 114
9 3 17
8 6 172
10
10 7 169
8 7 37
2 8 234
6 2 1
2 3 198
5 10 238
4 6 128
5 9 214
9 1 264
10
2 10 172
2 6 161
8 6 71
1 6 233
7 1 264
9 2 128
3 7 207
4 1 65
9 5 95
10
6 2 218
10 2 146
10 9 24
3 9 49
7 10 233
8 7 92
5 7 249
4 7 12
10 1 111
10
10 7 50
10 3 76
6 7 279
6 9 216
1 7 4
7 8 20
8 4 1
4 2 218
3 5 63
10
9 2 279
1 9 285
9 10 9
6 1 7
7 2 254
5 7 23
8 2 29
8 3 116
7 4 205
10
3 5 71
3 10 24
6 3 256
4 6 234
5 2 298
8 4 160
7 5 85
1 6 77
4 9 64
10
10 8 280
8 4 45
8 3 183
4 7 13
3 5 266
1 7 260
6 3 171
1 9 281
10 2 8
10
9 2 188
9 4 278
2 10 127
6 2 64
6 8 96
10 7 83
10 5 145
3 8 274
2 1 256
10
9 6 61
9 8 180
8 4 139
10 8 272
7 4 196
6 2 244
10 5 164
8 3 2
1 3 22
10
6 10 110
6 9 156
5 10 4
6 3 178
1 9 209
5 2 165
4 9 186
7 10 68
8 9 269
10
8 7 44
1 7 249
6 8 236
5 8 163
1 10 241
1 3 212
2 3 277
9 5 209
4 8 7
10
3 9 33
9 10 287
9 1 23
3 2 171
9 5 201
8 5 264
6 8 193
7 9 137
4 2 190
10
4 5 69
4 8 3
4 3 285
3 9 237
3 2 115
7 9 298
5 10 128
10 6 196
1 4 165
10
2 8 167
2 6 159
6 10 72
8 5 10
3 6 93
6 7 96
1 7 124
3 9 196
4 3 151
10
4 8 222
8 6 56
8 3 243
1 8 204
8 9 19
7 4 243
10 4 176
7 5 20
4 2 224
10
3 2 177
3 8 183
3 9 27
3 7 150
4 9 14
10 4 250
7 5 184
6 7 6
8 1 211
10
8 6 208
6 4 249
6 5 234
10 8 199
2 8 129
1 6 216
7 5 135
3 1 173
1 9 104
10
8 3 169
8 2 83
3 1 224
5 8 85
8 7 220
5 10 292
7 6 92
5 9 95
4 2 2
10
8 6 137
9 6 248
2 9 14
6 4 26
5 6 73
7 5 42
1 7 205
9 10 223
3 2 39
10
10 4 16
4 3 188
5 4 40
6 5 215
7 10 16
10 1 200
1 8 140
4 2 218
9 1 114
10
7 1 217
7 6 138
7 2 54
4 6 297
5 7 174
4 9 292
3 5 62
8 4 49
5 10 194
10
5 10 47
10 8 273
8 6 270
1 5 60
6 4 32
6 7 187
9 5 145
3 8 66
9 2 184
10
3 1 48
10 1 76
1 9 238
9 8 83
4 1 245
1 5 36
1 7 206
6 8 201
2 8 160
10
3 5 9
5 10 46
9 10 88
3 2 227
7 9 174
10 8 67
9 6 61
4 6 31
1 7 150
10
10 1 5
10 3 136
7 3 155
6 7 228
7 5 135
3 8 189
7 9 186
4 8 95
7 2 280
10
7 4 295
5 7 93
10 5 2
5 1 17
7 6 168
7 8 206
1 2 1
9 10 239
1 3 94
10
6 7 47
7 9 240
2 6 235
6 1 4
3 1 255
8 9 199
10 9 66
1 5 43
4 3 298
10
7 1 267
9 7 277
1 2 21
9 6 4
4 2 269
3 7 179
7 10 25
8 6 123
2 5 280
10
8 4 170
8 9 52
9 1 220
7 8 100
1 5 221
7 6 95
10 8 121
3 7 223
8 2 48
10
7 1 31
1 2 37
7 10 50
2 6 159
2 8 61
6 4 257
4 3 203
2 9 51
5 2 34
10
5 2 175
5 1 34
1 6 211
10 6 24
1 4 240
5 9 226
3 1 193
3 7 76
2 8 63
10
9 6 248
6 10 100
3 10 135
1 9 225
9 5 157
7 5 97
8 5 111
2 9 181
10 4 216
10
5 7 181
5 2 148
3 2 68
6 3 200
1 2 140
9 5 224
5 10 170
9 4 141
8 10 57
10
4 7 132
7 5 104
7 8 35
7 3 249
10 5 187
5 9 149
10 1 176
2 4 39
4 6 7
10
10 1 89
9 1 171
9 4 221
8 10 258
5 4 191
1 2 47
3 4 181
6 10 66
7 5 102
10
8 9 188
9 3 104
5 3 204
4 3 122
2 3 236
5 6 276
6 10 102
1 6 151
5 7 239
10
3 1 146
1 5 4
4 1 169
7 1 115
5 9 250
10 5 145
10 8 21
2 5 224
6 1 50
10
4 7 183
9 4 76
4 2 115
6 7 137
3 2 245
9 5 115
2 1 195
9 8 81
8 10 21
10
8 10 252
9 10 136
8 7 160
8 3 235
7 4 70
6 9 137
2 6 274
7 5 150
3 1 62
10
8 7 169
7 10 27
7 3 21
5 3 292
6 10 39
9 8 255
1 6 227
10 4 32
2 8 283
10
7 6 150
3 7 231
9 7 87
10 9 75
4 9 162
4 2 77
4 8 208
1 6 78
8 5 12
10
10 4 242
8 4 41
8 2 280
5 2 278
1 5 135
9 8 182
4 3 5
6 9 181
7 8 294
10
5 4 219
5 2 280
5 3 266
8 5 215
5 10 21
1 8 128
7 1 65
6 2 9
9 5 260
10
8 3 89
2 8 86
3 7 194
5 8 138
3 9 156
10 2 161
7 6 145
4 5 58
5 1 198
10
2 8 231
2 9 41
9 3 19
10 2 105
3 5 201
10 4 262
1 3 165
6 4 216
10 7 54
10
3 8 148
3 2 139
4 2 160
8 5 239
1 2 31
1 9 176
10 2 24
5 7 9
6 8 168
10
8 7 219
4 7 247
10 4 126
9 8 36
5 10 283
10 6 179
2 9 241
3 6 209
7 1 245
10
3 8 106
10 8 118
1 8 102
2 1 116
2 5 114
6 3 236
2 9 107
4 5 124
8 7 111
10
10 9 145
9 4 282
10 1 62
2 10 201
8 1 290
10 5 257
7 8 83
3 5 116
6 9 34
10
3 2 141
8 3 32
4 3 154
1 8 134
10 8 184
7 2 268
9 8 38
8 6 243
8 5 67
10
1 4 63
4 7 141
7 8 121
4 10 233
4 3 54
2 10 299
10 6 7
4 9 225
2 5 170
10
7 4 148
4 8 174
7 3 272
3 5 264
4 2 79
10 8 78
2 9 173
7 1 105
6 9 138
10
9 10 29
10 6 69
6 5 99
9 3 10
8 6 242
1 5 234
5 2 91
4 8 281
7 9 192
10
6 10 195
10 1 99
3 10 187
3 8 47
4 10 13
1 9 185
6 2 234
7 10 92
2 5 287
10
2 1 204
9 2 115
7 1 270
7 10 141
4 1 246
8 10 66
3 9 129
4 6 70
5 6 65
10
2 7 54
7 8 130
6 7 207
6 9 245
10 7 149
5 8 75
2 3 283
5 1 10
1 4 72
10
3 8 74
8 10 88
7 10 226
8 2 36
5 7 1
8 1 22
9 2 76
6 8 275
4 2 273
10
3 7 60
3 1 275
7 9 29
1 8 218
5 3 17
10 3 120
7 4 163
6 9 112
2 5 191
10
8 3 64
2 8 278
9 2 163
4 9 205
1 9 85
5 1 216
5 6 106
10 4 192
7 2 92
10
2 10 246
8 10 210
8 6 86
7 8 26
2 3 222
7 9 81
4 9 241
3 5 233
7 1 156
10
6 4 139
4 10 255
6 2 139
2 5 21
7 5 201
8 6 211
5 1 54
9 5 40
3 4 115
10
5 6 244
2 5 152
10 2 23
9 5 183
3 6 198
5 7 8
10 1 4
10 4 217
9 8 24
10
6 3 180
4 6 275
7 3 70
10 6 245
4 1 214
4 8 38
10 9 31
2 9 143
5 2 234
10
5 8 12
8 9 84
8 4 40
5 6 246
4 2 50
8 7 241
4 1 284
3 8 2
10 4 208
10
5 10 12
10 1 141
9 5 284
9 6 125
8 9 225
3 9 94
9 4 90
5 2 289
7 10 73
10
3 4 10
2 3 80
3 5 170
8 4 268
9 4 268
6 4 19
10 4 126
7 9 50
7 1 56
10
2 8 71
2 6 202
1 2 246
9 8 177
9 3 44
4 1 201
6 5 232
10 2 144
7 10 205
10
5 10 153
4 5 42
7 10 296
2 7 201
6 2 264
9 7 33
1 6 68
5 3 158
8 1 17
10
7 4 248
4 3 103
1 4 120
10 1 57
4 2 25
10 8 178
2 6 85
5 1 214
4 9 169
10
7 9 179
7 4 9
9 3 161
8 7 253
10 9 131
7 6 90
5 8 98
2 6 5
1 5 94
10
4 9 222
9 10 36
10 1 66
8 1 117
1 7 149
6 1 53
3 9 246
5 6 167
2 7 116
10
1 4 283
2 4 242
4 10 141
1 3 37
1 9 226
3 5 167
10 8 194
7 10 234
9 6 25
10
7 8 99
7 6 230
7 9 141
7 5 33
1 8 202
3 9 248
6 4 111
8 2 178
10 6 203
10
4 9 200
8 4 11
9 1 95
7 4 227
2 7 171
4 6 288
8 5 89
3 9 156
10 7 175
10
3 1 105
3 5 45
1 10 180
4 3 126
9 1 5
5 2 114
7 1 216
6 5 139
8 9 229
10
6 3 81
3 1 291
3 2 46
4 2 64
1 8 70
7 2 261
7 10 279
9 7 104
5 8 177
10
7 4 148
4 2 104
8 4 115
5 2 58
10 7 3
10 1 82
9 2 84
5 6 56
3 7 7
10
8 2 180
5 2 198
7 5 262
2 4 212
5 6 51
1 6 242
1 3 43
8 10 197
9 7 284
10
4 8 14
4 6 250
6 3 19
4 7 46
6 10 97
9 4 120
10 2 148
10 5 19
1 2 152
10
5 8 12
10 8 148
5 3 298
1 3 128
3 6 146
5 7 277
4 10 40
9 4 235
2 7 93
10
8 6 249
10 8 122
8 5 297
6 1 166
5 9 282
7 6 33
9 4 173
3 7 42
2 10 124
10
1 5 15
5 6 108
1 9 122
9 3 1
6 7 164
4 9 93
4 2 289
10 2 25
8 7 197
10
8 10 144
9 8 284
6 10 150
6 3 109
1 6 207
6 7 121
4 7 185
10 5 21
2 9 151
10
7 6 238
1 6 145
3 6 180
9 6 182
5 6 147
2 1 132
4 1 116
8 7 210
3 10 192
10
3 6 176
10 6 300
3 4 289
2 3 221
8 4 15
3 9 130
10 7 23
6 5 230
3 1 231
10
4 7 152
4 1 109
1 5 180
7 8 139
8 6 208
6 2 2
9 8 204
9 3 234
1 10 26
10
4 7 67
7 1 148
2 1 253
4 8 256
4 9 17
7 5 287
6 7 115
3 8 130
10 3 130
10
3 10 163
3 9 172
2 10 135
3 1 116
9 5 173
10 7 198
2 6 70
8 2 15
4 1 84
10
3 9 288
10 9 157
9 5 204
6 10 292
9 4 284
1 10 250
10 8 150
8 2 298
6 7 240
10
7 6 145
1 6 194
8 1 218
9 8 104
6 2 106
2 3 201
2 5 8
5 4 197
2 10 9
10
3 7 263
1 7 109
8 3 83
2 1 153
4 1 148
5 4 258
6 8 284
10 3 158
1 9 120
10
6 2 162
10 2 36
10 1 270
8 10 61
5 1 257
4 1 55
5 3 44
6 9 259
7 5 38
10
3 8 265
10 3 146
2 10 102
10 9 106
10 7 27
7 6 110
9 1 129
4 7 129
2 5 184
10
8 6 115
6 5 103
8 4 209
4 2 274
1 4 226
5 9 43
10 1 234
1 7 229
3 9 215
10
8 4 88
8 3 185
3 5 291
2 8 84
5 6 2
8 9 142
5 1 175
3 7 83
8 10 91
10
1 2 265
5 1 258
3 2 165
2 8 99
4 3 66
4 6 215
6 7 134
9 1 114
10 4 4
10
7 4 274
9 7 181
8 7 214
6 4 162
3 9 30
9 1 241
10 8 65
2 9 80
5 4 39
10
1 6 227
6 5 45
3 1 170
5 4 50
4 2 289
5 8 177
10 4 85
2 9 267
7 3 216
10
4 3 168
9 3 169
3 10 56
6 10 128
3 5 203
5 8 271
1 5 23
2 4 129
4 7 241
10
1 5 169
5 2 189
3 1 272
2 9 152
10 5 119
6 1 195
2 4 19
7 1 175
6 8 300
10
6 4 223
4 8 53
8 1 48
8 9 228
10 4 68
2 6 55
7 10 83
8 3 52
5 1 107
10
4 8 219
5 8 63
10 5 72
10 2 74
4 7 202
9 8 53
9 6 272
1 4 17
7 3 208
10
8 2 108
2 4 15
10 8 131
6 4 252
1 8 116
9 6 235
5 10 227
3 1 88
5 7 11
10
10 6 87
6 5 299
1 10 127
2 6 255
3 2 54
4 10 292
10 8 9
9 4 263
3 7 105
10
7 10 66
6 7 80
6 8 249
6 9 95
2 8 178
2 5 201
8 4 22
6 3 33
1 6 5
10
5 1 3
1 3 112
1 7 120
6 3 130
9 7 121
8 3 51
1 4 30
10 7 104
3 2 219
10
7 10 238
7 6 131
10 2 240
3 10 80
2 4 70
1 4 165
7 9 27
5 10 114
5 8 208
10
2 4 85
6 2 294
6 8 221
2 5 99
2 1 75
3 5 19
6 10 221
9 5 3
7 2 117
10
10 6 172
6 4 247
10 9 234
5 4 97
10 3 197
8 4 198
2 9 270
7 6 295
1 2 53
10
4 8 97
10 4 23
10 7 273
7 6 132
7 3 83
9 10 189
5 9 234
6 2 50
8 1 257
10
4 7 277
8 7 173
10 7 79
5 4 183
2 5 265
9 4 242
6 7 128
6 1 116
1 3 217
10
3 4 236
1 3 289
10 1 276
3 8 239
6 3 77
10 2 151
5 6 95
7 5 141
9 8 47
10
7 10 148
7 1 93
9 10 247
1 3 229
4 7 216
9 6 32
6 2 130
6 8 162
6 5 160
10
4 5 92
7 5 70
2 4 4
3 7 233
8 2 216
8 6 107
7 10 28
10 1 48
9 5 246
10
7 5 200
7 10 161
10 4 20
1 10 120
1 2 182
1 6 48
8 6 218
1 3 161
9 6 273
10
5 4 274
1 5 5
3 4 242
10 3 117
5 2 295
8 1 262
4 9 101
9 6 235
6 7 255
10
1 10 292
1 7 162
9 1 173
8 1 179
1 5 217
10 6 160
4 9 55
9 2 54
2 3 235
10
9 2 7
6 9 61
6 4 84
5 4 196
2 8 244
6 7 255
3 4 280
1 3 201
10 5 184
10
10 6 23
9 10 284
9 3 35
6 1 263
1 4 187
8 1 87
7 1 225
5 9 72
10 2 212
10
6 4 50
5 6 14
6 2 246
8 4 31
4 3 160
1 5 6
7 3 207
9 4 133
10 3 95
10
6 2 76
8 2 20
8 4 86
2 3 236
8 1 98
7 2 290
5 1 135
1 9 240
10 9 42
10
4 7 248
9 7 132
4 10 278
4 6 86
10 5 103
9 1 196
3 10 121
8 9 95
7 2 149
10
10 8 10
8 2 289
6 8 167
9 8 149
8 5 150
3 5 108
5 1 236
4 6 118
7 8 15
10
3 8 90
4 3 139
7 8 159
6 7 221
3 9 55
1 9 213
3 2 169
10 9 151
5 9 161
10
10 9 234
9 5 232
9 6 292
1 9 230
10 4 120
4 7 257
1 2 204
10 8 292
9 3 146
10
4 9 114
9 6 82
7 6 31
7 10 30
8 10 26
1 10 187
10 3 36
8 2 236
5 7 230
10
9 1 118
4 9 122
4 3 57
3 5 129
3 8 42
5 10 234
2 9 262
3 7 281
6 5 171
10
9 4 176
10 9 170
9 5 82
3 9 104
9 1 89
7 10 69
6 5 63
5 2 157
8 4 163
10
7 4 182
4 9 30
9 10 105
1 7 273
3 1 106
9 2 133
8 7 65
6 7 270
4 5 31
10
7 4 27
6 7 183
7 9 43
9 10 192
2 6 91
2 3 34
8 10 90
1 7 40
2 5 115
10
9 10 263
2 9 204
10 4 165
10 1 271
3 4 81
1 7 24
4 5 156
6 1 52
10 8 237
10
6 10 101
8 10 233
6 9 229
6 4 125
6 2 157
5 6 18
9 3 115
2 1 257
9 7 294
10
1 8 8
2 8 116
4 1 142
4 5 105
7 2 159
4 10 276
6 5 269
1 9 118
8 3 24
10
5 3 194
3 9 179
5 6 80
3 10 6
10 4 54
2 10 3
8 4 67
1 4 201
7 6 147
10
4 6 49
5 4 252
9 6 73
10 6 158
3 5 173
8 10 23
2 10 213
5 7 38
1 7 146
10
6 9 9
6 10 39
10 2 94
10 8 207
1 10 170
9 5 231
8 7 99
3 9 42
4 7 129
10
6 5 23
6 7 6
6 4 175
10 7 151
4 3 33
7 8 239
6 9 52
2 4 112
4 1 69
10
1 9 233
9 10 48
4 1 171
6 9 53
7 10 254
10 5 245
1 2 186
10 3 114
8 7 82
10
3 5 250
9 3 236
5 8 118
8 6 128
10 6 285
1 6 237
2 9 269
8 7 157
4 6 184
10
4 10 25
4 5 222
1 5 269
3 5 84
8 1 189
6 8 204
4 9 71
3 2 27
7 5 196
10
4 9 1
10 4 174
3 10 123
2 9 226
10 5 198
6 5 112
8 10 88
8 7 120
1 2 240
10
9 8 143
8 4 92
8 6 214
4 5 262
6 7 211
2 9 217
4 3 183
1 3 217
8 10 189
10
3 1 272
4 3 168
3 2 253
9 2 206
7 2 282
7 8 69
6 4 29
6 5 218
10 8 222
10
8 5 113
10 5 145
3 5 39
3 4 257
1 10 223
4 6 285
4 7 94
1 2 113
7 9 102
10
1 3 235
3 9 251
3 6 87
3 8 158
10 1 199
4 1 4
9 5 175
2 5 73
6 7 194
10
9 5 166
9 1 75
5 6 227
8 1 6
7 5 178
5 10 88
9 4 45
3 5 105
6 2 269
10
2 5 81
8 5 41
9 8 13
5 6 123
1 8 209
10 5 96
4 2 30
3 8 254
10 7 45
10
5 10 11
10 9 79
9 1 264
2 10 79
3 10 292
3 6 287
8 5 271
1 4 215
3 7 48
10
9 1 78
9 5 169
9 8 154
9 3 8
2 9 112
3 4 253
7 5 133
10 1 141
5 6 41
10
9 3 122
2 3 68
5 2 81
9 6 182
1 2 289
5 10 100
7 2 177
10 4 188
8 10 226
10
7 1 193
1 4 20
6 4 145
3 1 24
3 8 60
9 7 7
10 3 96
5 10 199
2 7 236
10
8 9 10
9 5 167
5 3 116
1 8 63
7 5 3
1 10 205
2 9 78
4 7 40
1 6 274
10
5 9 43
8 9 177
4 9 274
10 8 135
6 10 279
9 3 123
2 10 259
5 1 265
6 7 198
10
6 3 278
9 3 83
9 10 239
6 2 187
2 7 197
10 4 205
5 6 274
8 9 210
2 1 190
10
8 4 26
8 1 84
8 6 237
9 1 3
6 3 117
5 4 175
7 6 104
2 5 192
10 8 15
10
4 6 252
6 5 182
8 5 95
1 6 8
7 6 257
4 2 241
6 10 31
9 6 72
3 8 37
10
5 4 254
5 9 119
1 4 167
7 9 190
3 1 113
6 7 16
2 9 258
10 3 229
8 3 199
10
10 1 218
4 1 109
10 7 271
6 1 273
4 8 77
5 10 284
2 6 115
3 7 69
9 5 5
10
8 7 11
8 1 12
10 8 240
6 7 7
6 3 275
4 3 61
6 5 136
9 4 87
2 1 20
10
1 7 200
7 4 210
5 7 262
10 4 244
1 2 211
7 3 242
7 9 225
8 7 44
6 4 201
10
7 2 191
2 8 107
9 2 287
2 3 253
8 1 48
10 8 128
4 2 64
10 5 275
6 8 46
10
7 1 148
7 5 203
7 6 113
2 7 140
6 8 228
10 7 5
3 5 192
2 9 19
8 4 266
10
10 6 91
6 9 61
4 10 76
2 6 273
10 5 14
8 6 147
4 3 45
1 10 250
6 7 35
10
2 1 178
4 1 180
2 7 231
6 2 149
7 10 118
9 4 114
3 9 182
4 8 73
5 3 172
10
6 5 136
5 1 281
6 10 35
9 10 221
8 6 27
2 8 117
2 3 47
4 2 133
7 2 67
10
2 9 163
9 3 277
3 4 111
9 1 146
2 6 260
1 7 21
1 8 205
10 4 217
5 1 152
10
4 3 188
3 9 192
10 9 299
5 9 158
9 6 94
9 1 158
7 1 41
8 1 225
2 6 12
10
1 4 231
1 8 97
4 2 285
7 8 235
1 6 2
8 9 162
3 2 242
5 2 155
7 10 55
10
2 4 146
5 2 270
2 7 94
5 9 296
7 1 218
4 6 182
5 8 265
3 6 226
3 10 190
10
9 10 85
10 6 217
6 7 298
3 9 47
5 7 81
7 4 254
6 2 274
2 1 122
4 8 274
10
6 4 293
6 2 197
7 6 85
4 9 84
2 8 289
9 5 300
9 10 190
6 1 53
5 3 47
10
2 8 270
1 2 181
2 6 259
9 8 5
4 8 260
7 8 247
10 7 215
3 9 128
5 1 285
10
6 1 107
8 6 281
1 4 294
10 6 140
6 3 295
6 7 19
10 5 218
2 10 273
9 2 182
10
4 5 1
4 3 122
4 10 114
1 3 73
10 9 291
2 10 103
3 7 177
6 9 222
1 8 53
10
5 10 158
10 2 255
5 6 231
5 3 209
6 9 184
1 3 38
5 7 161
9 8 128
7 4 262
10
10 3 84
9 3 142
6 9 35
7 10 178
5 9 136
10 8 281
8 1 209
7 4 95
6 2 217
10
10 4 221
1 10 297
5 4 209
1 9 68
8 4 79
7 10 198
3 10 107
3 2 148
10 6 271
10
10 7 217
5 7 276
7 6 163
5 1 170
3 5 100
1 8 198
2 10 246
4 6 113
6 9 260
10
5 9 86
3 9 87
5 1 78
4 1 36
9 7 266
2 7 37
10 5 101
9 8 93
1 6 175
10
9 5 64
8 5 54
3 8 19
3 1 178
10 8 100
3 2 277
8 4 289
8 7 155
6 4 87
10
7 10 298
10 8 193
9 7 54
7 5 285
2 9 276
4 9 23
3 4 140
8 6 153
1 4 25
10
4 5 58
2 5 55
1 5 46
3 4 226
5 7 198
9 4 131
10 2 152
6 3 151
8 4 207
10
9 7 130
9 8 280
10 7 286
5 9 277
10 6 259
6 2 260
3 10 58
4 8 219
1 7 119
10
2 4 126
2 7 288
10 4 178
3 7 181
2 1 203
8 2 80
6 10 282
5 2 52
7 9 9
10
5 8 216
8 2 94
5 10 157
1 2 85
7 8 206
9 5 80
1 4 132
6 9 55
3 4 250
10
10 3 134
3 6 131
4 6 149
2 4 138
3 1 204
9 10 146
8 4 182
3 7 289
5 1 135
10
2 7 161
9 2 141
2 6 275
2 5 124
1 7 291
10 9 140
10 3 97
4 6 251
8 9 219
10
2 8 124
2 10 284
7 8 289
3 8 241
7 1 160
4 1 131
5 8 131
9 5 16
3 6 242
10
9 8 110
4 8 77
4 2 85
8 5 207
9 6 142
9 7 169
5 10 27
3 6 136
3 1 259
10
9 1 225
1 10 29
9 4 15
1 3 211
10 2 265
1 6 106
9 8 165
5 2 45
7 4 213
10
2 1 123
10 2 74
6 10 253
2 8 80
9 1 104
8 7 87
3 7 45
9 5 123
4 1 105
10
7 6 290
7 1 297
1 10 143
8 10 231
8 9 141
2 1 86
5 8 179
3 5 24
4 6 286
10
7 4 61
3 7 237
4 6 256
1 4 121
5 4 119
3 2 208
3 9 97
10 1 140
5 8 47
10
6 7 138
7 5 196
8 7 198
6 4 127
2 7 186
6 10 280
4 3 23
1 7 201
9 3 293
10
4 8 75
9 8 100
9 5 162
3 4 173
9 2 46
7 8 142
6 3 263
5 10 282
1 7 204
10
4 7 47
7 10 157
8 10 187
2 4 51
3 7 115
9 10 155
5 9 23
3 6 47
6 1 238
10
7 9 213
10 7 81
6 10 111
1 6 258
3 9 52
8 7 141
1 5 206
2 1 124
2 4 95
10
5 8 160
5 4 85
5 10 248
8 3 133
10 7 121
5 6 94
7 1 71
9 4 297
9 2 200
10
9 3 267
9 2 297
2 8 81
2 7 8
1 3 71
3 6 243
4 7 18
5 9 212
5 10 188
10
5 7 53
7 4 70
1 5 142
6 1 70
7 3 214
10 3 251
9 4 286
3 8 218
2 4 138
10
7 1 157
7 3 73
1 9 134
9 6 150
1 2 245
1 4 2
3 10 119
5 7 177
2 8 235
10
2 6 251
6 5 45
1 2 126
1 9 152
4 1 33
9 10 113
10 3 175
8 9 283
7 5 2
10
4 5 220
5 2 78
8 4 251
1 5 219
4 6 244
1 7 223
3 8 275
9 6 138
1 10 44
10
1 8 259
7 1 95
8 10 37
10 9 220
10 2 62
5 8 140
6 9 41
9 4 136
3 6 283
10
10 9 90
9 7 108
9 3 92
10 1 295
6 3 128
3 8 223
2 7 246
1 4 69
1 5 153
10
7 8 167
8 5 50
9 8 36
3 8 10
1 5 49
4 3 196
10 4 137
10 2 66
1 6 191
10
10 2 18
2 6 189
5 6 35
9 10 100
8 10 182
2 4 91
4 7 44
2 1 298
3 8 179
10
3 9 70
6 3 255
6 4 287
3 5 92
5 8 36
3 2 283
10 9 176
7 2 15
10 1 74
10
5 7 1
5 3 249
3 6 139
1 6 204
4 7 31
10 6 95
2 5 134
3 8 73
9 7 202
10
2 10 23
2 8 97
3 10 188
3 1 258
7 3 22
3 5 241
9 7 56
10 4 154
6 5 2
10
10 6 116
2 10 100
1 2 89
10 5 19
7 2 270
2 3 291
7 8 89
9 8 190
4 5 292
10
4 2 280
3 2 11
4 1 17
2 6 15
6 9 62
7 2 273
5 6 47
8 5 29
1 10 41
10
8 4 177
6 4 128
10 6 134
4 3 131
8 7 33
10 1 25
10 9 44
4 5 62
5 2 23
10
1 2 188
5 2 298
1 3 59
2 10 142
9 3 1
2 6 169
6 8 66
7 1 69
7 4 216
10
2 4 242
10 2 281
2 1 62
9 10 107
2 7 196
5 1 242
1 6 189
3 5 232
2 8 22
10
3 5 17
3 8 288
3 1 266
7 1 16
3 10 165
9 3 179
6 5 200
5 2 28
4 6 122
10
6 3 31
5 3 121
3 1 71
2 3 49
5 7 191
5 8 219
8 9 218
10 7 239
4 8 284
10
6 4 174
7 4 276
9 4 126
3 9 69
10 4 226
1 7 184
8 3 9
6 5 2
2 10 213
10
2 5 279
9 5 211
6 5 7
9 8 59
7 2 35
6 10 269
1 5 269
6 3 286
3 4 273
10
7 4 56
3 7 159
10 4 209
6 7 233
2 10 168
7 9 254
5 7 99
3 1 293
8 2 52
10
5 4 64
10 4 51
4 8 43
10 7 118
10 1 93
7 6 291
7 3 35
9 10 197
2 9 69
10
7 4 44
4 5 189
4 3 154
7 1 165
2 7 272
1 6 264
9 2 167
2 10 158
1 8 17
10
3 5 53
9 5 262
3 10 78
4 3 243
7 5 171
8 10 244
2 7 232
9 6 172
1 8 161
10
9 6 236
9 10 193
2 6 214
9 4 267
9 5 75
1 2 206
1 3 201
8 6 179
7 8 14
10
1 8 196
9 8 260
9 2 14
5 1 169
2 6 18
4 2 228
3 4 180
7 1 268
4 10 176
10
5 8 253
3 8 54
2 8 176
7 8 86
2 9 55
4 9 153
3 10 89
10 1 54
6 2 257
10
6 10 18
6 7 283
10 8 125
7 1 281
1 2 1
5 10 44
4 10 12
3 7 260
10 9 173
10
6 3 117
6 10 103
3 9 209
8 9 251
1 9 145
4 8 16
6 7 150
1 5 121
1 2 295
10
5 6 190
10 5 132
7 5 191
5 4 206
10 8 62
6 2 289
3 5 164
1 8 270
9 1 173
10
2 4 95
3 4 273
5 4 143
4 7 23
4 9 283
6 3 254
1 9 193
4 10 186
10 8 215
10
9 6 112
6 1 197
3 1 268
10 3 184
7 1 293
3 2 81
6 4 106
5 7 40
9 8 110
10
5 3 296
8 5 53
3 1 219
2 5 60
10 8 72
10 6 180
6 4 242
7 5 25
5 9 135
10
1 10 221
5 1 49
7 5 55
10 3 276
10 2 53
9 3 296
2 8 63
4 1 145
4 6 43
10
3 10 92
3 5 257
5 7 115
6 7 75
3 1 209
7 2 98
2 4 13
2 9 14
6 8 9
10
10 2 43
10 8 70
9 10 119
8 4 222
1 10 216
4 6 249
7 4 71
1 5 193
3 1 213
10
10 6 222
5 6 80
9 10 60
7 9 106
5 2 276
3 9 113
4 3 277
6 1 87
5 8 253
10
7 2 36
10 2 63
10 9 98
10 3 260
4 3 233
8 9 139
8 6 150
5 10 221
1 7 153
10
2 3 17
4 2 258
7 3 242
10 3 95
5 4 107
8 5 145
1 5 42
6 2 197
3 9 51
10
4 10 11
10 6 208
5 10 46
10 3 248
1 5 164
10 9 111
2 4 268
8 6 248
3 7 276
10
6 5 239
8 6 271
8 3 189
9 5 159
10 5 90
2 8 264
5 4 100
2 1 79
5 7 197
10
2 7 43
9 2 180
7 8 1
2 4 300
5 8 243
6 2 205
3 9 49
6 1 255
8 10 289
10
3 7 204
9 3 140
6 7 120
3 2 122
2 4 44
2 5 195
10 3 74
2 8 239
1 5 3
10
1 8 205
1 7 8
4 1 264
7 10 193
5 1 90
10 2 198
8 3 125
7 6 181
9 3 197
10
9 2 66
2 7 137
7 5 34
10 5 23
10 6 171
4 10 113
3 5 49
4 8 31
1 3 166
10
5 10 138
5 1 101
8 5 111
1 2 123
5 4 206
10 9 2
6 5 218
7 6 50
3 9 92
10
8 4 34
8 2 163
8 6 111
3 4 82
6 7 79
9 2 278
5 2 86
4 1 277
5 10 288
10
6 8 72
7 8 191
6 4 109
9 8 179
5 8 210
7 2 294
7 10 91
7 3 159
1 9 231
10
3 5 227
1 3 73
10 1 21
3 7 64
3 8 119
2 10 57
4 5 160
9 4 227
8 6 153
10
6 3 190
3 9 242
4 3 188
2 6 69
6 7 45
5 7 239
5 8 115
1 2 194
10 1 2
10
2 9 138
2 3 271
1 2 100
3 8 59
3 5 50
4 2 156
6 4 263
7 2 124
10 7 175
10
5 3 50
7 5 120
5 6 110
10 6 155
6 1 248
10 4 279
6 9 292
8 7 6
2 3 71
10
9 6 247
9 4 176
9 8 257
5 9 209
5 10 34
3 10 75
8 2 159
5 7 53
1 7 195
10
1 5 131
1 7 188
5 10 40
1 3 233
2 7 88
2 4 179
6 3 137
1 8 205
9 7 200
10
10 3 53
6 10 117
5 3 221
3 7 129
5 2 116
8 7 161
1 5 176
4 1 76
7 9 249
10
5 9 214
9 8 9
10 9 34
10 2 208
8 3 273
8 4 57
1 8 252
8 6 43
5 7 223
10
4 9 6
9 10 21
2 9 44
7 4 8
3 4 216
2 6 41
10 5 35
2 8 15
7 1 245
10
7 9 291
7 2 40
10 9 298
10 3 129
5 10 32
7 4 54
1 4 73
8 4 167
6 8 150
10
4 10 227
5 4 75
5 2 260
1 5 210
6 10 290
2 9 14
3 2 182
9 8 46
7 9 271
10
6 9 276
5 6 279
8 5 231
7 5 36
10 9 22
8 3 24
10 2 19
9 4 133
1 7 10
10
10 2 130
3 10 141
3 9 145
8 9 148
9 5 126
1 3 253
7 10 136
4 9 1
6 9 279
10
5 4 282
4 2 17
1 2 271
3 5 169
1 8 159
9 8 184
7 2 245
10 2 284
1 6 190
10
1 10 269
10 5 112
5 7 21
2 1 215
9 5 5
5 8 242
10 4 191
8 6 84
3 5 272
10
6 4 278
6 2 73
9 6 221
2 10 245
1 9 162
2 3 238
1 8 105
7 10 174
6 5 240
10
1 2 225
6 1 225
2 8 60
1 10 88
10 9 15
10 4 211
5 2 289
5 7 14
5 3 239
10
4 5 200
5 6 43
4 9 248
7 5 256
3 6 173
9 8 255
2 8 20
4 1 191
1 10 68
10
8 7 238
7 1 149
7 10 211
7 2 141
6 7 206
8 9 172
7 5 138
4 2 238
3 10 39
10
7 8 176
7 10 190
9 10 208
10 2 157
10 6 122
10 3 153
6 4 300
1 2 165
5 10 220
10
10 8 297
10 6 189
5 6 283
6 3 118
1 5 194
7 5 264
4 10 276
4 2 107
1 9 159
10
8 5 169
8 2 174
8 1 22
1 3 68
7 3 257
1 6 152
9 1 156
5 4 58
2 10 137
10
10 4 158
10 8 132
3 10 71
6 8 212
10 9 225
5 8 272
3 7 214
8 1 193
5 2 182
10
4 10 245
8 10 294
8 5 45
1 4 262
6 8 254
4 3 239
7 4 39
2 4 45
10 9 48
10
7 10 43
2 10 166
7 5 293
10 1 272
8 10 38
2 3 158
4 1 200
1 9 297
6 3 156
10
2 9 88
2 8 280
9 7 85
7 4 37
5 9 83
10 7 187
1 8 284
10 3 272
7 6 36
10
2 9 20
4 9 154
4 5 203
4 7 178
1 5 169
3 7 223
8 4 50
6 7 113
7 10 139
10
9 1 161
3 9 161
9 5 282
10 5 160
3 4 197
1 6 202
1 8 272
7 10 12
1 2 35
10
6 5 135
1 5 95
6 2 118
5 7 194
9 5 186
10 6 221
4 10 64
3 2 63
8 6 113
10
3 4 247
4 9 290
9 8 149
6 8 128
6 5 33
1 5 221
3 7 269
2 5 33
4 10 69
10
4 2 45
4 6 124
2 10 202
2 5 183
1 10 11
5 8 102
9 5 100
2 7 220
3 8 197
10
7 4 51
4 9 5
4 1 121
9 3 282
9 10 89
10 5 145
8 7 73
6 8 224
2 9 80
10
5 9 160
9 1 199
9 10 265
3 10 28
8 9 220
10 2 65
5 7 134
7 4 2
2 6 81
10
9 3 169
4 3 283
2 4 268
4 7 272
6 7 124
2 5 172
3 8 69
10 7 299
1 2 161
10
10 4 11
2 10 121
1 10 212
10 5 295
4 7 13
7 8 164
9 2 274
3 4 83
8 6 251
10
6 7 24
6 3 147
7 1 70
7 8 45
2 6 195
9 1 42
5 2 222
10 9 113
2 4 84
10
6 10 56
10 5 197
5 1 147
8 5 164
9 5 172
2 9 50
5 4 113
9 7 206
9 3 46
10
3 8 197
6 8 237
8 5 173
8 1 143
5 2 272
9 3 33
2 10 210
9 7 98
4 8 19
10
4 8 258
9 8 87
3 9 240
9 6 36
8 7 135
5 9 42
7 2 78
3 1 25
3 10 227
10
5 1 76
9 1 80
3 1 240
5 4 79
2 1 156
7 5 194
6 2 41
10 6 17
8 1 226
10
7 5 27
10 7 33
9 5 34
8 7 15
10 2 71
4 10 151
8 1 275
6 9 136
3 6 71
10
10 1 91
1 9 69
5 10 147
8 9 182
7 9 42
6 8 284
3 7 248
4 7 192
6 2 229
10
9 6 15
9 8 115
5 6 3
10 8 67
7 6 40
1 6 290
6 3 163
4 9 47
8 2 128
10
10 9 292
4 9 11
5 4 174
9 3 173
4 6 91
7 5 101
10 8 152
1 8 247
1 2 4
10
1 3 23
6 1 150
1 2 289
3 7 167
9 2 188
9 5 3
2 8 223
10 6 187
4 3 7
10
4 1 138
2 4 88
2 5 289
7 4 175
8 1 259
4 9 36
3 8 83
10 3 214
7 6 296
10
10 6 198
6 7 114
6 8 223
8 4 299
8 1 18
9 7 150
2 1 13
10 5 106
4 3 80
10
5 1 199
10 5 149
10 7 78
7 2 121
1 9 101
6 2 29
2 4 84
7 3 25
8 4 54
10
4 6 70
8 6 10
8 7 264
6 5 157
3 6 189
2 4 299
5 10 267
9 5 165
1 7 225
10
4 1 260
10 4 128
1 6 126
6 2 190
3 4 173
8 6 215
5 2 169
5 9 267
7 6 289
10
7 6 154
9 7 116
9 10 298
10 5 84
2 7 176
6 8 264
2 3 292
4 3 95
7 1 293
10
6 8 78
8 5 291
10 6 11
2 10 43
9 2 72
2 4 285
3 9 232
2 7 143
1 7 7
10
2 6 52
2 4 135
3 6 123
4 9 1
4 8 230
6 10 205
10 5 118
7 2 257
8 1 193
10
3 10 43
10 8 261
10 2 105
8 6 227
5 3 205
9 8 50
1 5 155
7 1 34
3 4 95
10
1 9 202
3 1 50
4 1 254
4 7 40
6 1 265
5 1 283
10 4 137
7 2 294
8 3 291
10
7 2 262
7 9 109
2 8 5
4 9 215
7 5 100
5 6 138
3 5 63
5 1 36
4 10 115
10
2 7 11
5 7 99
7 1 1
7 8 19
8 6 9
3 8 196
10 1 212
10 4 110
9 4 70
10
1 9 170
6 1 184
2 9 266
8 6 130
4 1 27
5 1 279
1 10 239
3 1 15
7 6 72
10
10 6 176
1 10 271
7 10 201
5 10 58
8 1 221
3 7 88
2 10 225
9 10 248
2 4 69
10
9 4 211
4 7 24
8 7 137
7 1 72
9 10 7
6 1 50
3 4 65
2 9 182
5 8 288
10
8 9 90
3 8 257
9 6 222
7 3 18
9 5 295
1 3 21
2 1 280
4 3 73
10 2 162
10
3 2 254
10 2 238
2 9 253
9 5 93
8 3 286
7 9 223
10 4 260
1 7 201
6 3 130
10
6 7 13
7 1 132
6 5 198
7 2 253
10 1 272
10 8 241
3 1 105
9 8 97
4 9 110
10
6 10 192
10 8 278
9 8 275
4 10 275
10 1 145
7 1 232
8 3 76
4 2 68
5 6 80
10
9 3 131
5 3 74
5 7 72
2 7 185
3 1 126
10 1 279
5 4 228
5 6 268
8 1 294
10
5 10 3
5 4 205
5 1 286
1 3 256
3 6 31
6 2 236
6 7 190
4 9 251
8 1 298
10
7 8 173
5 8 176
5 3 55
8 2 63
8 1 68
10 2 236
8 9 259
5 6 90
5 4 51
10
10 2 58
2 8 167
9 2 78
2 4 24
2 6 136
1 9 117
8 5 246
1 7 252
2 3 59
10
2 4 99
9 2 275
4 8 97
9 5 77
3 2 35
2 1 231
7 2 289
7 10 41
7 6 126
10
3 10 71
10 8 216
3 1 63
5 3 164
1 6 139
7 3 62
4 10 8
10 9 217
2 6 83
10
3 9 138
3 2 216
4 3 142
4 8 240
2 5 4
1 2 73
8 7 181
10 4 123
1 6 187
10
1 4 9
9 1 241
9 8 255
1 7 266
10 4 9
2 8 185
5 8 15
8 3 180
6 7 256
10
8 3 152
10 3 46
9 10 169
5 10 224
5 2 102
4 8 224
1 8 286
7 3 150
5 6 83
10
3 4 123
9 4 212
3 2 51
9 6 276
6 5 106
9 1 11
3 10 17
7 10 198
2 8 283
10
3 2 222
10 3 97
10 7 69
2 5 138
2 8 116
9 5 208
8 1 268
4 8 170
2 6 99
10
6 2 210
2 5 151
5 4 104
5 3 75
8 5 189
7 8 144
10 8 183
9 2 186
2 1 272
10
8 7 155
7 6 188
3 7 275
9 6 152
2 3 269
4 7 77
4 5 208
1 7 256
10 5 38
10
3 2 5
8 2 160
2 7 69
6 7 267
6 4 70
9 8 197
2 1 59
8 10 29
6 5 192
10
5 2 236
4 2 204
8 4 93
10 4 192
3 2 142
8 6 273
3 7 251
1 10 196
4 9 143
10
9 8 250
9 2 292
8 10 227
1 8 76
9 7 298
3 8 138
5 10 40
4 10 255
2 6 215
10
6 9 49
9 10 170
3 6 140
3 5 174
10 8 46
5 4 282
2 5 34
1 3 55
10 7 103
10
6 7 97
7 3 35
1 3 63
5 7 115
1 2 271
5 9 222
8 3 125
4 9 284
10 5 275
10
10 7 92
7 8 278
1 8 249
10 9 77
8 2 256
4 2 282
8 5 123
8 6 288
3 8 145
10
2 10 203
4 10 242
8 10 27
2 6 231
3 6 201
7 10 211
9 4 277
4 1 259
5 8 137
10
7 10 92
10 9 47
10 5 28
10 8 167
7 4 88
3 8 164
7 1 273
3 2 33
6 10 251
10
9 1 43
7 9 208
8 7 201
9 5 294
2 7 157
4 5 57
10 7 238
6 5 96
7 3 17
10
8 3 296
8 2 243
2 10 208
2 4 39
4 6 96
2 7 119
6 5 226
1 7 177
9 7 80
10
9 3 209
1 9 257
9 7 236
1 5 80
3 2 234
3 4 157
8 9 159
5 10 137
8 6 1
10
6 3 83
3 8 281
6 2 124
6 4 71
9 8 167
5 6 95
8 1 116
9 7 29
8 10 275
10
2 8 261
8 7 284
7 10 290
5 8 92
7 4 125
9 10 199
4 1 204
6 7 203
5 3 260
10
3 7 124
7 1 204
10 7 14
7 6 44
10 8 16
8 5 170
5 4 48
2 8 121
6 9 27
10
2 5 131
8 5 146
5 10 210
3 8 218
4 5 66
5 1 287
6 4 115
3 9 174
5 7 289
10
10 5 149
5 3 134
8 5 63
3 2 254
3 7 65
6 3 249
6 1 18
4 8 108
8 9 248
10
7 2 271
7 9 59
9 8 44
6 8 194
1 2 16
7 5 16
7 3 298
7 4 104
5 10 243
10
1 8 9
10 8 213
6 8 77
6 3 42
4 6 289
4 9 111
7 9 19
3 5 210
2 7 173
10
2 10 128
2 9 220
10 5 153
2 4 246
1 4 114
1 8 52
4 7 61
9 6 16
3 5 22
10
5 9 58
8 9 12
9 2 46
1 9 123
6 1 52
4 2 165
5 7 46
8 3 261
10 4 244
10
8 10 86
8 7 187
10 6 60
8 4 150
4 9 20
5 6 147
6 3 294
2 5 139
2 1 98
10
7 3 279
2 3 74
8 2 133
10 2 300
10 6 111
2 4 145
7 1 293
4 9 164
5 6 156
10
2 6 256
5 2 30
8 6 205
6 3 264
9 3 206
1 6 216
9 10 288
3 7 124
4 3 138
10
8 7 267
7 9 183
9 5 185
10 8 202
7 1 208
1 4 201
6 5 62
8 2 255
3 4 161
10
1 10 178
10 8 117
8 6 18
4 10 132
1 2 133
5 8 297
9 1 113
9 7 70
7 3 107
10
8 9 89
8 4 65
4 3 283
8 7 99
8 5 19
6 9 70
7 1 20
2 9 161
5 10 123
10
10 8 87
8 7 263
8 2 269
10 4 32
8 9 75
9 3 276
5 9 54
3 1 166
1 6 120
10
10 9 244
10 4 164
10 7 274
1 4 15
3 7 207
1 5 289
2 1 1
1 6 108
9 8 19
10
3 4 243
10 3 74
5 10 242
9 10 191
10 1 129
2 5 275
4 8 18
6 1 132
7 10 300
10
9 5 129
5 6 140
6 4 248
7 4 37
4 1 1
1 3 121
1 10 190
8 5 105
1 2 234
10
3 7 280
5 3 25
10 7 276
3 4 205
9 5 292
10 8 176
1 7 164
4 6 172
5 2 160
10
2 3 263
1 3 18
3 10 95
3 7 249
6 10 138
5 2 65
10 4 174
3 8 219
1 9 185
10
3 2 300
3 10 224
6 3 100
5 2 14
5 7 233
4 5 284
1 6 106
1 9 84
8 10 120
10
3 6 101
9 3 7
10 6 39
9 1 99
7 3 119
2 6 209
8 6 276
2 5 22
4 6 207
10
1 2 197
6 1 160
7 2 13
2 3 191
2 8 177
5 1 178
2 4 6
1 9 104
10 8 173
10
10 2 255
10 3 184
9 2 70
9 1 193
8 3 74
6 1 221
6 7 181
4 3 284
5 1 158
10
8 5 289
5 9 100
4 9 165
6 4 293
1 9 16
1 10 271
6 2 189
8 3 17
8 7 106
10
4 1 35
1 3 37
4 5 17
1 8 8
8 10 7
5 2 71
9 4 290
7 10 48
1 6 184
10
1 10 267
1 5 82
4 10 41
3 1 286
9 5 147
2 5 126
10 6 82
8 6 203
6 7 37
10
8 10 156
10 2 278
6 8 22
4 2 196
9 8 42
1 9 262
5 6 237
3 2 219
10 7 84
10
5 1 192
3 1 157
2 1 124
3 10 8
4 3 259
4 7 52
6 10 179
8 5 165
5 9 9
10
5 8 10
1 5 248
1 4 175
4 7 97
1 3 231
6 8 221
2 8 38
10 8 81
9 5 122
10
1 4 167
3 4 161
4 8 138
8 6 214
2 8 230
5 1 56
8 10 118
10 9 125
1 7 250
10
2 7 32
7 3 131
3 1 163
10 1 216
1 9 6
9 4 300
7 8 128
6 3 88
5 3 64
10
7 6 250
7 10 232
6 1 140
10 5 177
1 3 217
10 9 291
10 8 288
2 3 151
2 4 123
10
3 2 96
5 3 9
2 10 1
2 1 30
4 3 18
8 10 214
9 3 47
3 6 258
7 1 96
10
7 3 115
4 7 281
3 1 241
3 8 87
7 6 229
10 4 292
3 9 286
10 5 32
2 6 61
10
4 8 19
4 10 252
8 2 13
1 10 281
9 1 100
10 3 111
1 7 239
6 3 159
5 8 185
10
2 4 84
8 2 125
4 3 157
3 5 182
4 1 78
9 8 93
6 9 90
2 10 119
7 10 128
10
10 1 59
10 8 266
1 4 54
3 8 54
7 4 150
4 9 125
3 6 236
7 2 156
5 4 283
10
2 8 26
8 4 44
9 4 204
5 8 245
6 5 114
8 1 261
7 2 23
10 9 169
3 6 53
10
1 7 252
7 9 122
7 8 155
1 3 291
3 2 189
1 4 20
5 1 146
6 5 163
2 10 149
10
3 4 159
4 2 116
1 4 50
1 9 32
3 7 12
1 10 210
1 8 249
6 8 97
5 6 6
10
3 4 147
4 2 103
2 1 294
4 6 103
7 2 106
8 3 151
2 5 214
10 6 35
6 9 189
10
9 5 100
8 9 159
4 9 73
5 10 17
1 8 134
6 5 163
5 2 261
3 10 19
1 7 281
10
5 1 251
2 1 95
1 3 100
3 6 281
1 10 116
7 3 3
1 8 219
6 9 5
4 10 166
10
8 7 129
8 9 222
9 4 240
5 4 298
1 8 149
10 5 214
8 2 55
6 8 293
10 3 69
10
6 3 288
5 3 204
6 1 165
7 6 109
10 6 256
1 2 36
5 4 82
10 9 8
6 8 228
10
1 2 187
2 8 84
6 2 266
9 8 281
5 1 47
2 10 109
6 7 189
6 4 168
6 3 166
10
5 8 226
9 5 283
9 2 50
10 9 68
9 4 39
9 6 1
6 3 90
3 1 141
4 7 240
10
5 2 91
2 6 20
5 9 123
4 6 15
4 8 60
6 7 156
4 1 106
10 4 266
7 3 91
10
1 9 104
9 6 275
7 6 13
8 6 177
6 4 81
4 2 21
9 10 3
6 3 1
1 5 210
10
10 5 155
5 1 113
6 10 30
1 8 76
2 10 299
2 7 124
3 8 217
9 1 28
4 8 48
10
10 2 181
2 9 93
6 10 76
10 8 98
10 1 65
2 7 199
7 5 162
9 3 112
4 2 1
10
10 6 285
10 5 175
2 5 228
10 9 208
10 3 146
5 8 45
7 9 8
1 8 84
3 4 165
10
10 5 195
10 9 194
1 10 88
9 4 55
4 6 281
7 6 238
9 3 33
7 8 83
2 1 18
10
10 8 136
10 5 18
10 2 94
2 7 192
4 10 19
6 4 109
9 6 212
1 7 123
3 9 171
10
7 9 272
4 7 84
4 3 133
3 8 139
5 3 238
6 3 104
3 2 33
1 5 274
10 6 43
10
1 5 233
8 5 220
1 9 50
2 5 109
8 7 136
6 9 182
3 6 91
10 2 67
4 10 268
10
1 10 243
3 10 220
5 1 188
5 4 81
3 2 25
4 8 13
9 10 130
7 3 4
6 3 3
10
10 3 108
3 7 269
3 1 180
6 10 109
6 8 206
5 3 3
9 3 208
4 7 272
2 7 197
10
7 4 103
4 9 182
7 6 300
6 10 249
2 9 248
9 5 131
3 9 233
1 6 188
8 9 12
10
2 9 77
7 9 270
4 9 226
8 7 124
6 8 75
10 6 19
1 2 246
5 10 245
6 3 67
10
1 4 229
10 1 18
2 10 230
10 9 87
5 2 61
3 9 140
6 10 119
3 7 180
8 1 160
10
8 1 153
4 1 250
9 4 212
1 3 21
7 8 26
6 9 19
2 3 63
10 3 187
5 2 124
10
2 6 19
2 10 211
6 5 113
5 8 263
2 9 187
6 4 130
3 6 184
4 1 103
4 7 125
10
7 5 21
7 8 195
8 9 59
1 9 150
6 7 251
5 3 93
2 6 181
8 10 297
7 4 48
10
10 3 300
7 10 276
3 6 277
8 6 194
8 9 203
6 1 257
4 3 16
5 9 179
9 2 273
10
4 8 125
1 4 289
8 6 110
9 8 139
4 5 233
1 7 107
9 3 262
2 7 275
10 6 16
10
5 8 61
5 1 191
9 8 286
5 4 115
1 3 199
7 1 107
9 6 291
8 2 178
10 8 172
10
2 3 79
2 6 176
6 9 238
2 10 250
2 5 294
10 7 10
10 8 109
3 1 63
4 1 281
10
1 2 128
5 1 68
10 1 293
3 1 240
8 10 52
5 9 181
1 7 240
5 6 259
4 9 108
10
7 8 254
7 3 67
6 7 66
8 4 104
1 3 177
2 4 231
10 6 235
5 6 255
6 9 136
10
8 6 144
8 5 22
10 6 84
9 10 147
9 2 250
1 9 83
2 7 298
4 5 188
3 6 104
10
6 10 264
5 6 238
10 2 171
6 9 32
4 9 166
4 7 123
3 7 260
8 10 164
1 3 191
10
10 2 17
2 3 205
2 9 75
6 10 12
4 9 149
3 8 48
10 7 5
5 8 28
1 10 2
10
1 8 38
9 1 286
8 4 45
1 5 267
2 8 225
5 6 220
10 4 177
10 3 210
7 4 192
10
3 9 33
3 10 278
9 4 135
10 2 176
8 9 121
1 8 165
1 5 267
6 8 164
7 2 58
10
7 10 143
10 5 247
5 6 169
5 1 242
6 2 180
6 3 93
9 3 119
5 8 157
4 1 292
10
8 6 298
8 2 83
8 9 119
6 7 116
9 4 99
3 6 230
8 1 287
6 5 286
10 9 41
10
4 9 293
7 4 284
7 2 193
10 4 194
1 7 144
2 3 1
5 2 265
5 6 296
2 8 222
10
2 4 215
4 8 240
4 9 225
5 8 33
10 2 263
5 6 35
1 10 4
2 7 90
1 3 37
10
1 5 199
2 1 40
1 6 285
2 9 131
9 3 254
2 7 265
6 10 224
3 8 233
4 9 107
10
3 2 9
2 6 15
2 4 65
3 10 227
3 1 169
5 10 254
8 3 56
9 1 101
7 2 112
10
5 10 95
9 5 95
9 2 91
9 7 69
1 7 140
10 6 33
4 9 59
4 8 56
3 2 180
10
5 3 189
3 4 66
9 4 240
6 3 75
2 9 104
5 10 223
8 6 294
10 1 75
7 9 275
10
8 3 159
5 3 185
3 9 111
10 8 24
8 7 6
2 10 292
3 6 212
1 9 272
7 4 60
10
9 3 239
9 10 175
1 3 210
5 10 270
10 6 277
3 4 21
8 3 265
2 4 80
7 5 2
10
7 3 36
7 1 189
1 10 16
6 10 110
9 3 278
1 5 6
7 4 20
2 1 65
7 8 10
10
8 7 169
2 8 300
4 7 38
8 10 205
5 7 181
4 6 69
3 4 28
9 7 229
6 1 67
10
5 8 62
7 8 150
3 7 21
10 3 27
4 3 175
9 7 125
2 9 291
4 6 225
3 1 44
10
9 2 155
9 6 38
2 4 40
6 10 12
2 8 208
4 3 117
3 1 142
4 5 35
7 1 167
10
1 4 18
1 9 128
1 6 89
7 6 114
2 6 79
4 10 290
10 3 69
8 1 133
3 5 116
10
4 9 116
1 9 255
5 4 20
8 5 96
3 8 247
1 10 214
6 8 41
8 2 94
7 8 184
10
2 7 82
8 7 295
3 2 118
4 2 291
7 1 189
3 6 22
7 9 135
10 6 54
5 6 292
10
6 10 205
3 10 280
7 6 30
10 4 5
4 9 121
1 3 22
7 2 119
5 4 104
8 9 291
10
4 7 16
4 9 5
3 9 130
3 1 279
5 9 157
1 8 101
1 2 259
10 3 261
6 8 174
10
1 2 220
8 2 248
1 4 116
3 4 13
10 1 41
9 2 284
3 7 254
2 6 260
5 7 272
10
9 10 201
10 3 240
3 8 112
4 9 30
7 3 57
6 3 186
6 2 31
5 10 32
10 1 26
10
10 4 168
3 4 261
6 4 245
10 8 45
6 2 136
8 7 145
1 6 95
5 6 90
8 9 127
10
4 7 209
4 3 56
6 3 292
6 10 273
8 4 34
4 5 104
1 8 253
4 9 52
2 1 233
10
8 4 81
2 8 228
2 9 130
2 6 217
3 6 156
1 4 131
1 7 232
10 6 292
5 9 107
10
9 1 123
9 7 288
1 2 7
3 2 262
6 2 122
10 6 111
4 2 27
10 5 125
3 8 296
10
10 6 1
6 3 47
10 8 245
5 8 166
1 3 61
10 7 151
4 1 76
9 6 39
2 10 196
10
1 5 254
3 5 20
10 5 51
6 10 219
9 10 222
9 8 49
7 8 85
4 3 80
2 5 250
10
7 10 288
3 10 176
7 8 223
2 8 149
10 4 241
1 4 251
5 1 127
8 6 94
4 9 241
10
1 7 95
6 1 24
1 2 267
4 1 1
10 6 135
8 2 72
3 4 92
7 9 220
2 5 52
10
8 10 115
2 8 57
9 8 83
10 6 120
8 7 242
1 6 270
4 6 183
3 2 297
5 7 104
10
1 2 298
1 3 60
3 9 278
8 3 77
5 1 218
9 4 104
10 8 288
9 6 64
7 9 154
10
3 4 104
7 4 73
4 1 74
7 2 226
5 4 111
8 1 231
6 7 13
4 10 47
9 10 152
10
1 10 277
6 1 68
2 6 212
5 2 287
9 10 213
6 3 66
9 8 234
7 3 105
4 7 127
10
5 1 220
10 1 297
10 4 203
2 5 109
9 10 227
6 10 92
3 9 143
7 1 41
9 8 200
10
5 10 113
2 5 116
10 1 139
10 4 17
4 8 88
3 4 151
3 9 293
5 6 219
4 7 218
10
4 10 37
10 5 273
9 10 276
2 10 64
9 6 120
3 4 142
5 1 298
8 3 237
7 1 136
10
3 5 292
3 10 30
5 1 271
5 6 46
6 9 294
10 7 18
4 7 134
6 2 213
5 8 289
10
10 7 44
10 2 232
2 4 78
10 1 117
6 10 206
4 8 141
4 5 110
5 9 220
3 5 280
10
8 9 204
9 4 43
1 9 234
8 6 152
9 10 35
6 5 259
5 2 158
4 3 246
7 4 233
10
6 10 238
10 7 296
6 9 150
10 2 52
6 1 202
4 2 181
6 5 289
8 7 240
7 3 116
10
8 7 172
8 10 123
6 10 129
10 5 118
4 5 222
2 4 30
4 9 66
4 1 200
3 9 43
10
8 9 166
8 3 234
3 5 274
2 3 202
1 2 291
8 6 264
7 3 11
9 10 140
4 1 211
10
1 4 121
1 8 16
4 10 186
3 10 199
6 8 142
10 5 116
4 7 204
8 9 300
2 9 176
10
1 5 209
6 1 15
6 8 159
1 4 245
10 5 119
2 6 75
2 9 150
3 6 59
8 7 227
10
9 2 241
5 2 7
5 1 160
2 6 124
9 7 26
4 1 184
10 9 146
5 3 166
8 3 52
10
8 7 204
10 8 219
8 2 80
2 5 10
8 1 262
8 9 173
4 8 261
3 10 15
7 6 76
10
6 8 248
2 8 19
8 5 127
2 4 218
10 4 21
2 7 120
7 9 118
3 10 38
10 1 297
10
4 8 111
4 5 199
1 4 56
2 1 2
6 8 87
9 2 251
9 7 25
9 10 285
7 3 228
10
8 3 141
4 3 41
9 4 49
2 3 108
3 6 27
5 3 242
3 7 11
2 1 108
10 6 258
10
8 5 63
10 8 111
1 5 37
6 5 254
4 6 132
9 6 268
5 7 274
7 2 28
3 7 82
10
6 1 91
8 6 110
6 3 98
7 3 173
6 10 196
10 5 261
8 9 114
7 4 278
2 10 179
10
4 2 79
4 3 268
10 2 123
10 9 257
5 3 4
7 9 217
7 1 300
8 1 230
4 6 86
10
10 2 14
3 2 112
2 5 172
10 1 146
3 7 149
3 8 212
8 4 68
6 10 74
8 9 254
10
4 5 271
4 3 286
4 7 82
4 8 52
9 4 247
6 7 218
3 1 131
2 3 146
10 4 88
10
3 7 151
3 1 181
3 8 200
4 3 13
7 2 74
5 2 17
4 6 31
5 9 8
6 10 138
10
1 2 161
7 1 127
2 6 83
6 3 49
8 3 61
3 5 274
6 4 226
10 6 7
7 9 223
10
6 1 296
6 8 100
3 8 181
1 10 278
3 4 145
2 6 225
7 3 158
9 7 224
6 5 16
10
7 10 134
4 7 251
6 10 177
7 3 202
1 6 233
5 7 42
9 3 114
3 8 114
1 2 75
10
5 9 233
9 10 242
8 9 118
5 7 61
5 1 237
5 4 274
8 2 79
3 1 266
6 7 54
10
10 4 136
10 6 298
10 8 182
2 4 152
9 6 30
1 9 152
3 10 158
7 4 251
2 5 213
10
3 7 223
2 3 72
2 4 238
10 7 117
7 1 158
8 3 69
5 3 62
6 8 27
3 9 130
10
6 10 183
2 6 172
3 10 156
9 2 216
1 2 54
5 3 143
9 8 60
4 9 64
7 2 223
10
9 10 231
10 7 139
3 9 16
4 3 198
7 6 25
2 4 182
2 5 278
1 10 77
4 8 210
10
4 10 259
10 7 50
4 3 218
7 6 139
2 7 203
10 8 222
8 9 194
5 7 28
6 1 194
10
8 1 88
7 8 193
6 8 144
1 4 146
7 2 257
5 2 228
3 6 42
3 9 33
10 5 85
10
3 7 114
7 8 4
6 8 156
4 7 204
10 8 171
6 5 182
9 6 170
10 2 19
1 8 296
10
3 8 177
4 8 276
10 8 29
4 9 36
4 1 53
2 10 214
6 10 171
5 8 198
7 10 27
10
6 10 170
1 6 178
6 4 134
1 2 294
8 1 240
3 4 151
5 2 45
3 9 286
7 9 300
10
1 3 92
7 1 258
3 4 8
10 7 171
7 6 111
2 6 265
4 5 271
1 9 190
4 8 251
10
5 6 184
8 5 178
6 1 57
10 5 287
8 7 134
1 2 168
9 6 238
7 3 121
10 4 257
10
9 6 3
8 6 227
9 5 229
3 9 153
9 10 171
4 9 110
9 1 267
2 6 83
1 7 130
10
6 1 299
7 1 6
7 3 257
5 6 29
1 4 266
9 7 182
2 1 5
2 10 178
8 10 220
10
1 2 112
8 1 228
5 8 159
10 2 261
7 5 172
1 4 44
5 3 26
8 9 246
6 2 118
10
1 3 193
10 1 122
8 10 195
5 3 196
4 3 110
4 9 280
2 9 53
4 7 13
3 6 208
10
5 8 118
5 2 256
9 5 235
3 8 208
9 4 227
1 3 116
10 8 291
7 4 104
6 9 243
10
6 7 226
10 7 244
8 6 217
8 3 116
2 3 27
7 9 8
9 5 68
9 1 177
4 3 220
10
3 5 221
8 3 78
1 8 276
3 2 43
3 6 202
7 8 283
4 2 60
3 9 248
4 10 19
10
1 4 216
9 1 102
9 2 79
7 1 249
5 1 150
8 1 144
4 10 281
6 4 114
8 3 247
10
6 2 114
3 2 188
3 1 157
3 5 37
7 1 209
6 4 100
6 8 299
9 5 178
10 3 88
10
6 8 246
9 6 15
5 9 125
3 6 127
10 9 170
10 4 9
1 9 81
5 2 189
3 7 286
10
1 7 240
8 1 177
1 10 101
3 10 253
10 5 64
8 4 64
7 9 62
2 4 222
6 5 163
10
9 7 216
9 2 49
7 6 127
4 6 255
3 9 103
10 4 227
10 8 9
3 5 156
1 7 125
10
10 6 144
6 7 99
1 6 168
6 9 267
1 4 62
5 9 108
3 6 281
4 2 202
10 8 69
10
8 2 212
9 2 2
9 3 70
7 2 208
8 5 215
1 7 130
4 1 246
4 10 214
1 6 75
10
8 1 129
6 1 5
1 7 72
4 1 206
1 5 78
4 9 234
5 2 236
7 10 138
8 3 248
10
9 7 57
7 3 125
3 6 135
8 3 109
3 5 208
2 3 107
1 6 184
10 1 206
4 6 249
10
7 8 58
6 7 195
7 1 22
7 9 220
2 6 32
1 3 122
9 5 163
2 4 16
10 7 39
10
10 8 296
3 8 258
3 7 67
8 4 67
9 10 27
3 5 118
2 10 130
9 6 151
10 1 47
10
8 4 143
8 10 220
10 5 248
7 4 243
3 5 240
9 3 32
9 2 108
10 1 254
6 2 250
10
6 8 115
6 1 122
1 3 262
5 3 174
9 8 285
6 7 189
10 3 251
3 4 247
8 2 85
10
3 10 33
10 7 261
7 2 87
5 3 98
1 3 234
10 8 106
5 4 225
6 7 163
9 5 59
10
7 5 209
5 2 216
1 7 279
10 5 184
10 9 45
7 6 186
4 10 216
5 3 191
8 3 10
10
10 8 283
1 8 282
3 8 105
9 10 117
3 2 52
6 1 251
6 5 170
4 1 195
7 4 50
10
6 1 34
6 8 210
4 1 129
10 4 81
10 3 141
8 7 249
8 9 123
4 2 110
6 5 186
10
9 5 278
5 8 35
10 8 4
9 6 58
4 10 180
2 9 133
1 4 66
10 7 31
3 6 63
10
7 6 235
10 7 18
1 7 248
1 3 288
5 3 112
7 4 265
9 5 277
3 8 89
6 2 37
10
8 3 33
3 10 221
4 10 243
8 1 100
10 5 286
7 10 193
7 9 60
4 2 134
6 9 41
10
1 3 220
4 1 169
3 5 147
7 5 225
1 10 94
7 6 126
1 8 8
8 9 26
1 2 255
10
2 10 134
2 7 250
10 8 64
3 7 117
4 8 121
2 9 191
5 8 247
6 3 271
1 8 284
10
9 4 97
4 6 34
8 4 252
3 8 112
5 4 131
2 8 215
7 2 26
4 1 196
10 4 29
10
8 1 61
1 6 10
8 7 260
8 5 44
6 9 24
7 2 122
6 3 278
10 2 136
3 4 58
10
1 10 30
10 3 187
1 9 101
8 10 37
7 1 142
7 5 46
4 10 181
6 5 104
9 2 255
10
3 9 85
6 9 294
2 3 85
2 7 173
8 6 14
5 7 192
1 7 31
4 8 67
3 10 43
10
7 8 289
3 8 49
10 7 3
1 10 171
1 5 85
4 8 93
7 9 150
6 7 168
5 2 179
10
8 4 175
7 4 261
4 10 154
6 10 45
7 2 161
1 6 154
9 6 43
6 5 179
3 7 244
10
4 9 157
4 3 181
3 5 259
5 6 261
5 8 164
9 10 51
6 7 46
3 2 108
1 5 167
10
7 10 255
2 7 119
2 5 94
6 7 143
4 5 12
9 6 61
3 5 78
8 3 39
1 3 162
10
5 7 293
5 6 74
4 7 76
1 5 188
1 3 263
9 3 165
5 10 14
8 3 242
2 3 274
10
7 8 141
7 4 288
9 7 65
1 9 226
3 1 247
2 1 55
6 8 153
1 5 72
10 1 43
10
7 1 7
3 7 257
7 6 165
5 6 33
7 9 64
9 8 81
10 6 31
2 5 93
10 4 93
10
2 5 226
10 5 1
10 9 262
1 10 225
4 2 121
1 6 199
10 7 95
8 9 53
3 2 170
10
8 4 33
4 7 134
8 2 152
7 10 105
6 7 23
8 5 162
1 6 118
9 6 159
3 8 241
10
10 5 36
1 10 178
8 1 216
10 4 35
6 1 145
9 8 43
4 2 64
1 3 69
7 6 175
10
1 6 32
10 6 6
9 10 4
8 1 299
8 3 223
7 8 50
7 2 287
4 8 273
7 5 283
10
8 10 41
10 2 90
10 9 212
4 10 134
9 5 195
2 7 293
4 1 253
3 1 211
9 6 252
10
1 4 167
1 3 67
8 4 21
4 10 240
7 1 58
5 1 174
9 8 143
6 9 68
9 2 5
10
2 3 211
3 8 200
2 5 174
8 6 163
3 4 217
1 4 262
10 2 131
7 5 22
9 7 131
10
6 5 272
9 5 107
6 3 148
5 1 251
3 4 287
3 2 242
10 6 252
7 4 4
5 8 189
10
6 7 123
6 1 293
1 4 275
6 3 181
9 7 49
5 3 16
2 3 152
8 5 292
2 10 63
10
2 9 99
5 2 170
10 9 119
8 5 202
10 6 23
7 10 130
2 4 148
1 4 236
3 9 156
10
1 8 195
5 8 242
5 3 176
2 5 47
6 8 282
10 3 126
3 7 31
7 4 283
9 5 193
10
10 6 148
10 3 82
4 3 117
7 10 237
8 6 65
4 2 269
8 9 282
10 1 183
5 4 113
10
4 8 43
3 4 104
3 7 168
7 1 177
8 10 38
6 1 162
2 8 30
9 6 197
6 5 95
10
5 7 64
5 10 292
10 3 259
4 5 258
4 6 242
2 3 263
8 2 272
1 4 15
10 9 270
10
3 9 272
6 9 52
8 9 61
1 9 122
2 3 260
6 10 1
1 7 166
4 8 201
1 5 262
10
4 5 64
6 5 58
7 5 296
5 2 198
2 3 198
3 10 100
3 9 198
10 8 106
5 1 175
10
8 10 253
5 10 47
9 5 273
6 10 274
10 1 298
6 2 89
5 4 25
5 3 287
9 7 79
10
5 7 113
2 7 178
6 7 168
8 6 204
7 3 276
8 1 56
10 8 193
5 9 288
9 4 87
10
3 4 21
1 4 289
1 9 279
1 6 65
5 4 87
5 2 73
9 7 262
6 8 281
6 10 121
10
3 4 271
3 6 5
4 10 283
7 3 108
3 8 293
5 8 293
1 8 273
2 1 104
9 5 202
10
5 7 111
7 8 299
6 5 3
3 8 63
10 6 254
4 6 142
1 4 136
7 2 178
9 10 17
10
9 4 63
6 9 176
4 3 152
9 1 39
1 7 106
5 7 89
4 2 195
8 3 294
10 4 23
10
3 4 254
4 7 144
9 4 146
10 7 124
1 9 210
6 4 241
2 7 177
8 2 76
5 2 238
10
4 7 188
7 5 12
6 4 230
5 8 215
3 4 147
9 5 197
4 1 15
7 2 56
10 8 108
10
6 4 190
4 2 221
9 2 35
9 3 23
10 4 89
9 8 236
10 5 195
7 9 123
1 10 133
10
7 6 147
5 7 104
8 7 144
2 6 111
9 2 242
10 7 87
3 6 65
1 10 108
4 8 170
10
2 8 212
8 9 248
8 3 241
10 9 49
2 6 193
3 7 254
5 8 262
8 4 101
1 10 203
10
1 7 227
6 7 53
7 4 56
6 10 280
5 7 15
9 1 255
3 5 136
10 8 215
4 2 58
10
4 6 244
2 4 114
9 2 187
7 4 208
9 10 59
9 5 14
8 9 62
1 5 296
8 3 152
10
7 1 22
10 7 191
7 4 275
4 5 62
7 2 71
1 6 30
8 7 16
3 8 9
5 9 16
10
6 9 273
8 9 240
10 9 196
6 3 259
2 10 261
7 2 55
7 1 49
5 7 119
5 4 256
10
4 8 200
9 8 220
9 7 184
10 8 193
1 8 72
3 8 39
5 3 266
6 8 178
2 1 2
10
5 2 238
2 8 42
2 1 108
4 2 155
10 4 127
7 2 237
4 9 80
6 1 147
3 4 95
10
2 3 149
9 2 230
7 2 105
2 5 45
3 1 52
7 6 237
8 3 30
2 10 172
4 7 240
10
8 1 116
8 4 264
2 4 254
7 2 91
9 7 196
10 9 67
8 5 130
6 10 128
3 1 89
10
3 9 192
4 9 156
9 5 207
5 10 182
2 10 235
4 6 12
6 1 52
8 2 232
8 7 193
10
4 3 66
4 1 156
1 2 116
1 7 68
5 3 267
4 6 60
5 9 173
1 8 9
3 10 25
10
7 2 235
2 5 32
5 1 121
6 2 69
8 7 225
9 5 125
5 10 113
5 3 184
4 6 7
10
3 10 73
3 8 226
9 3 88
9 2 2
9 5 113
1 3 184
4 10 61
7 1 52
6 1 150
10
2 7 61
2 6 208
4 6 37
10 4 145
1 10 26
9 4 194
4 5 240
9 8 92
2 3 273
10
6 1 224
3 6 95
1 4 155
7 6 173
8 3 65
5 8 27
9 4 46
6 2 209
8 10 296
10
10 8 20
9 8 271
9 5 165
5 2 113
1 5 144
7 5 125
3 1 242
6 1 116
4 2 171
10
5 6 262
6 10 200
9 5 29
10 2 53
10 3 149
2 4 129
4 7 180
7 1 146
8 2 255
10
10 7 148
7 9 219
9 2 19
5 2 29
7 8 38
3 9 161
7 1 159
6 1 185
6 4 291
10
3 10 114
3 5 220
5 2 139
10 9 29
3 4 61
8 5 262
10 6 52
7 8 91
9 1 160
10
7 10 122
5 10 285
7 3 91
9 5 58
3 6 255
1 6 33
6 2 113
4 7 40
8 7 245
10
9 4 279
3 9 295
3 6 277
6 5 116
1 5 67
2 1 45
8 3 36
4 7 247
10 4 23
10
3 2 82
2 5 12
1 3 196
5 10 93
2 8 205
8 6 280
7 3 97
4 3 42
9 6 238
10
4 10 25
8 4 31
4 1 18
2 4 264
8 9 230
8 3 126
5 10 93
3 6 278
8 7 224
10
5 2 3
5 3 210
2 7 47
5 6 62
7 10 259
3 1 22
9 5 36
5 8 237
4 9 51
10
7 1 229
7 9 275
5 9 20
3 9 180
5 2 240
8 9 274
10 5 187
6 10 223
5 4 1
10
6 1 204
8 6 129
2 6 32
3 1 146
5 8 79
10 2 113
10 9 266
7 3 118
10 4 103
10
5 3 55
5 7 234
5 9 274
6 7 297
6 8 149
3 4 82
1 7 67
6 10 60
1 2 87
10
1 4 269
4 10 296
1 5 95
8 5 274
3 10 33
4 9 150
7 8 19
8 6 194
2 7 267
10
6 5 129
4 5 209
3 5 289
8 6 55
2 5 232
9 4 41
1 2 267
1 7 75
4 10 28
10
4 8 37
6 4 127
9 6 247
9 2 252
10 8 230
4 7 46
3 6 17
7 5 205
1 10 281
10
1 4 244
1 3 161
7 3 232
6 1 235
7 10 213
7 9 289
4 5 96
8 7 42
2 4 249
10
5 9 27
8 5 56
10 8 230
6 10 112
3 5 191
7 3 259
3 1 107
2 8 231
4 9 193
10
3 10 12
10 6 253
8 3 296
6 5 85
5 9 189
10 4 247
9 7 261
2 9 274
2 1 125
10
6 1 82
6 7 194
10 7 8
2 1 237
9 2 216
7 8 6
5 6 82
3 5 273
4 5 151
10
3 5 203
7 3 283
6 3 123
4 7 84
9 3 175
4 1 19
10 7 36
2 9 165
8 3 190
10
3 5 157
3 1 9
5 6 157
8 6 65
8 4 236
7 3 244
4 9 96
2 5 47
2 10 268
10
9 1 270
7 9 123
8 9 26
4 7 169
6 7 252
6 5 103
9 10 131
2 8 34
3 6 98
10
6 5 195
2 5 99
2 10 168
8 10 77
8 4 241
9 10 110
7 8 27
1 2 179
3 7 198
10
5 3 282
5 2 175
2 9 169
3 6 19
3 1 292
9 8 291
6 7 165
10 6 182
4 1 118
10
6 1 105
8 6 115
10 6 108
3 8 103
10 2 188
3 7 54
8 5 80
2 4 297
7 9 150
10
4 2 204
2 9 124
7 2 275
5 7 239
3 7 189
10 7 178
1 3 29
2 6 33
8 1 219
10
6 5 90
3 6 270
6 2 263
7 3 107
5 8 22
1 7 233
2 9 212
1 10 91
4 3 97
10
3 6 190
3 9 55
6 5 106
7 5 146
9 8 291
10 9 286
1 6 286
7 2 287
4 6 234
10
4 7 274
7 3 196
7 9 290
4 5 191
10 9 102
3 6 78
4 8 29
6 1 194
2 6 14
10
8 7 50
8 2 175
1 8 163
4 7 62
3 4 140
9 3 81
10 1 238
5 8 163
1 6 164
10
9 6 195
9 7 90
5 6 147
9 4 15
9 1 296
6 3 254
8 5 83
8 2 64
10 9 145
10
3 6 4
6 5 68
3 4 147
5 10 263
2 6 12
7 3 171
10 9 217
7 1 252
6 8 218
10
6 8 289
6 3 15
3 10 1
5 6 84
10 2 294
3 4 115
1 5 194
7 8 180
9 5 5
10
8 9 31
10 9 266
9 7 70
3 8 57
10 2 300
4 8 172
3 5 34
1 10 77
6 1 235
10
3 10 291
1 10 152
5 10 120
4 3 119
10 9 191
9 8 282
2 10 156
6 5 65
7 4 173
10
6 2 249
5 2 68
1 5 63
10 5 168
4 6 105
9 2 280
8 5 73
3 6 168
6 7 5
10
7 5 3
7 9 4
5 3 25
4 7 120
7 1 61
6 3 286
2 7 218
5 8 10
10 6 221
10
10 5 241
5 9 153
9 1 278
2 10 88
8 10 126
6 8 147
10 7 272
3 7 209
4 3 66
10
9 10 245
9 1 299
6 10 300
5 6 7
4 10 186
2 6 125
3 10 181
8 4 159
7 9 232
10
6 3 170
9 3 94
1 3 148
1 5 286
9 7 103
3 10 174
1 8 255
7 4 244
2 7 118
10
10 8 148
5 10 295
2 5 48
1 8 98
8 6 43
8 7 182
9 10 274
8 3 39
4 6 260
10
6 8 44
5 6 139
4 6 84
3 6 34
8 2 223
5 1 244
5 7 257
9 7 178
4 10 152
10
6 5 193
9 6 165
1 9 110
2 1 235
6 7 229
7 4 254
10 2 171
3 2 230
7 8 114
10
9 1 113
8 1 72
1 4 112
7 8 160
3 1 168
10 3 118
2 10 58
10 6 180
2 5 112
10
10 3 229
9 10 239
9 8 134
4 8 155
5 8 43
8 6 293
2 8 213
8 1 112
7 10 169
10
8 9 90
8 10 156
9 2 25
7 10 143
6 7 262
5 10 195
6 4 28
3 4 124
1 8 210
10
10 6 263
2 6 64
2 8 102
4 10 111
6 3 45
7 10 202
1 4 298
5 7 71
9 1 104
10
7 5 20
4 5 25
1 5 28
7 6 124
10 5 191
6 3 57
2 1 29
4 8 166
9 3 229
10
4 7 277
7 10 57
9 4 292
4 8 299
3 10 37
6 4 85
9 2 289
5 2 102
4 1 143
10
8 9 224
1 9 84
9 5 182
2 8 6
4 1 109
8 10 103
1 7 295
9 6 63
9 3 117
10
7 9 158
9 5 78
9 8 179
3 9 203
6 9 264
7 10 61
2 3 19
4 7 278
1 8 252
10
3 5 241
1 5 290
9 3 35
6 9 277
7 9 25
1 4 292
7 8 162
5 2 60
5 10 82
10
3 1 34
4 1 262
3 6 119
9 4 269
1 8 14
1 5 55
10 6 208
5 7 71
2 8 223
10
6 3 94
8 3 155
4 3 54
1 8 77
8 7 247
9 8 209
5 4 51
10 1 53
1 2 136
10
7 3 145
3 6 27
4 7 152
3 9 99
9 8 107
3 1 177
8 2 249
7 5 51
8 10 196
10
7 3 44
8 7 300
9 8 193
9 4 51
7 5 144
10 7 172
1 3 192
7 6 200
2 6 15
10
1 10 85
8 10 259
1 2 147
10 7 288
3 10 240
3 4 147
6 3 7
9 7 174
5 10 213
10
6 9 106
6 10 251
10 1 95
1 5 193
7 1 98
4 9 263
2 6 188
8 2 128
3 4 59
10
3 5 237
4 3 273
3 6 60
3 10 260
3 1 80
8 10 50
9 5 21
3 2 10
7 10 267
10
4 1 91
10 4 99
6 10 48
1 5 75
10 3 279
4 2 180
9 6 36
7 1 220
8 5 258
10
8 3 143
10 8 63
9 3 117
8 7 56
1 9 73
2 10 156
5 1 40
1 6 216
4 3 252
10
2 4 149
6 4 134
3 2 46
4 7 200
6 1 171
6 9 210
10 7 61
5 7 88
8 4 288
10
9 5 184
10 5 6
3 9 138
3 6 55
8 6 242
9 2 63
4 6 139
1 3 183
6 7 168
10
10 9 279
1 9 161
4 10 20
2 1 12
9 8 80
9 3 145
7 3 275
9 5 36
6 8 114
10
9 8 21
8 10 125
6 8 237
9 4 131
4 5 29
7 10 36
3 6 103
9 1 103
2 9 103
10
2 9 287
4 9 170
5 2 192
9 10 102
8 10 241
2 1 149
4 3 50
6 2 154
7 3 188
10
3 1 245
3 5 82
3 8 279
10 5 74
4 5 162
3 9 254
5 2 160
6 1 217
7 2 39
10
4 2 190
7 4 42
4 6 22
6 5 46
8 5 300
8 10 45
9 2 47
10 3 74
1 7 188
10
10 6 28
8 6 14
4 8 24
8 9 232
9 3 240
9 7 210
3 5 258
2 3 256
8 1 285
10
1 2 153
2 10 210
3 10 201
3 5 68
7 5 157
4 5 264
2 8 70
7 6 256
5 9 267
10
7 6 176
8 7 261
7 3 239
6 1 252
1 10 276
7 9 98
8 2 69
6 5 201
4 3 105
10
6 10 229
10 8 161
10 2 101
3 2 214
3 9 237
3 7 19
5 7 268
4 5 229
1 9 29
10
9 3 34
2 3 266
9 10 74
2 5 36
1 10 247
9 7 80
10 6 170
4 7 196
6 8 224
10
3 2 143
9 2 288
2 1 132
9 6 234
4 6 195
5 6 56
2 7 170
2 10 225
1 8 56
10
3 1 297
5 3 32
1 10 190
5 7 160
1 2 289
3 8 211
6 7 29
6 4 225
7 9 70
10
3 1 141
8 3 135
4 1 295
2 8 73
7 3 54
9 3 243
7 6 168
5 6 18
9 10 199
10
10 5 95
5 9 195
2 9 18
3 9 252
1 2 125
5 7 199
5 6 108
4 3 202
8 5 199
10
7 5 40
7 4 96
10 4 143
8 5 183
8 1 68
6 10 92
3 7 216
2 3 216
9 4 52
10
9 1 117
1 4 116
1 8 126
7 8 289
6 9 122
9 2 102
3 9 233
7 5 234
10 9 239
10
2 1 268
5 1 34
1 4 248
2 7 130
9 7 99
7 3 275
6 7 76
8 1 191
6 10 124
10
7 2 299
7 1 271
5 1 213
8 1 275
4 8 19
3 4 51
6 4 57
9 1 14
2 10 240
10
3 8 208
9 3 66
8 2 43
2 10 140
10 6 126
10 7 126
1 8 190
7 5 244
7 4 204
10
1 7 220
3 1 199
3 9 43
7 8 237
5 3 217
6 8 266
4 3 40
10 1 151
6 2 46
10
4 3 124
8 4 278
2 3 170
4 5 41
3 10 185
8 6 298
6 9 83
6 7 254
9 1 232
10
3 8 95
3 4 190
6 3 282
9 6 4
1 4 180
6 2 104
9 10 224
7 10 19
5 10 279
10
9 8 293
8 4 155
3 8 121
1 4 73
8 2 13
1 7 41
2 6 176
10 1 70
3 5 227
10
8 3 172
1 8 30
2 3 239
10 8 168
7 8 27
5 2 205
2 4 249
1 9 59
10 6 16
10
2 5 240
5 1 35
1 10 167
10 8 287
10 4 237
3 5 288
7 2 92
9 5 215
1 6 165
10
9 4 116
1 4 97
6 9 211
5 4 144
4 3 191
4 8 162
5 7 20
8 10 224
2 3 189
10
8 3 32
4 3 292
7 4 87
4 6 11
10 8 297
3 1 83
2 7 297
5 3 10
9 5 233
10
4 6 89
10 4 278
1 4 192
5 4 126
7 6 20
6 3 84
5 9 219
2 3 185
8 2 43
10
7 10 231
4 10 222
2 7 235
8 2 211
2 5 172
6 8 40
10 3 173
9 7 200
1 7 207
10
8 7 253
8 1 124
1 2 89
9 7 16
9 4 190
8 3 111
2 5 192
8 10 43
6 1 18
10
2 8 118
7 2 92
2 9 296
3 8 44
6 8 137
1 7 205
3 4 74
8 10 198
1 5 282
10
2 1 36
7 2 47
2 4 188
4 8 66
1 10 239
3 4 267
6 7 65
10 9 23
4 5 174
10
3 8 184
2 3 196
8 10 71
10 7 150
2 5 99
10 6 168
10 1 46
1 4 266
3 9 167
10
9 8 63
3 9 243
6 8 64
3 7 294
9 4 8
8 5 15
9 1 74
8 2 52
10 6 156
10
9 6 280
9 10 285
1 6 210
3 1 94
10 5 256
10 2 48
8 1 280
6 7 292
6 4 196
10
8 5 173
5 10 103
10 3 194
2 3 130
1 8 218
4 5 46
6 8 40
9 1 120
10 7 254
10
8 10 147
10 2 22
8 6 259
10 4 54
3 6 108
6 1 224
8 7 135
5 4 211
4 9 14
10
5 1 87
5 3 236
3 8 77
8 9 269
8 2 153
9 7 100
10 8 257
7 4 282
6 5 111
10
7 1 175
1 9 25
10 9 89
7 3 165
10 8 284
7 6 108
4 8 42
5 10 3
5 2 115
10
6 4 43
9 4 89
5 6 255
7 5 31
10 6 60
9 1 48
2 1 106
9 3 92
10 8 150
10
6 8 24
8 2 6
2 1 271
4 6 202
10 4 144
10 3 97
2 7 40
1 5 63
2 9 257
10
6 9 153
6 7 150
6 10 67
10 3 268
1 3 216
5 3 160
8 10 233
4 6 49
2 1 57
10
4 6 230
4 7 223
8 4 92
8 2 266
10 7 265
1 8 3
5 1 120
8 3 211
9 3 281
10
3 7 43
2 3 70
2 8 69
10 7 170
6 2 33
9 6 8
4 9 184
2 5 58
4 1 172
10
7 8 187
4 7 138
4 1 183
5 1 16
10 4 71
5 2 101
9 2 93
3 1 246
6 10 168
10
3 5 225
3 9 61
9 6 140
6 10 208
6 2 31
5 7 258
7 4 214
1 3 125
8 2 119
10
4 1 47
5 1 244
5 3 284
6 5 165
10 6 148
9 1 276
4 2 44
9 7 295
5 8 37
10
5 8 203
10 5 32
8 3 298
7 5 112
9 7 297
7 4 27
5 2 170
1 5 90
7 6 58
10
5 1 265
4 5 90
10 4 212
1 6 282
5 2 131
9 1 93
1 8 273
2 7 222
3 7 182
10
5 4 170
5 9 215
3 5 90
1 4 148
2 5 56
9 6 8
4 8 80
3 10 73
7 6 228
10
9 8 144
8 4 127
1 9 180
8 3 63
5 4 259
8 10 110
6 3 291
7 1 249
5 2 171
10
7 1 282
7 10 236
10 3 228
3 8 252
6 1 250
5 3 227
1 2 53
6 9 75
10 4 23
10
4 2 54
2 6 32
10 4 166
6 8 263
6 1 120
9 6 106
3 9 97
1 7 165
5 6 16
10
3 5 155
3 9 7
1 3 178
3 4 255
7 1 137
10 4 52
9 2 166
4 8 76
6 7 184
10
7 4 248
5 4 223
5 3 181
6 7 14
2 5 299
9 5 120
5 1 136
3 8 52
10 4 230
10
4 5 299
9 5 88
3 5 122
5 10 65
9 6 125
2 4 238
8 4 164
10 7 113
3 1 116
10
5 2 202
7 5 214
7 3 107
3 9 40
10 5 188
3 4 202
6 3 229
8 3 270
1 7 34
10
4 9 105
9 8 15
2 4 151
2 3 10
7 2 57
5 4 222
1 8 55
8 10 183
8 6 3
10
3 10 194
10 1 2
10 8 56
7 10 224
8 6 88
9 1 288
5 1 46
1 2 65
5 4 26
10
8 2 16
4 2 70
6 4 153
10 2 219
9 4 128
5 10 10
1 2 162
4 3 72
7 2 85
10
8 1 247
7 8 272
7 2 280
9 7 255
9 5 156
1 3 238
7 10 293
7 4 64
6 3 155
10
5 3 265
3 8 61
3 10 11
6 3 275
4 6 278
4 1 212
7 3 230
8 2 43
2 9 38
10
5 8 230
2 5 225
5 7 102
4 5 23
2 10 250
3 4 199
3 6 221
10 9 167
8 1 260
10
1 9 45
4 1 286
8 4 81
9 6 273
1 2 82
8 10 165
1 5 260
1 3 52
4 7 171
10
6 8 214
1 8 111
1 10 220
1 2 279
9 1 10
7 6 228
5 8 40
4 10 200
5 3 162
10
5 9 102
4 9 22
5 8 114
10 8 272
7 9 157
7 1 81
7 2 258
3 10 162
9 6 45
10
3 4 158
3 7 55
4 8 131
2 7 82
7 10 116
2 6 142
9 2 166
3 1 148
5 1 55
10
2 1 209
8 1 197
8 4 12
4 7 190
6 8 74
5 6 221
1 9 120
3 1 108
1 10 184
10
7 2 85
6 2 29
2 3 8
10 7 158
3 8 39
9 3 231
5 7 145
1 3 275
3 4 205
10
9 4 216
6 4 38
5 9 222
8 6 61
10 6 157
6 1 14
9 7 20
1 3 111
9 2 80
10
1 5 98
3 5 89
8 1 144
5 10 74
4 5 67
2 8 71
10 9 249
7 3 205
2 6 109
10
9 4 43
1 4 229
4 8 150
5 4 270
5 3 31
6 4 136
10 4 45
8 2 233
7 5 9
10
7 1 194
5 7 13
7 2 216
2 10 277
2 4 43
6 7 108
4 8 105
5 3 52
9 1 51
10
3 4 109
3 9 132
5 4 177
5 7 87
10 9 73
6 7 14
3 8 223
9 2 285
9 1 92
10
2 7 81
7 8 41
9 7 222
8 10 117
1 8 79
10 6 226
5 6 130
4 7 135
3 2 209
10
6 2 205
9 6 157
9 7 211
2 4 217
7 8 207
9 10 136
5 6 227
1 2 13
10 3 66
10
4 3 284
4 5 38
5 10 102
3 8 29
3 9 108
7 4 265
2 4 273
7 6 268
4 1 29
10
5 2 35
5 9 80
1 2 262
9 7 36
10 2 225
8 1 106
3 9 59
5 6 65
6 4 95
10
3 10 31
3 9 263
9 7 103
3 4 183
9 6 191
9 2 24
10 8 166
1 7 181
5 1 233
10
4 3 109
4 10 215
3 9 94
2 3 110
7 9 170
3 1 150
2 5 52
8 1 266
6 5 47
10
2 4 192
4 8 231
2 1 188
7 1 25
6 7 214
3 6 53
2 9 235
10 8 161
5 3 90
10
3 4 127
6 3 159
2 3 119
2 5 183
3 8 245
5 7 275
10 4 6
5 9 42
1 3 278
10
4 7 273
2 7 155
5 4 152
1 2 1
4 10 217
3 1 128
10 8 260
6 7 189
9 3 243
10
5 6 150
6 3 252
4 3 258
7 6 194
2 4 257
10 6 187
10 9 168
1 10 212
8 6 288
10
8 7 26
8 9 82
8 3 268
7 1 299
6 9 86
10 8 23
2 10 201
6 4 56
5 7 160
10
10 1 226
6 10 286
1 4 78
7 1 294
8 7 110
4 9 277
1 3 73
1 2 138
5 9 72
10
6 5 71
1 6 155
4 5 296
2 5 128
4 8 234
3 1 130
9 5 92
4 10 248
7 10 295
10
7 9 283
9 4 145
8 9 235
8 2 252
7 6 132
8 10 281
9 1 210
3 6 152
9 5 226
10
8 2 12
8 7 100
2 6 75
5 8 71
4 6 259
3 8 183
5 9 167
6 10 31
7 1 219
10
9 6 70
4 6 289
3 6 111
7 6 35
5 3 240
2 3 132
10 2 188
8 7 156
2 1 178
10
8 9 194
8 6 156
2 9 7
4 6 282
10 6 176
9 5 213
7 8 263
1 10 125
6 3 85
10
4 8 31
4 3 2
8 7 188
8 5 177
2 7 271
4 9 101
7 6 273
10 6 263
1 4 39
10
5 6 36
5 1 88
6 8 291
4 1 105
9 6 215
2 4 163
3 5 93
7 3 82
9 10 165
10
2 4 87
4 6 246
3 2 59
6 8 8
9 4 268
2 10 164
5 6 256
10 7 192
8 1 231
10
10 8 12
10 6 33
6 4 163
3 8 166
3 1 45
7 6 239
2 4 15
2 5 195
9 4 261
10
9 3 117
7 9 43
5 9 117
8 5 274
7 4 153
7 10 63
5 6 161
1 9 95
2 4 115
10
1 8 150
7 8 169
8 10 284
5 8 37
10 3 274
1 2 249
7 4 216
6 1 71
10 9 136
10
8 7 21
7 3 252
5 3 181
5 9 9
7 6 179
4 6 115
8 2 294
8 10 176
6 1 206
10
5 1 119
1 3 75
5 10 133
9 5 103
8 9 252
4 10 179
6 5 225
2 6 158
7 6 98
10
8 7 172
7 4 126
3 4 146
10 8 42
6 3 110
10 2 290
9 3 288
5 4 136
1 9 170
10
2 3 177
2 9 72
6 2 89
1 9 3
8 6 116
2 4 239
1 7 202
10 4 266
5 9 114
10
2 3 103
6 2 33
5 6 2
5 1 90
9 3 64
6 8 73
4 3 31
10 8 92
4 7 136
10
6 1 145
6 4 259
10 6 84
6 9 277
3 1 44
4 7 295
3 5 177
8 9 172
2 4 225
10
9 8 129
8 2 208
5 2 130
6 2 228
3 9 66
7 8 141
1 6 263
6 10 262
4 5 221
10
1 6 123
2 6 7
6 7 297
5 2 10
8 6 90
8 10 199
5 3 161
8 4 212
1 9 87
10
1 6 70
3 1 281
1 2 96
1 5 19
7 1 235
1 9 115
8 6 130
10 2 82
4 8 256
10
10 2 140
8 10 23
10 9 232
7 9 151
5 8 50
5 4 38
9 3 8
6 3 132
1 10 151
10
9 5 16
8 9 146
6 8 55
5 4 298
2 8 176
4 7 285
1 2 64
10 6 282
3 4 103
10
5 10 21
5 9 269
5 2 149
9 8 94
4 9 187
7 2 93
6 9 300
9 1 194
7 3 24
10
2 4 11
2 6 227
6 8 38
6 5 253
2 7 88
4 1 13
3 4 176
9 6 236
5 10 247
10
8 3 238
2 3 231
2 10 243
6 8 183
1 8 48
2 4 268
8 5 63
5 7 62
10 9 243
10
4 3 174
10 4 51
5 3 72
7 3 155
10 2 248
8 2 92
6 5 79
1 5 38
9 1 287
10
4 8 283
7 4 225
10 4 209
1 4 97
1 3 48
7 9 288
5 3 105
6 7 296
2 4 83
10
4 2 104
2 6 217
4 9 283
9 3 13
8 3 247
3 10 293
1 6 107
7 2 188
5 9 13
10
7 10 256
8 7 37
4 8 2
1 10 6
7 6 64
5 1 163
9 1 271
6 3 44
2 4 230
10
5 3 205
2 5 111
3 8 147
10 2 76
5 9 280
3 7 278
1 10 230
10 4 175
6 4 9
10
1 10 195
10 8 49
1 4 142
5 8 138
1 7 255
4 2 29
6 8 10
5 3 168
9 8 23
10
2 9 140
4 2 37
3 2 181
7 9 262
2 1 247
5 7 86
5 8 237
3 6 103
1 10 272
10
4 1 72
7 1 293
4 9 172
5 1 266
9 2 24
6 5 110
7 3 239
4 10 227
3 8 228
10
3 9 260
9 2 132
9 1 177
9 10 169
4 9 69
5 9 23
6 2 273
7 1 129
10 8 257
10
8 4 92
4 3 188
2 8 59
6 8 58
5 3 244
8 1 25
10 6 151
7 10 252
9 2 152
10
5 6 290
3 6 131
3 1 103
10 3 32
6 7 253
9 3 255
4 9 227
8 1 1
2 9 295
10
1 5 69
2 5 49
1 7 119
2 10 157
1 8 252
9 2 295
3 9 142
1 4 248
6 2 50
10
10 2 272
3 2 237
8 3 205
8 5 265
9 3 8
6 9 42
4 8 9
6 1 164
5 7 125
10
6 3 292
3 10 28
10 9 53
1 3 188
9 8 167
3 2 280
9 5 180
4 3 57
7 9 196
10
6 8 182
10 6 56
10 2 223
2 1 129
1 9 272
4 10 54
7 6 142
5 6 135
3 4 71
10
2 1 119
2 4 168
4 7 230
7 8 194
10 4 136
1 6 221
9 7 39
3 1 279
10 5 110
10
10 6 250
2 10 121
6 4 170
7 10 159
3 6 39
8 4 82
3 1 9
5 2 259
9 5 119
10
6 8 183
3 6 152
6 2 5
9 8 33
2 5 214
10 6 141
7 5 22
4 3 166
5 1 145
10
7 1 2
4 1 295
4 3 278
9 7 127
2 3 128
5 3 16
3 8 172
8 6 110
10 3 112
10
9 2 243
9 6 109
7 2 121
9 5 236
3 2 269
8 6 150
5 4 240
6 1 248
2 10 6
10
8 9 288
6 8 141
3 9 64
2 6 128
8 1 135
5 3 128
10 6 235
7 6 156
3 4 238
10
3 2 141
3 9 52
9 10 48
4 9 80
4 7 41
7 1 192
9 8 208
3 6 248
6 5 60
10
4 1 229
1 3 212
8 3 205
4 9 162
4 5 109
2 8 80
5 6 133
4 7 177
7 10 150
10
3 4 142
4 5 280
4 9 103
3 1 263
10 4 223
7 3 33
10 2 160
6 3 55
8 5 150
10
3 1 118
7 1 184
3 9 169
1 6 164
6 10 83
4 1 185
1 8 107
2 7 54
9 5 254
10
3 8 291
3 6 163
2 3 149
7 3 208
8 10 268
1 6 259
5 7 225
3 9 58
8 4 267
10
1 9 280
7 1 132
10 1 239
4 10 90
9 6 243
2 10 33
2 5 201
5 8 225
5 3 263
10
4 6 254
2 6 173
2 7 152
2 9 71
9 10 176
2 1 149
3 9 240
8 7 96
5 2 56
10
5 3 81
3 1 110
10 3 260
10 7 238
5 6 281
2 3 280
4 10 46
2 9 188
4 8 227
10
3 7 150
7 4 109
5 4 123
8 7 248
8 10 90
3 6 297
9 3 32
1 7 26
2 4 207
10
10 3 281
10 4 121
7 3 131
4 8 177
10 6 196
6 9 82
3 2 119
5 3 22
1 6 14
10
2 6 267
1 2 289
1 4 125
2 7 186
6 8 49
2 3 165
2 9 132
5 1 298
2 10 48
10
9 5 230
5 6 147
1 5 37
1 10 72
1 7 70
7 2 31
6 4 237
6 8 181
3 4 134
10
9 3 74
10 3 7
9 2 250
4 2 222
5 9 297
7 9 8
8 3 91
1 7 19
4 6 199
10
9 3 33
3 6 213
5 6 110
4 6 190
8 3 126
9 1 266
2 5 125
7 8 48
5 10 228
10
8 4 224
7 4 293
8 3 14
8 5 224
10 8 283
6 4 247
2 4 93
9 5 193
8 1 245
10
1 10 66
5 1 244
4 10 55
6 5 299
6 2 34
4 9 101
7 5 48
3 7 175
6 8 70
10
10 7 284
2 7 274
7 4 284
2 6 296
6 1 218
5 10 263
3 2 160
1 9 114
8 4 95
10
4 1 210
5 1 17
10 5 125
5 6 33
7 5 52
4 3 234
9 10 286
7 8 134
8 2 22
10
2 5 67
2 6 28
4 6 280
2 3 91
8 2 264
5 1 77
1 9 17
7 1 295
10 7 275
10
9 4 70
5 9 161
9 3 233
1 9 156
8 5 200
10 4 105
2 10 131
6 4 14
9 7 35
10
1 9 8
3 1 271
5 3 274
10 9 283
8 5 160
10 2 84
7 10 20
6 1 54
3 4 282
10
5 8 196
4 5 257
7 8 62
6 7 80
7 9 101
10 8 80
2 9 150
3 9 60
1 3 9
10
9 6 229
10 6 17
10 4 109
2 4 263
1 9 30
5 9 135
4 8 72
9 3 170
8 7 54
10
6 3 62
6 9 146
3 8 211
6 1 172
10 1 33
6 7 227
7 4 48
7 5 24
9 2 73
10
2 3 274
2 8 258
8 7 184
9 8 204
1 2 132
1 4 186
8 6 140
5 7 121
5 10 166
10
6 8 64
9 6 203
9 3 95
5 6 130
5 1 182
6 2 184
8 4 243
10 9 129
8 7 224
10
5 7 183
5 9 176
7 8 89
7 4 28
10 9 212
7 6 13
1 4 55
4 3 243
4 2 207
10
3 5 2
8 3 225
9 5 91
10 9 147
9 7 293
7 6 131
1 5 124
2 10 230
1 4 285
10
9 1 136
4 9 235
4 2 211
1 10 244
2 5 216
7 4 71
8 10 4
6 2 169
8 3 20
10
10 4 168
7 10 226
3 4 32
2 3 31
5 4 59
4 9 164
7 1 180
8 7 66
6 10 193
10
2 3 73
2 5 90
10 5 161
2 9 107
1 9 142
10 6 234
7 1 129
8 7 213
1 4 123
10
2 1 258
1 3 120
1 4 245
8 4 162
10 8 159
6 3 134
5 4 107
3 9 234
7 8 101
10
5 2 13
5 3 47
3 7 20
10 7 249
7 6 121
6 1 228
8 5 124
9 6 67
7 4 126
10
6 7 244
7 5 251
9 5 58
8 6 90
5 2 289
4 9 151
3 6 198
10 8 98
2 1 157
10
4 7 35
1 7 221
8 7 296
7 3 12
8 5 169
8 2 253
1 10 236
9 8 171
6 9 183
10
7 6 82
9 7 271
4 9 232
3 6 124
4 10 36
2 6 42
9 1 32
8 10 280
8 5 165
10
4 1 163
1 7 242
6 7 220
7 9 292
4 3 246
8 3 250
3 5 263
6 10 93
10 2 179
10
4 2 74
2 3 64
10 4 133
2 9 181
1 9 226
5 10 299
2 6 79
10 8 26
7 1 226
10
4 5 290
2 5 59
5 1 54
4 10 207
6 5 96
7 6 54
3 1 122
3 9 69
5 8 45
10
9 10 137
1 10 227
10 2 155
6 10 122
10 3 291
10 8 93
4 6 63
7 2 168
8 5 67
10
7 6 150
6 9 14
6 10 129
2 10 188
4 9 164
3 7 11
1 6 255
4 8 192
5 1 205
10
8 7 85
7 9 194
7 5 83
8 2 37
7 4 171
3 2 171
2 10 55
6 10 256
1 3 299
10
4 3 256
4 8 195
6 4 150
3 10 5
10 1 35
6 2 284
7 1 250
7 5 223
8 9 149
10
4 6 182
8 6 285
3 4 80
9 3 37
2 8 231
1 2 214
2 10 287
4 7 118
5 10 106
10
4 2 150
2 7 208
3 4 220
10 2 79
2 6 237
6 9 273
1 3 147
8 4 171
8 5 114
10
2 1 13
7 1 180
8 7 38
2 3 69
6 3 195
5 7 211
4 6 54
7 10 228
10 9 196
10
6 2 244
6 3 13
9 3 137
9 7 123
9 10 270
4 2 35
2 1 18
8 6 159
5 7 239
10
2 8 115
3 2 203
4 2 251
4 10 164
6 8 189
7 10 31
9 4 57
1 7 141
5 4 224
10
5 10 292
6 5 2
9 10 277
6 1 41
1 4 102
3 1 174
9 8 121
2 10 24
7 6 157
10
5 9 98
9 2 295
10 5 130
3 9 187
4 9 53
8 10 141
1 5 167
7 4 8
6 1 280
10
10 2 10
2 5 219
4 2 59
2 3 136
2 6 153
8 2 117
6 1 185
9 10 91
7 1 70
10
9 5 55
10 5 275
1 10 161
10 2 49
1 3 268
3 8 8
10 7 226
1 6 153
5 4 148
10
4 1 264
1 3 40
10 1 218
5 10 110
1 6 242
10 9 97
7 4 54
8 9 241
2 10 115
10
7 3 291
1 7 84
1 9 23
8 3 264
5 7 262
6 7 112
3 2 86
5 10 282
3 4 300
10
6 7 154
4 7 289
9 4 166
2 4 273
5 7 181
6 3 110
2 1 82
10 2 3
10 8 142
10
5 9 134
3 5 259
4 5 297
2 9 252
10 9 222
6 3 16
10 1 184
5 7 176
9 8 111
10
9 10 204
2 9 185
9 4 31
8 2 137
5 8 229
7 8 106
1 2 240
6 2 233
4 3 197
10
6 10 192
8 10 31
6 2 161
6 9 181
3 8 264
5 3 171
9 1 16
8 7 10
4 3 151
10
9 4 42
4 3 48
8 4 88
9 10 48
2 9 159
7 2 188
1 8 140
2 6 279
5 10 126
10
5 4 282
6 4 141
4 10 216
5 9 261
2 6 243
7 9 148
8 7 107
8 3 221
1 5 91
10
1 5 234
6 5 198
4 1 26
4 10 175
6 9 12
5 7 107
8 4 255
9 3 234
2 6 9
10
1 7 219
4 1 249
7 9 19
4 8 200
6 4 220
5 9 283
8 2 26
8 10 132
1 3 242
10
8 4 89
4 1 173
1 5 250
2 4 27
2 7 32
8 3 51
9 2 205
5 10 57
2 6 72
10
4 1 144
4 2 226
5 4 282
10 5 291
10 3 239
10 8 172
9 5 86
8 7 4
3 6 259
10
5 9 135
7 9 23
9 8 209
4 7 249
8 3 129
8 10 191
8 1 239
9 6 240
7 2 238
10
2 5 175
7 5 218
7 10 61
9 2 261
7 6 29
5 4 156
2 1 82
6 3 286
5 8 127
10
10 2 239
10 6 232
7 10 299
10 5 102
10 4 253
8 7 48
5 1 285
8 9 276
2 3 44
10
9 10 181
6 9 74
10 1 137
7 9 127
7 5 273
8 6 109
3 8 19
5 4 297
1 2 226
10
8 9 209
7 9 35
10 7 288
7 4 54
3 7 243
9 2 102
1 4 197
6 4 288
10 5 99
10
6 3 130
3 9 28
9 1 103
7 1 280
2 9 11
1 5 25
10 2 72
7 8 56
1 4 33
10
4 2 83
5 2 200
6 2 210
6 3 239
5 8 184
7 4 290
5 1 44
7 10 223
5 9 75
10
1 7 124
6 1 38
6 8 284
10 6 95
9 10 122
3 8 79
7 2 150
5 8 218
4 10 40
10
7 4 116
8 4 86
8 2 18
5 2 72
6 4 214
1 4 24
6 9 16
8 10 62
6 3 35
10
2 4 80
1 4 218
5 4 161
6 5 181
2 8 81
5 3 31
7 1 22
5 10 117
7 9 219
10
2 7 210
2 6 281
7 10 44
3 6 90
6 4 233
2 9 103
6 1 38
8 4 24
5 8 158
10
3 6 158
6 8 135
2 3 99
5 3 22
3 1 25
10 1 33
10 4 163
9 10 213
6 7 38
10
6 2 40
9 6 43
6 8 91
7 8 290
6 4 53
1 4 174
4 5 133
10 1 220
3 5 43
10
5 1 101
6 5 105
3 6 139
8 1 184
8 2 75
1 4 88
5 10 148
3 7 91
4 9 201
10
9 8 228
8 10 75
8 1 166
6 8 116
4 6 179
4 2 181
5 9 145
7 9 202
1 3 65
10
9 5 298
9 10 48
9 3 145
10 2 17
7 5 138
4 2 76
9 1 85
1 8 234
6 3 151
10
7 9 214
2 9 257
9 8 69
6 2 194
10 8 69
3 9 4
5 2 192
1 6 274
4 2 97
10
2 10 74
8 10 157
8 7 272
9 7 158
9 5 228
5 3 178
4 5 274
6 8 264
1 10 176
10
2 1 39
10 2 213
6 2 29
2 3 254
10 5 72
3 9 163
9 4 135
3 8 36
7 4 141
10
6 7 11
7 9 52
7 1 72
8 6 146
3 7 272
6 4 237
10 3 254
1 2 7
5 7 29
10
6 5 260
5 7 145
4 6 146
10 4 124
4 9 14
9 1 105
2 7 297
6 8 134
3 2 50
10
6 1 289
2 1 290
10 1 162
4 6 217
7 1 293
9 2 248
1 8 123
8 3 81
5 2 78
10
7 10 75
10 2 198
3 2 151
5 3 299
5 1 251
2 4 152
9 2 107
3 8 268
1 6 215
10
4 10 79
10 5 81
5 8 82
1 4 211
7 8 160
3 10 224
2 1 88
6 4 100
9 8 62
10
1 8 20
3 1 52
8 6 268
10 1 46
8 7 293
8 4 212
9 7 228
6 2 88
8 5 128
10
5 4 77
4 8 197
5 2 79
8 1 107
4 7 31
7 6 284
2 3 167
10 6 28
9 8 216
10
10 1 38
1 8 168
10 5 264
10 3 253
7 5 259
4 3 194
9 1 210
5 6 134
6 2 88
10
7 8 296
1 7 280
8 6 129
3 6 198
8 4 155
5 8 299
4 9 162
1 10 136
7 2 186
10
4 1 277
4 10 99
4 3 82
5 3 198
2 10 289
5 6 216
4 7 83
1 9 22
2 8 264
10
3 9 249
3 5 228
3 7 261
8 7 203
9 2 256
4 5 267
6 9 103
1 9 100
7 10 202
10
5 4 201
10 5 190
1 10 192
10 9 241
5 2 136
3 9 251
10 8 54
8 6 188
7 5 115
10
2 8 27
8 6 28
2 7 78
1 7 204
4 2 69
1 9 26
3 8 218
2 5 220
10 9 102
10
5 4 144
6 5 71
6 8 121
5 9 33
2 4 120
2 1 204
10 5 212
7 1 231
3 6 91
10
6 8 20
3 6 291
2 6 158
7 2 150
3 4 259
9 3 244
2 5 21
7 1 23
10 4 103
10
2 5 87
2 1 272
5 7 97
2 3 11
2 9 260
7 6 68
10 2 285
2 4 74
8 4 140
10
9 5 268
3 5 248
9 2 139
3 6 30
2 8 88
7 9 61
3 4 148
10 5 97
2 1 262
10
3 10 190
3 9 178
7 9 61
10 1 173
1 8 233
1 5 234
6 9 4
7 2 136
9 4 209
10
2 6 126
6 5 276
6 4 161
7 2 138
4 3 230
9 5 66
6 10 29
1 7 256
8 7 215
10
2 7 137
4 7 137
4 1 193
4 3 271
8 1 131
9 8 265
5 7 134
7 10 135
5 6 168
10
10 8 176
7 10 45
7 1 223
7 6 139
1 5 138
10 3 184
4 3 16
3 9 163
10 2 148
10
3 10 137
3 7 84
8 3 291
8 2 258
1 3 174
1 5 126
4 7 193
3 9 100
5 6 24
10
10 6 207
5 10 8
6 7 200
1 10 62
2 7 195
5 8 144
5 9 28
4 6 44
5 3 206
10
10 6 218
6 4 277
6 3 208
5 10 10
5 9 187
1 5 275
8 9 177
7 8 20
5 2 250
10
1 2 297
8 1 129
10 1 157
7 1 133
4 7 292
6 1 38
7 5 260
3 1 237
1 9 98
10
4 2 9
4 6 124
4 3 155
8 3 5
6 9 65
1 8 15
7 2 41
5 2 253
10 4 259
10
9 2 38
1 2 300
1 10 296
3 1 16
1 6 37
8 10 125
2 7 23
4 6 230
3 5 131
10
7 4 82
9 4 251
9 5 6
9 6 225
3 9 270
2 9 227
9 1 249
8 2 239
1 10 105
10
1 2 213
2 5 108
7 5 67
5 8 295
7 10 162
3 1 221
9 1 275
4 9 147
8 6 271
10
2 6 207
7 6 228
6 4 9
4 8 99
10 8 130
9 7 53
3 4 129
5 8 152
1 3 260
10
6 8 227
7 8 241
10 6 105
1 10 181
3 7 1
9 10 238
2 8 116
6 4 252
10 5 266
10
4 10 136
10 3 6
9 10 48
6 9 111
1 9 16
9 2 45
6 7 85
5 2 39
10 8 216
10
3 5 5
7 3 87
7 10 61
5 4 168
8 5 84
5 2 155
4 9 153
9 6 35
1 6 141
10
6 3 162
6 2 181
7 6 168
7 9 255
3 4 185
10 4 221
9 1 218
10 5 178
8 1 7
10
4 9 140
9 3 194
7 3 232
3 6 73
5 6 229
10 5 85
10 1 149
6 2 114
9 8 179
10
8 1 276
7 1 16
1 3 38
4 1 52
3 2 137
10 8 38
1 5 299
9 7 230
2 6 172
10
3 9 235
3 6 65
9 8 252
3 7 59
5 9 35
10 6 112
4 8 11
1 7 145
2 8 168
10
2 1 163
4 1 170
7 4 29
2 10 143
5 2 71
6 7 126
8 10 201
3 6 100
5 9 52
10
9 6 199
10 6 155
9 1 169
2 1 212
10 3 32
6 4 48
8 10 185
4 5 284
6 7 168
10
10 9 63
2 10 18
7 9 204
5 2 112
6 7 150
4 6 294
6 3 122
8 7 266
1 9 30
10
10 1 280
6 10 176
4 10 13
4 8 23
2 1 88
3 1 83
5 3 116
5 7 37
9 4 280
10
8 10 71
3 10 240
10 1 288
1 5 59
9 1 76
6 9 82
2 6 95
7 9 76
1 4 86
10
9 6 84
6 3 136
9 2 205
6 4 131
6 7 38
2 5 25
10 5 248
2 8 141
4 1 124
10
5 3 82
5 1 184
5 9 226
3 10 79
3 8 299
1 4 143
3 6 45
7 6 260
2 8 233
10
6 4 104
4 1 180
1 2 213
1 5 5
6 3 245
10 6 278
9 2 214
1 7 297
8 7 12
10
1 3 277
1 5 189
2 5 39
7 2 96
8 7 53
10 1 124
8 9 32
6 5 256
9 4 130
10
8 9 83
8 6 112
6 2 191
8 10 246
7 2 157
8 3 127
4 7 294
1 7 91
5 7 114
10
3 9 129
9 7 168
8 9 65
9 5 167
5 2 26
10 7 69
3 1 260
1 6 94
4 8 88
10
4 3 234
1 4 286
1 7 97
4 9 261
9 5 202
2 4 23
2 10 18
8 10 16
6 2 242
10
3 4 6
4 9 207
9 6 146
8 6 285
10 8 194
5 10 42
2 4 288
1 3 83
6 7 286
10
10 6 48
5 6 104
10 8 294
3 5 141
3 7 102
1 7 105
3 2 142
2 4 73
7 9 42
10
9 1 87
5 1 44
7 9 44
5 4 50
9 10 117
3 1 133
6 4 121
10 2 134
7 8 127
10
10 5 213
8 5 111
2 5 117
1 10 277
4 1 34
9 4 212
7 2 63
3 7 133
9 6 269
10
7 9 24
6 9 189
5 6 44
4 9 222
3 6 100
10 9 111
5 2 193
7 8 186
1 6 160
10
9 2 37
1 9 29
10 9 43
10 6 264
7 6 82
3 2 167
9 8 122
3 4 98
7 5 194
10
10 6 61
6 1 149
7 10 86
2 6 238
3 6 290
8 10 114
8 5 260
4 3 145
9 1 263
10
10 8 126
10 6 211
6 3 96
8 9 164
10 7 57
3 2 262
6 5 122
1 2 144
7 4 19
10
8 3 214
8 5 39
5 6 90
3 2 59
3 1 211
6 9 271
3 4 147
7 5 199
10 8 21
10
10 3 116
3 1 252
2 1 90
3 5 277
5 7 71
1 4 156
6 4 111
8 5 7
9 5 165
10
8 1 50
7 1 196
10 7 226
5 10 185
10 9 254
2 10 299
7 3 276
3 6 198
2 4 99
10
8 9 235
1 9 10
8 4 266
1 10 108
4 7 4
7 3 194
9 6 247
10 5 169
3 2 200
10
5 7 191
5 6 142
4 6 109
2 7 213
5 9 121
10 5 29
8 4 31
5 3 299
5 1 45
10
1 7 205
1 5 148
1 10 7
9 7 5
7 3 220
9 2 151
6 1 37
8 3 39
4 1 268
10
5 3 175
6 5 122
5 8 167
10 5 195
9 8 248
7 8 50
2 10 210
8 1 93
4 6 248
10
2 5 20
5 6 106
9 6 229
1 2 82
1 8 36
8 10 15
3 6 253
7 6 226
7 4 169
10
10 5 174
10 8 106
5 7 238
5 9 286
7 2 192
10 1 34
8 3 116
4 8 56
6 2 299
10
6 7 127
6 8 53
9 7 81
9 3 177
4 7 80
7 2 30
10 6 244
8 5 254
7 1 119
10
4 3 231
1 3 158
4 5 167
8 4 183
9 4 234
4 6 71
10 9 287
2 3 104
7 4 287
10
10 7 252
3 10 126
3 6 43
6 4 64
3 2 141
5 6 72
5 9 297
8 2 61
3 1 299
10
10 7 259
8 7 199
6 7 88
10 2 158
1 7 223
9 7 2
6 4 197
5 1 123
3 4 21
10
1 7 161
8 7 288
2 7 230
10 7 101
5 1 132
9 8 288
9 6 90
3 2 86
10 4 11
10
8 9 225
9 4 107
6 9 29
8 1 208
10 1 31
7 1 246
6 2 106
3 6 167
5 6 127
10
9 10 123
9 7 96
9 6 190
3 10 107
6 8 83
7 4 223
8 2 175
9 5 110
1 8 45
10
2 10 61
2 4 155
9 2 23
8 2 46
10 1 270
5 9 58
8 7 188
7 6 109
2 3 69
10
3 5 120
9 5 82
5 6 33
8 9 296
5 2 135
9 1 283
4 5 51
10 4 290
7 10 230
10
2 10 174
10 3 277
4 3 87
9 2 73
5 10 170
1 2 231
3 7 147
8 7 282
6 2 161
10
4 7 42
7 9 160
7 8 160
8 6 283
9 5 26
5 10 241
7 1 242
10 3 130
8 2 146
10
7 4 261
7 6 223
6 10 215
6 3 247
6 2 196
9 6 134
3 8 299
5 9 99
1 2 195
10
10 4 155
4 7 224
1 10 29
10 6 167
8 7 166
3 10 221
2 3 160
5 1 169
2 9 89
10
10 4 289
4 9 137
10 8 22
7 8 176
4 2 186
5 2 49
2 3 221
1 7 101
6 9 234
10
5 7 124
5 3 86
3 1 79
9 7 117
4 7 137
7 6 273
7 10 105
8 1 175
2 5 7
10
9 5 136
1 5 210
8 5 66
6 9 230
10 1 225
7 9 135
3 10 267
1 4 294
8 2 295
10
10 1 171
10 7 270
6 7 228
10 2 210
2 8 90
3 6 216
4 10 259
3 5 12
9 3 138
10
9 6 74
8 6 291
8 7 51
6 10 122
8 4 275
2 7 16
5 9 82
9 3 36
1 7 277
10
1 8 153
8 4 179
2 8 263
7 8 33
5 7 254
10 7 200
9 5 61
3 8 81
3 6 165
10
2 3 219
10 2 270
6 2 261
9 3 228
3 4 15
5 10 226
10 1 286
7 2 180
8 7 49
10
8 3 69
7 8 266
4 7 256
1 4 165
10 3 161
4 6 261
3 2 158
9 1 21
9 5 85
10
3 6 73
4 3 202
6 1 266
10 4 270
7 3 48
9 6 91
10 5 291
9 2 40
3 8 259
10
6 5 55
9 5 241
9 7 188
5 2 160
5 10 264
3 9 104
9 1 219
4 6 256
7 8 157
10
3 4 147
1 3 209
4 9 264
4 7 98
10 4 97
4 2 122
1 6 100
5 6 160
8 5 16
10
2 4 93
2 9 205
10 9 72
8 2 187
1 8 66
4 3 81
6 1 159
10 5 247
2 7 187
10
6 2 205
2 10 288
7 6 238
2 8 183
10 5 246
5 3 214
8 4 93
5 9 29
1 9 20
10
9 1 91
9 5 112
9 8 191
9 6 171
8 7 36
9 3 225
4 5 192
5 10 21
9 2 151
10
4 9 24
2 4 242
9 7 236
8 2 137
2 1 207
2 10 144
3 8 154
6 10 35
5 2 170
10
5 6 141
6 2 274
2 3 205
8 5 275
6 7 23
3 1 79
4 2 181
1 9 86
10 8 66
10
4 2 212
10 2 69
4 9 179
9 3 21
6 4 8
5 3 33
8 4 10
7 4 181
1 7 273
10
9 5 205
8 5 267
1 5 64
9 3 185
4 8 102
2 5 64
1 7 185
10 8 153
7 6 112
10
8 3 260
4 3 262
3 7 236
4 1 24
10 1 185
9 3 206
8 6 68
8 2 90
5 2 295
10
6 8 85
8 5 78
5 1 66
4 6 69
7 5 278
1 10 233
3 8 210
1 2 290
9 10 113
10
7 4 16
6 7 37
5 4 296
8 6 59
3 5 116
9 4 128
6 2 48
5 1 51
10 4 9
10
2 4 213
6 4 282
1 2 11
8 2 155
7 8 155
4 9 99
3 7 272
7 10 146
2 5 54
10
10 3 177
3 4 262
6 10 67
4 2 152
6 7 246
2 8 62
7 1 222
7 9 273
5 10 245
10
8 4 266
7 4 72
10 4 114
6 10 288
4 9 5
3 6 23
5 4 172
2 3 175
4 1 47
10
2 9 225
2 8 58
2 3 135
3 10 165
10 6 3
6 5 188
1 3 279
5 4 29
1 7 200
10
10 8 3
5 8 147
3 8 158
10 2 93
6 2 182
4 5 251
7 5 300
6 1 33
9 4 268
10
1 8 225
8 3 167
3 2 182
1 10 183
1 5 291
2 6 28
4 10 277
9 4 192
7 10 240
10
6 4 50
7 6 107
6 10 84
4 3 145
7 2 244
10 9 21
8 10 98
7 1 300
7 5 237
10
7 10 246
10 8 112
9 7 19
9 1 147
8 3 224
4 10 281
6 4 157
6 2 135
5 9 267
10
8 1 27
3 8 238
8 4 120
3 9 111
1 10 2
7 9 43
2 8 5
6 2 100
5 3 112
10
6 9 139
9 7 74
9 5 137
6 10 245
4 7 71
4 8 94
2 10 123
1 4 38
3 4 46
10
4 5 135
10 4 7
1 4 139
8 1 129
4 9 85
2 5 37
7 5 215
2 3 114
5 6 67
10
6 1 267
1 2 241
7 2 3
9 7 23
2 10 180
4 6 144
7 8 72
5 6 98
3 10 279
10
8 6 55
6 9 52
5 8 275
5 1 289
2 6 30
8 3 235
4 1 52
10 3 57
4 7 77
10
10 6 272
7 10 10
8 7 21
10 3 228
2 6 92
4 2 240
4 1 256
1 9 70
10 5 11
10
9 4 44
10 9 209
1 10 217
10 7 38
10 6 50
1 5 110
4 8 93
2 10 39
2 3 239
10
9 4 238
8 4 115
8 2 10
4 5 36
8 1 23
3 2 228
2 10 231
4 6 152
4 7 246
10
8 1 290
1 10 239
9 10 120
9 3 124
6 10 149
10 2 72
7 6 189
5 10 283
9 4 200
10
7 8 145
8 5 136
6 7 144
7 4 278
9 7 8
2 7 170
7 10 241
3 10 267
1 10 235
10
10 5 123
5 9 60
5 8 69
3 9 160
4 5 294
1 10 207
8 6 67
10 2 60
7 4 231
10
3 4 290
2 4 293
3 9 61
4 10 202
8 10 121
6 3 51
2 5 28
7 6 220
1 4 173
10
7 8 186
8 5 293
9 8 277
6 9 72
8 3 6
4 9 158
10 6 239
10 2 293
1 4 154
10
3 5 44
3 6 15
8 5 175
4 6 274
2 8 71
10 8 248
9 5 213
1 6 31
6 7 230
10
10 8 114
8 3 131
6 10 74
3 7 177
5 10 261
5 4 196
1 10 6
2 7 288
9 4 59
10
3 5 296
8 5 169
2 5 213
2 1 88
6 1 88
10 1 54
8 9 106
1 4 238
7 10 1
10
10 3 183
9 3 270
1 10 203
2 10 295
5 1 125
6 9 134
3 4 162
3 8 290
7 3 86
10
4 1 271
4 5 113
10 1 89
10 3 129
10 6 155
1 9 189
8 3 168
1 7 179
2 1 109
10
10 7 142
1 7 61
10 2 110
7 3 31
7 4 30
8 10 102
5 7 165
9 1 177
6 1 132
10
3 4 297
4 9 86
3 6 179
3 10 174
9 8 289
5 6 15
6 1 111
2 10 119
6 7 18
10
4 9 27
10 9 87
2 9 10
2 1 283
3 10 42
7 9 105
10 8 45
6 7 209
5 3 110
10
4 8 82
7 4 263
2 4 188
10 2 99
2 9 136
4 3 115
2 5 218
3 1 286
6 8 239
10
8 9 91
2 8 197
5 2 101
5 1 194
6 8 63
10 6 182
3 8 193
4 3 17
3 7 271
10
6 2 121
3 6 119
9 3 193
2 4 258
7 9 73
3 8 265
5 7 129
4 1 92
10 5 243
10
9 4 33
2 9 279
4 1 207
3 2 200
1 10 264
5 10 8
7 9 191
8 10 16
3 6 161
10
5 6 138
5 1 122
4 1 17
5 9 154
5 3 209
6 8 49
8 7 47
1 10 144
2 6 144
10
7 10 196
7 2 231
10 8 198
2 6 267
4 10 128
8 1 285
3 1 172
6 5 173
9 7 252
10
5 6 212
9 5 165
8 9 70
2 6 291
1 9 94
5 4 174
10 4 119
3 4 103
8 7 287
10
7 5 205
6 5 40
1 5 13
8 5 60
2 7 155
10 1 278
3 7 129
7 9 148
10 4 238
10
5 3 300
3 2 46
5 7 150
1 2 65
6 2 126
9 5 35
5 8 208
4 1 128
10 1 22
10
2 6 264
3 2 293
4 2 214
9 6 221
3 1 1
6 8 290
1 5 151
7 8 115
10 1 150
10
10 2 165
2 6 294
7 10 268
6 4 36
9 2 202
2 8 227
9 3 297
2 5 223
1 10 107
10
8 6 43
4 8 117
8 9 21
3 4 22
7 6 201
2 3 244
5 7 92
8 10 222
1 3 124
10
7 10 296
6 10 116
1 7 283
6 3 202
3 2 193
5 3 181
10 4 286
6 8 84
10 9 208
10
8 10 4
5 10 37
8 6 261
1 6 251
7 1 126
5 2 71
4 10 219
9 8 181
9 3 181
10
7 6 114
7 3 96
8 3 207
3 5 184
6 2 17
8 10 6
10 9 204
5 1 247
4 1 94
10
2 4 150
4 7 191
6 2 149
2 3 19
1 2 160
4 5 260
3 9 205
8 1 277
2 10 51
10
8 7 219
8 3 174
7 10 74
1 7 79
5 1 272
1 9 7
10 6 230
10 4 175
2 8 221
10
8 5 210
9 8 155
3 8 150
8 10 123
5 1 271
9 4 97
2 8 33
2 7 287
1 6 237
10
7 9 291
5 9 8
7 4 148
4 1 138
2 1 63
10 9 224
2 6 7
5 8 2
3 5 172
10
4 5 177
5 6 269
9 5 98
6 8 263
9 3 248
4 10 79
7 8 122
5 1 141
2 8 254
10
8 9 130
3 8 290
6 9 13
3 7 5
8 4 281
3 1 182
10 7 180
2 1 164
5 2 279
10
7 6 258
2 7 189
7 10 94
2 1 188
2 4 126
9 7 8
3 4 175
5 4 62
7 8 94
10
8 1 176
7 8 168
3 8 248
5 3 134
1 6 169
4 7 288
9 4 26
7 10 200
2 10 253
10
4 6 103
9 4 187
5 6 275
4 7 113
3 9 263
2 3 27
3 8 138
4 10 273
1 8 193
10
9 8 217
9 3 216
8 7 111
3 4 23
3 5 231
5 10 283
2 3 165
3 1 30
2 6 205
10
5 6 73
8 5 16
2 8 113
10 6 66
1 10 261
4 6 130
6 7 102
4 9 144
3 6 180
10
10 6 173
10 7 143
6 4 260
7 3 93
4 1 283
6 9 19
3 2 23
8 4 164
5 7 263
10
10 4 11
9 10 173
6 10 263
2 4 125
2 1 135
7 1 94
6 8 43
7 3 52
5 9 48
10
1 3 206
1 10 189
2 10 196
9 3 94
8 2 60
10 4 234
9 6 285
7 2 187
10 5 8
10
5 10 160
10 1 162
10 6 280
9 5 268
8 6 266
3 10 177
5 7 34
4 6 60
10 2 255
10
1 6 268
5 6 135
6 7 234
7 9 280
1 3 91
2 6 48
10 9 6
3 4 33
8 9 173
10
4 8 286
4 2 154
2 3 195
10 4 285
9 2 20
6 10 111
6 7 37
9 1 58
5 9 245
10
10 1 69
1 8 235
10 3 293
10 2 222
9 3 107
6 3 76
7 6 274
2 5 101
4 9 278
10
7 8 265
3 8 110
1 7 19
7 4 255
7 6 67
3 10 73
5 3 172
4 9 89
2 6 290
10
3 6 206
2 6 163
6 9 166
6 5 92
1 3 248
8 3 195
5 4 152
1 7 23
3 10 260
10
4 2 101
6 4 173
8 6 297
10 4 140
6 9 89
3 2 284
5 4 96
7 6 77
10 1 41
10
5 1 190
10 1 108
10 7 8
6 10 214
10 9 218
8 9 167
9 2 125
5 4 204
3 4 231
10
9 4 178
7 9 93
1 7 183
9 3 129
3 8 224
3 10 153
2 1 214
8 6 178
5 2 109
10
6 9 278
9 5 69
1 6 199
6 7 6
7 8 111
6 4 187
10 8 205
9 3 81
2 7 28
10
8 2 197
4 8 51
3 8 269
4 6 183
9 8 21
2 5 27
3 7 97
1 4 35
10 9 41
10
9 2 227
2 3 192
9 8 209
2 1 249
8 4 8
6 9 289
7 2 135
5 4 68
10 4 20
10
6 5 220
10 6 273
10 9 9
7 10 41
4 10 262
5 1 19
8 7 121
3 4 131
2 5 80
10
7 5 89
10 5 30
2 7 225
10 3 141
10 4 273
9 10 181
2 1 93
5 6 84
4 8 44
10
6 3 97
3 7 147
10 7 109
4 10 221
7 8 125
9 8 133
1 7 90
5 1 210
5 2 297
10
8 2 7
8 3 33
2 10 84
5 10 122
8 4 63
9 2 224
1 2 206
6 10 87
9 7 47
10
10 2 91
2 4 50
8 10 243
7 2 197
1 10 13
5 7 102
5 3 84
9 3 215
6 2 128
10
9 1 298
7 9 79
10 1 72
2 1 73
5 7 75
4 1 34
2 6 216
9 8 124
8 3 78
10
6 4 111
8 6 55
9 6 209
5 9 293
7 4 127
9 10 224
3 4 215
1 4 32
2 7 289
10
10 5 30
9 10 176
5 6 293
5 8 17
1 10 228
10 7 98
2 5 78
3 10 106
4 2 287
10
7 4 212
4 9 75
6 7 168
9 5 136
10 6 58
5 1 101
10 8 66
3 4 300
1 2 211
10
9 3 66
9 2 66
3 7 204
2 4 229
9 10 129
8 9 282
1 9 133
3 5 46
8 6 244
10
1 5 78
1 2 60
2 3 278
4 5 142
1 8 23
10 2 282
6 2 254
2 9 132
8 7 2
10
9 1 136
1 3 216
1 6 95
9 8 144
2 6 116
3 7 164
4 8 40
10 9 102
7 5 165
10
7 3 220
3 8 70
7 4 216
10 8 87
2 10 197
8 9 283
2 6 157
1 9 194
4 5 120
10
3 8 45
3 7 111
7 6 80
5 6 152
7 1 210
2 3 148
9 8 85
4 2 146
10 1 67
10
1 3 164
7 1 10
7 10 12
8 7 20
4 1 129
9 4 119
1 5 118
6 1 153
2 9 127
10
3 9 264
9 5 262
1 9 152
3 4 140
10 1 45
7 4 108
2 7 215
6 7 285
8 5 300
10
8 5 127
10 5 127
6 8 130
6 4 40
5 1 175
5 9 217
10 3 193
2 4 127
10 7 153
10
7 5 235
9 5 200
4 9 140
8 7 201
3 5 163
10 8 68
2 8 222
7 1 142
6 5 157
10
1 10 18
4 10 138
2 10 65
6 4 22
2 3 142
10 5 147
2 8 54
2 7 267
1 9 220
10
4 5 44
5 9 25
9 10 109
6 9 53
5 8 143
10 2 133
10 3 45
1 4 162
7 9 251
10
1 8 120
1 9 66
8 10 200
6 9 124
8 4 235
1 3 125
2 6 162
5 4 18
10 7 23
10
6 10 64
6 8 51
9 6 266
10 5 227
6 3 147
9 1 298
5 2 213
4 8 130
1 7 128
10
5 2 70
2 3 210
6 2 168
7 2 133
5 8 161
9 5 59
4 8 175
8 1 33
10 1 95
10
3 1 84
3 2 47
2 10 55
3 7 215
3 5 241
1 8 191
8 6 205
10 9 247
1 4 31
10
10 7 160
7 6 224
10 4 29
9 4 89
4 8 158
6 3 291
4 2 120
6 1 7
7 5 285
10
1 8 8
9 8 228
7 1 28
10 7 243
5 1 99
7 2 226
3 5 252
5 4 62
1 6 232
10
7 6 176
5 6 199
4 5 68
6 2 67
10 2 290
2 3 30
8 3 152
6 9 201
8 1 236
10
4 1 170
2 4 122
1 5 170
9 5 32
10 5 293
3 5 176
4 6 300
8 10 198
7 10 53
10
7 4 186
9 7 248
2 4 121
3 9 226
8 4 62
3 1 64
7 6 206
9 10 289
4 5 118
10
3 2 241
2 5 64
3 7 99
9 7 147
8 7 72
1 8 211
6 9 66
1 10 226
4 3 58
10
1 5 140
9 5 256
7 9 214
5 2 121
10 5 87
6 7 6
1 8 127
9 3 58
4 3 92
10
3 5 286
3 9 34
2 5 87
5 4 166
3 10 259
5 8 202
1 2 275
1 7 286
6 1 205
10
8 3 136
5 3 85
8 2 288
1 5 13
3 9 220
5 10 193
7 5 235
6 3 125
4 7 22
10
8 2 119
3 8 294
7 8 81
1 7 108
2 9 269
4 1 147
5 8 295
10 2 73
6 4 286
10
4 3 210
4 6 226
4 5 230
6 7 169
7 9 271
3 8 16
3 2 248
4 1 217
10 4 212
10
7 10 261
7 6 32
2 7 258
10 1 90
10 8 136
8 5 163
9 7 73
2 3 261
4 10 228
10
8 2 95
2 1 280
2 7 250
7 9 116
1 10 231
7 3 71
4 10 158
6 10 8
5 8 35
10
4 10 216
4 8 210
1 8 254
4 3 20
4 6 120
2 6 289
2 9 22
5 10 127
7 9 209
10
4 9 287
1 4 265
1 8 107
3 9 16
7 9 290
10 4 218
8 2 219
6 8 34
4 5 219
10
8 7 56
5 8 233
5 1 295
7 4 162
8 3 199
9 3 8
7 2 272
10 9 240
2 6 34
10
9 5 6
5 2 103
2 8 46
8 6 47
6 3 14
1 6 150
2 4 234
1 7 90
3 10 99
10
10 8 27
10 4 94
8 5 262
10 6 245
4 9 24
2 8 269
1 6 291
7 1 171
5 3 169
10
1 6 19
6 7 88
7 3 279
6 10 236
7 5 204
4 6 38
6 8 90
7 2 35
9 5 175
10
2 8 173
8 5 226
7 5 125
2 4 66
2 10 158
2 9 56
9 1 134
4 6 274
6 3 3
10
6 2 121
2 3 136
3 7 196
1 6 159
5 7 206
2 9 14
6 10 187
7 8 192
1 4 86
10
2 3 7
1 2 274
3 6 210
6 5 201
5 10 255
4 2 72
6 7 179
8 7 295
9 2 98
10
2 4 1
4 8 235
8 1 280
2 10 133
9 4 32
8 3 221
7 8 158
5 3 155
7 6 50
10
7 6 250
1 7 141
9 1 115
1 4 232
5 6 84
10 6 281
4 3 271
3 2 183
8 2 243
10
1 9 15
9 4 279
3 9 248
9 2 84
10 9 51
10 6 278
9 8 109
7 1 166
5 9 108
10
10 8 44
7 8 277
7 1 280
7 4 128
1 5 293
4 2 24
9 8 284
1 6 146
3 2 135
10
3 10 127
3 7 45
3 2 18
1 3 258
2 9 150
7 4 251
9 5 126
8 4 155
6 2 226
10
6 3 256
3 2 295
2 10 101
9 10 146
4 10 246
1 10 299
8 3 38
1 5 180
7 5 228
10
10 6 158
4 10 152
4 9 36
4 7 223
8 6 16
2 10 118
4 1 89
8 3 231
7 5 76
10
6 9 218
9 7 287
2 9 104
2 1 258
10 2 6
4 1 277
4 8 299
2 3 195
10 5 131
10
3 7 178
3 2 201
8 3 35
9 7 254
5 2 202
6 3 29
10 8 138
10 4 108
1 10 77
10
2 6 113
6 3 123
1 6 199
9 6 1
10 1 234
8 2 250
4 10 287
6 5 253
10 7 186
10
4 2 236
2 9 6
10 2 200
10 5 223
2 8 151
1 5 56
3 1 15
5 7 277
1 6 267
10
2 5 216
2 7 193
7 10 210
8 10 127
6 5 43
5 9 259
3 10 239
1 3 279
4 5 56
10
2 3 146
6 2 201
9 2 222
6 4 268
10 6 57
8 9 273
5 9 14
1 2 220
9 7 212
10
10 1 163
1 7 270
7 2 128
5 2 109
6 2 259
3 1 19
7 4 294
7 9 281
8 5 165
10
8 2 52
2 4 2
9 2 37
4 3 216
1 4 140
1 7 241
9 5 273
4 10 274
6 2 188
10
7 10 285
10 3 79
3 8 49
9 7 129
2 8 220
8 4 285
4 1 25
7 6 64
10 5 170
10
7 10 246
1 10 290
10 8 8
9 1 143
6 7 271
6 4 206
5 6 60
2 6 175
3 8 295
10
10 1 218
5 1 197
4 5 37
5 6 34
10 9 250
4 3 196
7 5 278
8 10 109
2 10 23
10
5 2 174
6 2 146
8 2 106
6 1 300
4 5 100
1 9 81
5 3 203
1 7 216
10 7 233
10
4 6 115
7 6 148
8 7 8
10 7 242
7 1 74
1 5 124
3 4 93
2 3 120
9 6 224
10
5 7 298
5 10 142
7 4 130
7 9 253
10 3 48
8 10 207
3 2 56
9 6 116
3 1 64
10
7 1 15
1 5 232
5 10 75
2 5 100
4 10 251
10 8 235
6 2 209
2 9 278
2 3 134
10
10 6 87
10 1 1
3 10 156
9 6 162
7 6 132
5 7 121
1 8 237
9 4 187
10 2 272
10
1 4 17
8 1 169
8 7 266
2 4 215
3 4 167
9 8 199
6 7 191
10 8 134
2 5 286
10
2 1 164
1 4 31
2 8 127
5 4 183
9 8 70
5 10 158
4 3 285
10 7 107
6 9 19
10
5 8 118
8 6 179
7 8 294
7 3 203
8 4 224
4 10 225
7 2 66
8 9 243
1 5 214
10
5 2 176
6 2 211
4 2 195
5 9 57
7 4 220
1 5 293
10 9 108
9 3 243
8 7 18
10
3 2 168
3 9 10
1 2 172
9 8 77
7 3 53
9 5 172
4 2 98
1 10 194
9 6 6
10
4 8 281
7 4 92
8 3 68
8 10 151
2 7 272
3 1 30
6 4 250
6 9 2
5 4 277
10
3 4 38
3 7 20
10 3 46
10 2 232
4 6 200
2 1 252
2 8 263
5 6 43
9 10 268
10
4 3 207
3 8 152
6 8 219
4 5 16
9 4 225
2 3 281
5 10 261
1 6 270
7 9 116
10
10 1 175
5 1 253
5 4 216
10 6 216
5 3 210
8 10 11
7 6 146
10 9 240
2 10 269
10
1 2 137
1 5 176
7 2 300
7 6 122
3 5 201
6 4 193
9 1 243
10 1 26
8 7 130
10
10 3 210
4 3 182
10 2 38
10 1 234
10 8 147
6 1 99
2 9 165
2 5 201
7 10 15
10
8 5 176
8 2 108
1 8 11
5 7 113
6 2 225
2 9 58
8 4 188
7 10 54
3 4 189
10
6 5 154
6 3 275
3 10 38
7 5 1
4 10 61
8 10 177
7 2 192
7 1 117
1 9 184
10
4 1 233
4 9 230
3 4 146
4 7 276
10 3 32
1 5 119
3 6 240
5 2 233
8 1 48
10
4 8 179
8 10 102
2 10 54
2 3 242
5 2 189
7 2 96
1 5 155
1 6 178
9 2 190
10
3 10 291
5 3 160
7 10 187
8 3 5
9 3 150
7 4 100
5 6 142
3 1 141
2 4 190
10
2 6 66
8 2 85
9 6 17
1 8 140
10 1 237
5 10 271
10 4 66
6 7 297
7 3 72
10
2 4 213
5 2 286
7 5 255
2 1 279
3 7 190
9 4 113
10 1 130
4 6 132
10 8 233
10
7 1 93
1 6 43
4 7 120
8 7 1
3 8 162
6 2 279
3 9 173
7 10 238
5 4 255
10
6 8 156
4 8 80
2 6 109
1 6 126
8 10 189
7 2 189
7 9 202
5 7 213
6 3 237
10
1 8 131
8 5 25
8 2 238
4 2 236
7 5 129
9 4 19
9 6 248
4 3 139
5 10 49
10
6 1 208
7 6 125
1 2 26
2 5 15
4 1 173
10 7 266
1 3 99
5 9 100
5 8 282
10
3 5 13
10 5 146
6 5 210
5 1 239
7 6 260
1 8 53
5 2 146
4 3 49
10 9 279
10
3 9 13
9 6 167
6 2 234
2 10 34
2 8 66
3 7 271
3 1 271
5 7 190
5 4 296
10
3 4 12
3 7 79
5 4 68
7 6 174
3 10 298
4 1 128
5 9 11
8 10 201
2 3 106
10
5 6 89
1 6 142
5 4 212
4 10 168
1 7 35
7 2 190
6 3 248
3 8 10
6 9 61
10
6 9 118
9 4 146
9 8 293
8 2 208
7 9 75
3 2 82
7 10 286
9 1 113
5 6 240
10
1 6 92
6 4 165
7 4 79
7 3 67
5 4 66
7 10 284
2 3 184
9 7 129
8 5 48
10
7 4 84
7 5 227
10 7 266
4 9 259
5 3 254
4 2 182
10 6 287
6 8 105
1 10 169
10
2 7 14
10 2 202
2 3 69
9 10 253
1 7 148
4 10 210
5 10 155
8 2 3
6 3 32
10
8 7 208
5 8 262
7 6 36
6 4 100
3 7 165
9 8 122
2 9 156
10 8 280
5 1 226
10
2 5 67
8 5 152
2 9 163
9 10 42
9 6 277
1 6 218
6 3 36
7 3 2
9 4 218
10
5 9 9
8 5 34
1 5 263
2 5 120
9 3 106
6 3 213
7 3 62
7 10 284
4 3 88
10
8 5 239
9 5 237
7 9 127
1 7 194
7 2 10
6 9 277
4 2 88
10 1 157
8 3 227
10
2 8 195
9 8 198
8 1 38
8 5 227
9 7 154
5 6 87
4 7 16
1 10 103
2 3 164
10
7 4 30
4 10 98
2 10 269
1 7 198
8 4 193
6 2 211
2 9 103
7 3 226
4 5 67
10
5 3 100
3 6 83
8 3 177
1 6 131
1 2 52
9 1 127
10 9 278
4 6 290
5 7 112
10
10 3 3
3 9 182
1 10 13
10 5 203
7 1 54
10 6 240
8 3 223
5 2 122
10 4 104
10
1 7 2
10 7 188
3 10 123
8 10 239
4 3 223
2 10 134
9 2 136
10 6 20
5 4 88
10
2 9 72
7 2 45
10 7 23
2 6 54
5 2 63
8 9 295
1 8 81
10 3 191
4 10 296
10
1 10 59
1 6 124
8 1 207
2 10 82
2 4 212
6 5 281
3 8 299
7 4 99
5 9 149
10
10 1 239
9 10 287
8 9 284
1 4 202
3 4 82
7 4 197
1 2 29
8 6 246
5 9 245
10
9 5 155
3 5 129
5 6 20
3 4 79
9 1 259
5 7 200
3 8 19
2 5 209
7 10 144
10
7 3 260
7 6 14
8 6 83
10 7 56
7 9 296
5 10 293
1 3 210
4 8 102
7 2 22
10
3 10 155
5 3 297
1 10 103
7 5 287
1 6 163
10 2 76
4 2 194
6 8 110
9 7 91
10
2 1 9
2 9 201
7 2 82
1 5 168
6 9 36
3 6 41
6 8 144
10 7 141
4 5 166
10
6 8 68
4 6 37
6 2 12
6 9 99
10 9 11
4 5 278
2 1 190
2 3 146
7 1 288
10
2 9 85
2 3 77
8 2 283
3 10 39
3 4 197
3 7 156
1 9 103
3 6 156
1 5 248
10
6 10 56
6 1 278
1 2 143
2 4 232
10 5 254
10 8 197
3 5 15
10 9 273
7 4 48
10
2 4 286
10 4 106
10 9 250
9 1 35
2 3 197
2 8 7
4 7 7
5 1 118
1 6 129
10
4 3 185
4 9 20
8 9 267
1 3 113
10 9 121
6 4 232
4 2 57
8 5 174
7 1 288
10
1 4 241
4 3 198
3 9 185
1 8 152
1 2 37
7 1 75
10 4 73
9 6 215
6 5 14
10
5 6 15
6 4 233
6 10 82
4 7 67
5 8 189
10 9 128
9 2 282
3 6 29
4 1 191
10
8 4 51
6 4 95
2 8 95
8 5 205
8 7 58
3 5 198
3 1 184
9 2 93
10 8 207
10
6 10 292
3 10 125
3 5 272
5 2 300
3 8 163
8 7 114
10 9 134
4 5 240
6 1 233
10
6 4 8
6 1 254
9 1 238
9 10 27
7 6 280
5 4 288
2 5 292
3 9 83
8 3 258
10
10 2 63
10 8 78
3 8 125
8 9 199
6 3 47
1 9 34
7 2 87
8 4 266
6 5 15
10
5 1 225
3 1 208
9 5 189
5 10 270
10 8 259
9 2 231
1 6 210
7 1 292
4 7 46
10
6 4 13
6 7 206
1 6 272
10 4 48
5 7 163
5 2 230
4 8 276
10 9 195
3 8 94
10
3 4 2
2 3 20
9 3 298
10 9 248
8 4 165
5 10 51
3 1 95
10 7 14
4 6 228
10
3 6 215
7 6 186
3 2 162
10 3 219
8 2 117
4 8 79
6 5 281
10 9 43
1 3 105
10
2 9 168
9 3 84
9 4 186
4 5 197
1 4 222
8 5 79
6 4 214
7 8 266
10 7 129
10
9 5 250
9 7 181
1 7 201
1 2 298
8 7 296
7 3 45
7 4 92
2 10 192
7 6 144
10
6 1 48
10 6 151
1 5 189
10 8 90
5 7 225
1 4 45
9 8 225
7 2 290
3 1 171
10
10 8 210
8 2 195
8 4 24
10 6 54
5 2 131
3 5 250
7 4 274
1 6 42
1 9 148
10
10 3 21
5 3 101
5 9 276
10 7 177
2 10 132
7 4 188
8 9 52
6 3 115
1 8 74
10
10 2 223
10 9 96
2 8 135
4 2 132
6 8 275
7 6 297
5 10 159
5 1 13
3 2 65
10
4 9 265
7 9 79
4 2 38
7 3 84
10 4 232
4 1 138
5 10 183
6 1 248
3 8 37
10
8 2 184
3 2 42
9 3 207
9 5 240
3 6 220
4 9 67
7 5 209
3 1 73
7 10 264
10
5 10 122
1 10 293
5 8 131
1 4 139
3 10 223
4 2 37
9 10 258
7 8 237
6 1 278
10
1 3 169
1 9 115
2 3 108
9 6 69
9 4 142
8 3 37
8 10 201
7 6 20
9 5 63
10
2 8 150
1 8 284
1 4 172
8 5 74
8 3 78
9 8 63
2 10 165
7 2 87
6 1 298
10
8 6 206
8 3 206
8 7 119
10 8 210
1 7 182
4 7 209
9 7 175
7 5 167
5 2 107
10
1 5 33
5 6 148
6 8 285
4 6 38
3 4 89
3 7 183
1 9 173
2 4 233
10 7 110
10
9 2 146
2 10 82
10 7 19
7 4 99
4 5 122
7 8 76
6 2 81
7 1 143
3 4 112
10
8 7 228
9 8 76
9 6 84
4 7 177
8 2 290
1 2 207
8 5 244
3 6 271
6 10 199
10
9 5 160
5 6 19
5 2 240
2 3 188
8 6 88
1 6 21
10 5 80
4 8 220
4 7 133
10
1 4 178
8 1 82
2 8 142
2 5 198
1 10 203
9 10 132
6 10 53
4 3 171
7 5 74
10
9 2 23
9 8 143
3 2 68
9 1 87
6 3 247
8 4 50
5 1 176
5 7 181
10 4 237
10
1 9 99
7 9 241
1 6 28
7 4 88
8 4 181
2 6 45
2 3 97
7 10 203
2 5 196
10
3 5 160
5 7 223
5 10 92
2 5 299
8 5 286
1 7 20
1 6 266
5 9 143
4 9 15
10
10 6 103
1 10 83
6 5 187
6 2 47
3 1 219
8 2 97
6 9 15
4 1 195
3 7 96
10
9 5 52
5 1 32
10 9 15
1 7 2
9 3 233
10 2 272
4 2 78
8 5 61
6 1 218
10
7 8 125
5 7 57
3 7 186
7 10 39
10 9 9
2 8 41
7 6 205
7 1 173
10 4 292
10
10 4 207
4 3 291
3 1 123
4 2 113
2 6 188
8 6 155
5 6 187
6 9 3
7 9 165
10
10 8 296
8 2 75
6 8 175
6 3 4
6 7 135
6 9 174
8 4 74
5 10 230
2 1 126
10
6 9 245
4 9 275
8 9 263
8 1 144
6 7 138
5 1 6
6 10 210
2 8 180
3 10 291
10
2 3 52
9 3 269
9 1 287
7 3 85
2 6 145
4 3 104
4 8 67
5 4 88
10 2 179
10
3 5 80
3 4 21
4 8 146
3 2 83
5 7 64
9 3 66
8 1 76
10 2 300
6 10 89
10
7 1 282
1 4 28
5 1 138
4 9 261
8 9 30
10 7 20
3 4 8
6 10 245
9 2 204
10
3 1 290
1 5 267
10 1 229
3 4 190
2 10 90
9 2 299
9 6 107
6 7 267
8 9 279
10
3 5 173
7 5 123
7 8 159
4 5 72
7 6 112
10 6 213
9 5 175
2 9 91
1 7 209
10
5 8 249
3 5 59
7 8 291
2 7 214
2 6 28
8 10 119
7 9 48
3 1 255
4 3 288
10
4 8 187
4 7 73
1 4 267
8 6 70
7 5 88
7 9 86
5 10 32
9 2 92
6 3 114
10
8 9 134
1 8 286
7 9 208
2 1 143
9 5 129
6 5 268
6 10 231
10 3 125
10 4 14
10
8 9 134
4 9 214
4 1 3
8 6 139
1 10 63
8 2 255
10 3 22
1 7 164
5 1 183
10
9 8 132
8 1 165
6 8 233
5 9 15
1 4 45
6 10 70
1 7 69
6 2 158
3 1 91
10
3 8 100
8 1 131
7 3 118
1 10 201
4 1 274
7 9 198
1 6 240
4 2 244
5 2 99
10
7 1 246
10 1 8
10 5 260
1 3 264
6 7 298
4 6 7
8 4 221
4 9 51
4 2 129
10
2 5 181
6 2 47
1 5 126
5 10 118
9 10 153
5 7 88
6 8 212
3 1 106
9 4 45
10
3 1 206
2 3 288
9 2 16
9 7 21
1 4 34
3 10 170
6 2 116
3 5 94
8 5 80
10
9 4 244
5 4 268
1 4 118
9 10 221
3 9 283
3 7 144
8 3 131
6 7 138
4 2 136
10
8 1 218
1 5 254
1 10 122
9 1 179
8 3 209
7 9 278
2 8 137
1 4 242
4 6 272
10
2 5 82
9 5 127
1 5 13
8 1 298
9 10 270
1 6 168
7 10 239
7 3 249
4 8 162
10
2 1 245
1 4 192
8 2 27
1 9 110
8 5 206
8 10 55
3 9 160
10 7 176
6 10 81
10
8 2 247
2 1 176
8 5 300
9 5 8
6 8 117
4 5 171
3 8 118
2 10 263
7 6 222
10
9 10 171
9 4 43
7 10 215
4 5 7
3 9 228
8 10 192
9 1 102
8 6 161
4 2 7
10
9 1 226
4 1 204
1 2 18
10 2 94
5 9 205
8 1 26
4 6 89
9 7 274
2 3 294
10
4 9 56
4 8 110
4 1 44
5 9 28
5 2 100
2 10 240
1 7 270
6 4 215
5 3 251
10
6 2 143
6 9 15
9 10 35
1 6 232
6 5 192
8 9 285
3 1 191
3 7 229
1 4 57
10
3 2 118
8 2 259
1 3 208
5 3 124
4 8 179
5 7 189
10 1 70
8 6 108
3 9 132
10
3 6 27
7 3 38
9 7 173
9 2 187
3 5 157
2 8 27
4 9 294
1 3 230
4 10 25
10
3 10 266
4 10 30
9 4 239
6 10 159
1 4 99
6 2 219
7 6 224
2 5 16
1 8 248
10
1 3 210
7 1 180
1 8 195
10 7 113
1 5 267
9 1 60
6 7 134
5 4 28
4 2 110
10
1 4 198
1 8 278
8 10 201
7 1 204
4 3 292
6 1 148
2 10 90
9 10 49
2 5 260
10
3 7 68
3 9 249
8 3 254
3 4 127
5 7 52
2 3 30
10 9 58
7 1 179
1 6 89
10
8 3 96
9 3 254
5 3 234
3 6 247
3 7 82
9 10 268
6 2 295
1 5 100
9 4 290
10
7 5 113
5 6 59
10 5 266
7 4 271
1 5 209
7 3 178
8 6 285
9 7 67
7 2 222
10
10 1 48
10 7 134
10 5 39
3 5 9
5 9 63
4 1 282
9 8 299
2 5 143
6 8 81
10
4 6 235
4 10 127
6 3 68
4 1 238
6 7 248
8 1 49
5 4 183
4 9 94
10 2 284
10
9 7 199
2 7 124
8 2 128
7 4 104
6 2 260
4 10 80
1 8 142
5 8 203
3 8 96
10
8 2 111
6 8 135
8 7 212
7 3 56
9 6 120
5 8 300
8 1 21
8 4 157
10 3 196
10
7 5 173
5 3 47
2 7 19
10 5 28
2 8 15
1 2 297
1 4 230
6 10 14
1 9 127
10
8 3 274
3 4 135
6 3 277
6 5 218
2 4 37
6 7 158
10 5 33
1 4 257
3 9 10
10
7 8 1
8 4 263
10 7 65
3 4 243
8 1 199
1 6 81
2 7 159
9 1 148
9 5 147
10
7 1 204
7 2 84
2 9 55
8 2 16
9 5 119
3 7 261
10 1 2
4 9 183
8 6 63
10
3 2 117
6 3 265
3 4 166
5 4 165
8 2 250
4 9 248
9 7 150
1 7 72
7 10 272
10
9 8 146
9 7 79
7 6 3
9 3 197
5 8 154
1 6 211
9 10 33
2 8 247
6 4 8
10
2 4 291
1 4 39
2 8 58
8 5 177
8 7 199
9 4 34
6 9 88
3 8 45
10 5 248
10
2 3 107
2 4 296
3 10 121
3 5 152
1 4 90
1 9 51
6 4 45
7 6 161
7 8 182
10
5 3 145
1 5 131
6 3 101
8 1 126
5 2 136
5 4 15
9 3 268
6 7 73
8 10 171
10
2 5 271
2 4 3
7 2 55
4 8 168
7 1 38
8 10 155
5 3 227
6 10 111
9 3 150
10
8 10 46
9 8 156
5 8 151
4 5 257
4 3 129
4 7 67
7 2 23
5 1 169
2 6 267
10
2 10 185
9 10 142
2 1 30
5 2 277
3 5 185
7 10 54
9 6 282
5 8 122
4 2 229
10
5 9 50
1 9 267
3 5 262
3 8 156
5 10 122
9 4 9
5 6 131
7 10 215
2 5 140
10
4 7 274
7 1 172
10 7 29
3 7 279
10 2 30
9 1 174
4 5 1
1 6 85
2 8 167
10
2 4 259
2 3 179
5 4 190
2 7 194
1 3 146
6 3 178
1 10 283
8 10 177
9 1 68
10
1 6 158
9 6 109
9 8 173
5 8 161
4 1 203
8 10 137
5 7 51
2 8 40
3 8 216
10
1 6 91
8 1 174
2 6 155
8 4 135
5 4 60
3 6 109
10 4 274
9 8 278
9 7 232
10
4 9 280
4 6 114
9 8 124
3 6 204
8 7 265
6 5 283
3 2 1
8 1 103
10 3 165
10
7 4 233
8 7 227
7 2 244
10 2 125
9 4 91
10 1 52
4 3 31
5 10 280
10 6 72
10
2 3 236
5 2 136
6 2 155
10 2 16
7 5 168
6 8 28
7 1 28
4 5 294
5 9 291
10
3 1 66
10 3 165
5 1 21
4 1 79
9 10 101
9 6 215
5 8 81
3 2 237
4 7 300
10
8 10 78
2 10 222
8 3 285
9 10 158
5 9 152
7 8 298
6 10 22
1 9 130
4 1 241
10
9 5 227
5 2 218
1 5 276
9 10 201
6 5 225
10 4 254
8 4 94
4 7 265
10 3 94
10
7 10 125
7 4 143
7 8 36
3 8 199
5 8 119
6 4 255
3 2 21
9 3 260
1 8 258
10
3 9 111
3 7 94
10 7 34
7 8 66
9 1 124
5 7 12
2 9 204
3 6 162
4 3 11
10
2 1 293
7 2 206
5 7 129
4 2 146
1 6 180
10 4 83
4 3 148
5 9 25
10 8 38
10
1 4 1
1 7 271
4 2 163
6 4 154
9 4 175
4 8 85
10 4 132
5 7 290
3 6 103
10
1 4 1
10 4 191
4 2 240
4 9 127
7 4 91
6 10 180
5 2 47
10 8 11
3 7 264
10
6 7 178
7 2 218
5 6 59
6 9 185
4 9 235
8 9 135
3 5 143
6 1 93
5 10 127
10
7 3 289
3 10 183
3 8 65
6 10 151
2 6 87
2 9 95
7 4 5
8 5 185
3 1 231
10
1 6 63
8 1 166
7 6 201
10 1 145
4 6 51
8 9 165
3 7 54
2 3 249
5 6 122
10
1 6 208
1 7 38
3 7 116
7 4 222
10 3 284
2 4 179
1 9 254
8 9 4
8 5 89
10
6 9 46
2 6 121
5 6 106
5 8 94
9 7 208
3 9 285
10 3 124
4 3 265
1 3 235
10
3 5 253
4 3 99
5 9 152
8 9 130
10 3 249
7 8 209
9 1 57
8 2 253
1 6 63
10
5 7 289
4 5 173
7 8 187
10 7 55
1 5 136
5 3 11
8 2 167
6 1 126
9 6 208
10
1 6 2
10 6 285
5 10 150
6 4 59
7 5 124
7 8 195
6 2 237
4 3 9
6 9 79
10
4 6 14
8 4 233
4 2 268
6 3 150
5 3 82
8 9 174
1 3 138
10 1 137
7 6 122
10
4 5 15
4 10 113
9 4 146
10 8 212
6 4 281
2 6 259
7 8 105
3 9 21
4 1 286
10
9 5 25
7 9 163
5 1 149
1 3 250
10 1 250
8 10 78
9 4 127
6 8 234
6 2 171
10
1 10 168
3 1 186
9 3 54
1 8 282
3 7 132
4 3 251
6 7 149
5 7 288
3 2 248
10
2 8 176
5 2 272
8 1 42
2 9 167
7 8 220
6 7 159
8 4 155
3 7 152
10 9 66
10
10 6 93
10 5 159
4 6 196
4 7 250
9 5 72
3 6 134
4 2 268
6 1 177
8 5 168
10
7 9 180
3 7 217
8 9 41
7 2 151
9 1 259
3 6 213
8 10 278
3 4 55
5 2 284
10
4 10 143
5 10 142
2 4 248
6 10 74
3 4 151
7 10 14
8 3 13
5 9 47
5 1 239
10
1 5 191
8 1 81
1 6 271
6 9 229
9 10 214
1 4 170
1 3 175
5 2 10
7 5 244
10
7 3 219
6 3 219
3 5 294
8 3 186
9 6 236
1 3 277
1 4 206
8 10 128
6 2 124
10
6 1 223
7 6 178
6 3 204
1 4 117
4 9 50
1 2 69
9 10 262
5 3 191
3 8 41
10
6 3 242
8 6 215
8 1 297
8 7 202
5 8 27
5 2 135
5 9 45
6 4 102
2 10 215
10
9 10 270
3 10 102
10 8 95
7 8 242
5 7 237
1 5 278
4 9 209
6 5 108
2 8 108
10
7 6 126
6 5 81
6 10 9
9 10 102
8 6 300
2 9 185
1 10 170
4 9 152
3 9 234
10
3 4 45
4 1 162
10 4 292
7 4 251
2 1 45
3 8 16
2 6 93
9 3 164
10 5 45
10
3 8 67
8 5 83
5 6 199
6 10 274
8 9 135
3 4 112
2 8 4
1 2 70
9 7 158
10
7 5 278
2 7 287
7 4 284
2 8 90
8 9 92
1 9 85
7 10 171
7 6 126
3 5 165
10
9 2 296
4 9 19
2 6 243
3 2 166
4 7 266
1 2 94
10 7 260
8 9 10
5 10 68
10
5 4 80
4 2 12
7 4 76
7 9 32
7 1 187
7 10 67
3 5 117
3 8 127
6 7 184
10
8 4 192
9 4 45
9 5 38
3 4 125
7 5 235
8 2 103
1 7 279
9 10 13
6 3 184
10
8 7 113
7 4 5
10 7 189
9 8 214
2 9 183
3 9 242
4 1 253
7 5 248
6 3 44
10
4 7 86
4 10 236
4 8 4
4 1 296
7 6 146
10 3 207
9 6 140
2 6 280
4 5 253
10
6 2 133
2 1 275
2 9 218
9 7 219
1 4 208
10 2 154
9 5 195
8 6 29
4 3 152
10
7 6 100
1 6 216
7 9 110
9 4 229
3 7 290
2 9 255
10 4 168
4 8 276
5 1 291
10
9 5 18
5 3 156
4 3 262
5 8 154
3 7 117
5 10 267
2 7 135
3 6 245
1 7 162
10
5 4 102
4 9 77
5 7 210
4 8 250
3 5 238
4 2 162
6 7 1
7 1 4
7 10 280
10
5 9 295
4 9 68
5 10 238
4 6 23
7 9 200
7 3 20
7 2 249
1 4 41
8 2 27
10
2 4 108
6 2 35
9 4 126
10 9 244
1 9 17
9 8 142
2 5 71
5 3 91
9 7 158
10
3 2 108
2 7 278
10 7 163
8 7 163
5 7 157
5 4 56
6 3 95
2 1 1
9 4 281
10
9 4 277
1 9 6
6 9 200
7 4 37
9 10 290
1 3 156
9 8 295
5 1 22
2 4 147
10
9 10 287
10 5 139
2 9 249
2 7 207
1 10 282
2 3 27
8 2 260
4 1 251
8 6 91
10
10 8 146
8 2 18
8 3 229
3 7 294
1 7 196
8 5 199
10 4 83
9 5 42
9 6 24
10
4 5 261
9 5 199
4 2 17
5 1 274
1 3 214
10 5 30
8 5 188
9 6 94
3 7 149
10
4 3 115
10 4 98
7 3 261
1 3 253
10 9 67
3 5 190
6 1 240
8 7 74
2 1 85
10
6 5 138
5 1 285
6 10 39
5 7 26
6 9 206
8 1 178
4 8 220
10 3 156
2 3 233
10
6 8 285
6 5 244
6 10 122
5 9 50
6 1 23
2 9 183
3 9 95
7 1 121
6 4 117
10
9 7 97
8 7 22
8 2 161
9 6 234
3 7 156
5 7 192
1 8 274
10 1 297
6 4 19
10
2 3 163
3 9 255
4 2 176
9 10 74
7 3 300
4 5 168
1 2 249
8 9 162
8 6 182
10
8 2 248
5 2 4
4 8 172
8 9 152
7 5 163
10 8 101
1 4 91
9 6 116
8 3 220
10
2 8 284
8 5 16
5 3 295
8 6 40
4 3 233
9 2 166
4 7 116
10 3 209
1 3 61
10
5 9 220
9 7 163
7 1 39
8 5 299
1 6 225
10 8 147
4 9 145
8 3 233
7 2 56
10
4 3 44
4 9 121
9 8 187
5 3 284
8 2 251
3 7 72
5 1 26
6 3 38
10 3 293
10
6 7 82
6 9 117
9 10 129
2 7 74
5 9 100
7 3 42
1 3 108
4 1 247
6 8 36
10
4 5 58
1 5 233
3 1 55
2 5 3
6 4 9
7 6 43
8 5 197
10 2 185
9 5 169
10
4 10 146
10 1 259
4 8 216
4 7 64
6 8 48
9 6 211
6 2 51
4 3 111
5 8 141
10
3 8 265
1 8 198
7 8 13
2 1 96
6 1 248
10 7 160
6 9 216
1 4 90
5 1 272
10
6 3 181
1 6 188
6 8 263
1 2 229
9 1 290
3 4 268
5 4 160
1 10 51
3 7 58
10
9 4 58
9 8 202
8 5 60
6 8 135
10 6 272
4 2 190
6 1 217
2 3 142
2 7 123
10
2 4 147
10 4 28
7 2 130
3 7 145
3 1 120
4 8 273
7 5 265
6 1 245
8 9 183
10
1 4 172
3 4 112
2 3 164
7 4 273
6 2 161
1 8 35
1 5 165
9 2 286
5 10 53
10
2 6 71
9 2 143
5 2 96
10 5 173
3 10 263
2 8 235
7 8 226
1 9 138
4 10 173
10
5 8 170
6 8 190
9 6 225
3 9 26
5 10 47
10 2 239
6 7 157
1 6 178
3 4 94
10
6 3 255
6 8 102
1 6 61
10 3 208
7 3 123
9 6 76
8 2 1
4 3 217
5 6 26
10
3 6 191
6 2 83
4 6 237
4 8 139
6 9 275
3 1 21
10 8 280
7 6 144
5 8 107
10
5 7 193
1 7 293
6 1 54
10 1 77
10 4 233
5 9 136
9 8 238
3 9 35
9 2 97
10
6 9 64
6 8 291
9 1 82
3 8 7
10 3 281
6 2 247
3 4 78
10 5 90
7 5 14
10
5 10 58
4 10 115
4 3 2
10 2 297
7 10 141
1 4 3
2 8 138
9 1 203
6 9 243
10
1 4 89
1 9 14
5 4 190
1 10 273
1 7 270
7 2 164
5 8 116
9 3 157
6 4 189
10
10 9 229
5 10 296
3 9 210
5 8 102
10 2 240
5 6 272
1 3 188
5 7 54
3 4 141
10
6 4 202
10 4 239
4 7 258
8 6 273
4 1 162
6 9 242
10 5 243
2 9 272
3 9 70
10
2 5 235
2 1 58
1 10 260
3 5 135
1 6 132
7 5 234
4 5 172
8 7 163
9 8 52
10
2 4 258
5 2 156
9 2 45
4 7 44
3 2 10
6 4 176
2 8 23
9 1 48
10 4 24
10
8 4 145
5 8 196
4 3 214
9 3 170
2 3 188
10 8 153
7 2 285
6 8 196
1 3 245
10
2 6 170
2 1 251
2 8 254
8 4 142
8 3 111
7 8 219
5 2 245
4 10 278
9 3 124
10
5 7 167
5 6 39
7 10 246
1 10 3
4 5 134
9 5 100
2 5 165
3 5 255
10 8 158
10
9 6 205
9 7 283
10 6 224
4 9 176
1 10 245
10 2 206
5 10 274
8 7 256
7 3 81
10
9 10 65
9 4 12
9 5 100
9 2 58
2 3 294
3 8 119
9 1 186
7 2 221
6 1 260
10
8 7 188
8 1 48
8 5 127
6 5 103
2 7 44
3 6 67
10 8 230
9 5 145
10 4 186
10
9 10 219
4 9 238
2 9 161
5 9 234
3 9 280
8 9 99
1 5 23
6 5 137
7 8 63
10
5 1 14
6 5 135
5 4 236
3 4 47
3 7 194
7 10 61
9 7 242
4 8 130
2 7 233
10
9 3 172
9 8 265
8 7 282
9 4 136
6 3 46
10 6 80
2 8 233
5 7 224
1 5 212
10
1 2 27
4 2 249
8 4 49
9 8 287
7 2 231
3 2 258
6 1 121
2 10 115
3 5 209
10
10 2 92
1 2 7
2 3 210
1 9 250
3 8 246
1 7 27
5 9 3
3 4 26
6 7 128
10
1 6 200
1 5 205
10 1 245
7 10 149
10 8 295
7 4 266
1 3 134
5 2 182
3 9 202
10
3 7 74
7 1 220
3 8 236
6 3 283
10 8 293
8 9 45
10 4 123
8 2 92
6 5 237
10
2 1 267
5 2 265
1 8 113
2 3 49
10 8 40
5 7 195
4 7 141
2 9 93
6 1 265
10
3 8 263
8 7 65
8 6 94
3 10 22
9 8 204
2 8 89
5 2 300
8 4 217
3 1 236
10
3 5 264
6 5 60
3 9 140
8 9 25
3 7 38
4 8 3
7 1 96
10 5 287
4 2 182
10
8 7 247
9 8 68
9 1 177
9 10 55
2 10 270
9 4 141
3 2 226
7 5 3
5 6 255
10
3 8 198
10 3 163
10 5 205
6 8 151
7 5 149
9 3 229
2 3 157
10 4 79
1 8 48
10
6 9 121
4 6 234
1 9 32
10 6 115
9 5 38
9 8 187
7 6 190
8 2 21
5 3 274
10
7 9 87
9 1 70
1 6 233
7 8 223
2 7 65
5 7 232
4 7 153
10 1 209
7 3 206
10
10 9 11
7 10 289
10 5 272
5 4 119
5 6 37
10 8 89
3 9 237
1 9 171
2 10 263
10
3 10 233
10 2 175
5 10 228
9 10 1
10 7 211
8 3 153
1 5 211
6 7 117
4 10 31
10
10 3 98
10 9 281
3 8 262
2 9 288
4 9 300
2 7 197
4 5 166
5 6 43
9 1 294
10
10 9 223
9 7 269
10 8 38
8 3 132
8 6 33
10 4 217
7 5 116
1 8 92
10 2 120
10
2 3 273
6 2 49
5 6 134
3 10 176
8 3 149
4 2 113
4 7 107
6 9 257
1 3 162
10
7 1 243
1 4 69
1 6 30
8 6 41
1 10 228
9 10 151
6 2 80
9 3 234
9 5 70
10
8 5 247
5 6 267
6 1 168
10 6 127
6 9 36
5 4 211
3 8 241
7 4 142
10 2 144
10
4 7 62
1 7 163
10 1 132
8 10 177
6 8 20
8 2 234
5 6 73
3 1 159
2 9 19
10
6 5 217
6 1 57
8 6 261
8 9 100
4 5 264
7 5 176
7 2 266
3 9 29
2 10 189
10
8 10 279
7 10 259
4 7 5
6 10 300
1 10 52
5 8 160
3 1 48
9 5 91
1 2 278
10
5 8 221
10 5 240
8 1 147
3 5 27
4 10 233
2 1 116
5 7 148
4 6 85
10 9 240
10
1 5 131
1 9 240
1 10 222
6 9 209
6 3 106
4 10 182
2 6 132
9 8 51
7 9 131
10
3 2 169
2 4 72
8 3 172
10 3 129
7 3 50
9 7 6
10 6 106
5 10 167
10 1 103
10
9 2 34
2 6 67
7 2 157
2 8 242
10 7 158
5 9 149
9 3 179
2 4 167
1 8 193
10
10 3 133
3 7 70
9 7 12
6 9 60
2 9 17
9 4 179
5 4 223
1 3 43
8 10 112
10
4 3 141
5 4 166
4 9 273
7 5 244
7 6 178
6 10 293
2 5 85
1 3 138
6 8 251
10
4 6 86
6 2 163
9 2 26
3 4 81
6 8 205
1 9 94
10 4 78
3 7 115
5 9 62
10
6 8 248
7 8 62
6 5 210
4 7 10
2 4 34
1 8 165
10 2 9
10 9 265
6 3 300
10
4 9 241
1 9 19
2 9 249
4 10 89
2 5 270
8 4 93
3 2 235
6 3 24
7 1 273
10
4 6 9
6 7 88
7 1 21
7 10 167
9 7 286
3 6 280
1 5 58
5 2 47
7 8 60
10
6 7 7
8 7 82
8 5 157
6 4 234
1 7 111
8 2 189
1 9 235
4 3 249
10 4 221
10
9 4 164
6 9 136
9 10 272
2 9 184
3 4 57
9 8 234
7 2 198
5 9 105
1 6 50
10
2 7 273
9 2 206
8 9 204
2 4 211
2 3 96
4 10 27
1 3 3
6 10 245
5 1 125
10
6 5 231
9 6 298
2 9 207
6 10 254
3 5 133
6 4 276
4 7 270
2 8 164
5 1 21
10
8 2 270
10 8 182
8 3 261
7 8 121
3 5 279
2 1 97
7 9 139
6 1 25
4 2 170
10
8 4 172
4 5 126
6 8 33
10 4 294
6 1 13
10 9 177
3 9 45
2 9 70
7 10 100
10
9 4 144
5 9 19
3 5 202
9 2 159
8 5 147
8 10 59
9 6 2
2 1 176
7 2 4
10
10 7 93
9 10 265
4 9 142
10 2 145
1 2 280
8 9 138
5 4 198
1 3 119
4 6 244
10
6 4 279
1 4 160
3 1 25
4 10 160
1 7 61
5 4 281
5 8 217
2 4 185
6 9 16
10
7 8 289
8 1 245
9 1 11
9 3 32
5 3 3
6 3 292
4 3 120
6 10 140
1 2 30
10
2 4 222
7 2 268
2 9 270
7 1 63
3 2 113
1 6 61
9 5 101
4 10 2
8 6 92
10
7 10 70
7 5 176
10 2 284
8 5 132
3 8 130
4 5 226
10 1 199
9 5 3
6 7 192
10
5 3 210
8 3 90
6 3 152
6 2 66
3 1 10
7 1 170
4 8 217
2 10 300
5 9 77
10
4 1 232
10 1 295
4 6 50
9 10 27
4 8 47
10 5 67
7 1 92
5 2 208
3 8 133
10
1 2 23
8 2 300
8 9 112
6 2 45
10 2 288
7 6 269
4 10 101
3 10 171
5 2 54
10
6 7 161
6 2 237
5 2 127
4 6 238
6 1 30
7 8 77
10 7 29
3 4 7
5 9 80
10
7 9 139
9 4 108
7 10 264
7 2 123
9 6 260
9 8 147
1 2 174
1 3 1
3 5 113
10
3 5 27
10 5 80
9 10 227
4 9 66
4 8 34
5 6 243
1 10 198
3 7 123
2 8 152
10
8 10 241
10 1 72
5 8 51
5 9 273
9 4 29
2 8 56
3 8 115
6 9 192
3 7 175
10
4 1 228
8 4 194
1 7 111
3 8 246
5 1 244
5 6 139
10 1 172
10 2 217
8 9 294
10
6 8 89
7 8 81
5 7 224
4 7 14
4 2 105
3 6 24
1 7 243
7 9 195
10 5 296
10
6 10 128
1 10 48
8 10 142
8 7 144
8 4 224
6 3 272
7 5 144
9 3 112
7 2 158
10
2 6 1
10 2 296
2 4 230
4 1 213
5 2 233
1 8 66
3 10 45
9 3 134
7 1 155
10
5 9 196
2 5 36
2 3 148
5 7 71
10 9 299
4 7 19
1 7 48
10 6 109
7 8 18
10
6 3 86
8 3 161
1 3 207
6 7 218
4 7 255
10 6 246
8 9 158
2 6 237
5 10 233
10
6 5 298
3 5 20
3 2 142
4 6 76
2 7 262
1 7 25
3 10 279
6 8 288
9 5 53
10
6 3 74
3 5 298
4 3 187
9 6 280
4 10 284
3 2 67
2 1 200
5 7 39
10 8 35
10
4 7 132
7 5 290
6 4 142
7 8 172
7 1 117
3 6 289
5 10 35
4 2 119
9 10 129
10
1 10 150
10 4 283
1 5 128
6 4 253
6 9 156
9 7 40
8 10 148
7 2 181
3 10 62
10
5 10 198
10 9 62
5 2 187
1 9 134
5 3 78
9 6 287
4 5 120
8 4 89
7 10 30
10
5 10 103
1 5 66
5 7 112
1 9 7
4 10 136
8 9 90
2 5 73
6 5 54
3 6 170
10
6 9 121
9 8 216
5 9 264
6 3 293
4 5 272
2 8 176
1 5 282
7 1 123
9 10 164
10
5 9 170
8 5 158
5 4 274
8 3 159
9 2 29
10 4 204
9 7 91
6 8 18
1 5 207
10
10 6 187
7 6 179
7 4 53
6 8 199
8 3 43
4 5 246
6 1 235
1 9 124
2 1 73
10
6 2 157
9 2 155
9 10 296
7 6 202
6 1 5
6 8 214
4 7 208
10 5 1
4 3 65
10
1 8 201
8 5 116
10 5 282
10 7 176
6 10 70
7 4 179
3 1 269
2 10 296
5 9 162
10
3 10 282
3 5 121
3 6 137
8 10 113
5 9 281
10 2 139
7 9 231
9 4 105
1 5 290
10
9 3 213
9 5 233
3 10 28
4 9 62
8 10 198
6 3 46
4 7 132
5 1 30
7 2 110
10
2 6 228
9 6 271
3 2 265
10 6 232
9 1 49
4 6 71
8 9 224
4 7 80
5 2 231
10
6 2 165
4 2 135
10 4 61
8 4 155
6 7 9
5 2 101
10 9 92
3 9 6
2 1 281
10
8 7 196
10 8 74
10 5 50
9 7 188
7 2 51
4 5 148
6 2 161
6 1 268
5 3 176
10
4 9 154
4 1 37
5 4 102
1 7 210
6 9 203
7 3 147
4 2 231
8 2 108
10 3 28
10
7 3 66
9 7 126
6 9 236
7 10 33
4 6 140
3 8 197
6 2 208
1 10 124
7 5 36
10
6 4 150
4 7 264
7 1 106
1 10 277
9 1 74
9 5 27
7 8 125
2 1 114
7 3 239
10
5 7 109
6 7 232
3 5 5
8 5 90
1 7 70
2 1 154
9 1 25
5 4 89
7 10 128
10
5 9 284
6 9 102
10 9 217
1 5 28
8 9 17
2 9 152
4 9 2
3 5 234
7 5 274
10
2 9 261
2 6 48
2 7 105
2 8 205
1 2 56
5 8 107
4 9 269
2 10 264
3 1 139
10
4 9 211
10 9 270
9 5 139
10 2 29
2 7 221
7 8 26
1 8 216
3 8 205
6 3 66
10
3 5 161
3 1 196
3 10 261
7 1 166
9 5 79
4 1 218
9 2 158
9 6 183
8 7 299
10
7 2 136
7 5 81
3 5 191
6 2 158
9 2 255
3 10 172
2 1 116
3 8 118
1 4 141
10
3 2 257
4 3 173
6 4 90
4 10 33
8 6 226
5 3 269
6 7 242
1 4 220
8 9 6
10
2 10 167
2 7 217
1 10 41
6 2 31
7 3 17
8 10 193
1 9 282
5 2 231
4 7 91
10
2 6 101
5 6 47
7 5 205
4 2 200
10 7 6
10 3 188
8 6 23
1 4 145
9 4 6
10
5 1 224
8 1 236
4 8 35
4 6 121
1 7 169
9 4 95
10 1 187
3 6 44
2 8 276
10
9 8 55
8 2 81
10 8 80
5 9 104
3 2 132
10 7 213
6 8 163
5 4 231
1 6 245
10
2 3 300
2 7 254
7 6 221
3 5 202
1 3 167
3 9 30
8 1 257
5 10 59
10 4 107
10
1 3 254
3 10 295
8 1 56
8 7 4
5 3 185
9 5 88
7 2 162
3 4 165
6 5 221
10
9 3 197
5 3 94
4 5 282
6 5 191
7 4 166
10 9 129
1 5 251
10 8 3
9 2 126
10
6 3 27
8 6 21
7 6 94
1 7 289
2 3 64
2 4 46
10 6 242
9 4 182
5 2 167
10
6 1 152
10 6 213
6 9 156
8 10 172
4 9 215
7 9 130
9 3 132
2 8 264
5 2 225
10
3 2 72
8 2 10
5 8 197
5 1 149
3 9 290
4 1 107
5 7 236
10 8 154
3 6 148
10
3 2 39
6 2 38
9 6 37
2 4 81
4 7 171
10 3 116
2 1 275
5 3 127
8 6 109
10
5 7 134
5 8 230
5 1 166
1 2 24
5 4 266
9 7 284
9 10 214
1 6 297
3 5 112
10
9 2 3
9 8 197
5 2 17
6 8 260
8 3 69
10 2 197
1 6 45
7 6 137
4 3 98
10
10 6 148
7 10 56
5 10 89
5 9 47
4 9 88
10 1 229
7 2 105
4 3 142
8 3 56
10
9 5 63
5 7 38
7 1 236
8 5 231
10 5 139
2 5 290
1 3 160
4 5 159
6 10 69
10
4 2 273
5 4 247
10 4 37
3 2 40
3 1 229
9 5 269
1 8 300
4 7 149
1 6 277
10
6 3 227
6 1 83
3 9 282
9 7 69
9 8 118
5 6 3
10 3 51
10 4 291
1 2 230
10
6 1 194
3 1 296
7 3 75
2 3 258
6 9 154
10 6 43
7 5 145
4 1 231
8 2 22
10
2 1 203
10 2 139
3 1 10
2 5 194
4 10 101
8 10 213
9 2 45
7 1 277
6 1 177
10
7 2 53
8 7 118
10 7 240
6 2 5
6 9 153
6 3 181
4 8 178
5 9 217
1 8 187
10
6 5 224
6 4 203
4 7 290
7 10 48
9 6 31
2 6 278
10 3 226
9 1 80
2 8 264
10
1 8 168
10 1 76
1 9 87
4 9 297
2 8 87
5 9 32
7 1 62
3 4 155
7 6 260
10
8 2 30
2 7 180
2 5 202
8 3 220
8 10 137
6 7 168
9 5 245
7 4 175
7 1 298
10
3 6 213
10 3 154
6 8 289
4 8 63
6 1 146
4 5 157
10 9 92
1 7 152
2 10 69
10
2 5 258
2 3 40
5 10 299
5 6 46
2 7 167
6 8 119
6 1 24
4 7 291
9 2 120
10
3 7 38
6 7 185
1 7 116
3 8 160
9 3 62
2 6 200
5 6 146
10 2 30
6 4 131
10
2 9 142
2 5 193
1 9 145
2 7 256
7 10 252
10 3 44
6 2 168
4 1 288
6 8 64
10
7 4 144
8 4 156
5 4 69
6 7 129
2 8 138
9 4 201
1 6 2
3 8 230
10 3 162
10
10 6 13
10 7 205
3 7 230
6 4 34
8 6 230
4 5 221
9 6 104
8 1 46
10 2 151
10
5 10 99
5 6 24
10 4 257
10 8 48
10 2 259
9 4 255
8 7 251
10 3 281
1 3 36
10
8 3 260
3 7 84
5 8 261
1 8 184
3 9 148
10 1 72
2 5 199
8 4 77
9 6 26
10
7 6 239
2 6 280
10 7 49
1 10 44
8 6 124
9 7 237
3 10 275
5 7 11
4 5 162
10
8 3 224
3 5 183
9 8 270
2 5 181
3 10 293
5 7 41
5 6 86
3 1 214
7 4 96
10
2 10 238
2 3 261
6 2 116
2 1 98
3 8 101
4 10 144
6 9 21
5 4 46
2 7 277
10
6 10 66
6 9 136
1 6 114
10 4 283
7 6 263
4 3 88
8 9 230
3 2 243
7 5 257
10
9 6 186
4 9 5
2 9 181
5 4 280
2 7 43
3 4 277
2 10 19
9 1 164
7 8 20
10
7 1 181
10 1 218
5 10 182
8 5 11
7 9 290
4 7 66
7 3 219
8 2 295
6 1 34
10
2 3 270
7 2 283
3 8 78
8 10 81
1 7 229
10 5 87
7 4 101
6 7 35
9 3 182
10
5 4 252
5 7 278
8 5 144
3 8 257
1 4 251
10 7 247
7 9 119
1 2 226
6 7 133
10
4 5 240
8 5 31
10 5 75
2 10 285
1 2 288
7 1 97
3 4 89
9 5 127
1 6 176
10
9 8 176
8 2 150
1 2 56
2 5 204
8 3 252
3 10 161
4 5 62
4 6 276
7 4 207
10
1 7 287
7 4 134
8 4 74
1 2 8
5 8 201
8 10 149
9 1 255
4 3 266
10 6 75
10
1 8 228
1 9 252
9 2 271
6 8 52
10 8 194
2 5 93
1 4 133
9 7 292
6 3 24
10
3 10 155
3 1 46
8 10 69
3 7 287
10 4 247
1 6 42
8 2 146
5 3 225
9 7 48
10
6 1 213
4 6 180
10 4 72
4 2 67
1 8 190
9 8 37
8 5 219
6 3 225
7 1 100
10
3 4 273
9 4 121
3 5 6
1 4 168
1 8 35
2 1 186
7 5 71
6 7 3
4 10 184
10
10 2 95
10 3 152
8 2 238
10 4 16
5 3 126
1 3 54
1 6 124
6 7 44
1 9 248
10
7 3 216
5 7 267
7 8 294
10 8 204
1 8 198
4 10 295
9 8 223
2 8 200
6 5 137
10
6 10 77
6 2 190
2 1 72
10 3 278
9 6 267
3 5 70
7 3 5
6 4 11
4 8 75
10
6 3 126
8 6 74
1 8 76
7 8 193
6 5 229
2 8 171
4 1 93
1 9 116
10 4 57
10
3 2 140
5 2 148
3 10 74
6 3 182
5 8 112
9 10 149
7 9 275
4 8 166
6 1 68
10
6 3 198
6 1 118
7 3 153
6 8 132
5 3 170
2 7 27
2 4 48
10 8 282
9 5 9
10
3 9 173
6 3 282
5 3 164
10 6 97
5 2 31
9 1 28
8 9 201
4 6 16
3 7 228
10
5 4 135
1 4 143
8 4 85
5 6 135
7 8 297
9 8 121
3 6 207
3 10 15
2 9 276
10
4 8 254
10 8 43
2 10 8
1 8 236
10 5 232
3 4 198
8 6 188
9 8 282
3 7 262
10
9 3 2
3 5 100
5 8 151
6 5 37
10 5 275
3 1 201
9 2 186
9 4 26
7 1 128
10
3 7 183
4 3 6
3 2 97
9 3 10
10 7 239
3 1 269
10 6 174
10 5 248
8 5 132
10
3 7 116
5 7 106
7 4 227
5 2 31
1 7 8
9 3 225
6 4 110
4 8 128
5 10 81
10
3 6 117
1 6 165
10 1 71
10 8 156
1 4 50
5 4 288
9 3 83
2 10 249
7 8 104
10
3 5 125
2 5 8
10 3 101
10 9 58
8 10 69
5 1 42
6 1 90
7 2 31
4 10 182
10
2 8 43
7 8 221
7 6 288
8 4 107
2 10 97
2 9 285
3 9 8
3 1 267
5 6 48
10
5 8 89
5 9 280
2 8 233
10 9 180
9 1 115
10 7 183
9 6 144
4 5 264
3 4 162
10
5 2 284
5 9 79
10 9 266
1 10 113
6 5 141
1 4 159
1 7 169
3 1 5
3 8 217
10
9 4 223
4 8 182
1 4 212
10 9 10
3 10 232
7 9 118
10 2 273
10 5 266
6 4 284
10
8 2 140
2 7 95
10 8 144
4 2 281
2 6 211
3 8 260
2 1 31
9 6 213
5 2 177
10
9 1 73
1 3 298
1 7 157
10 7 152
4 1 127
9 5 66
9 6 259
7 8 255
2 3 16
10
5 4 254
4 3 241
7 4 230
5 2 234
3 1 140
6 4 141
9 1 60
1 10 252
8 5 277
10
6 10 124
10 9 178
7 10 111
7 8 168
5 10 16
10 1 111
1 4 203
3 1 105
2 8 211
10
5 8 144
2 8 219
1 8 28
3 8 179
1 4 231
7 2 275
7 9 290
2 6 184
10 6 194
10
1 8 164
6 8 88
6 3 20
5 8 256
6 9 140
2 9 120
7 1 279
4 9 156
10 5 59
10
6 1 143
1 7 88
7 5 122
7 8 292
8 4 167
7 3 137
8 9 122
2 3 258
7 10 271
10
3 8 290
4 8 139
3 1 68
6 1 44
7 1 255
10 1 232
9 6 6
5 7 195
2 10 280
10
3 10 60
8 10 190
9 10 96
8 7 226
6 3 267
9 1 270
4 3 257
10 2 262
3 5 106
10
8 10 67
10 3 149
10 1 293
7 10 293
6 10 242
4 8 7
5 8 117
2 5 235
1 9 266
10
7 2 231
10 2 73
4 2 50
6 7 132
8 10 277
2 1 264
3 4 114
4 9 66
5 3 238
10
1 4 147
10 4 159
7 4 22
1 6 223
4 5 62
6 8 258
3 5 194
3 9 203
2 1 260
10
6 10 121
4 6 242
10 8 106
7 8 230
3 7 204
5 6 239
3 1 205
7 2 299
9 6 244
10
7 2 24
8 7 288
2 6 17
6 5 64
3 7 251
10 5 268
5 1 229
4 5 91
1 9 36
10
6 1 188
6 5 119
6 8 85
1 4 97
9 6 252
1 2 57
5 10 40
7 10 130
3 7 117
10
8 4 79
10 4 105
8 3 263
7 3 94
5 4 170
2 4 161
6 5 133
3 9 208
1 2 91
10
4 1 119
3 1 253
1 5 276
5 10 83
6 3 255
7 5 218
5 2 97
9 6 138
8 6 120
10
8 6 242
6 2 163
5 6 253
9 6 9
9 1 13
8 7 156
6 10 37
6 3 7
4 8 120
10
8 3 233
8 2 228
8 5 169
10 8 91
1 3 48
9 1 62
7 2 198
4 9 174
4 6 93
10
6 8 125
6 2 6
6 9 268
7 6 192
2 5 243
7 3 184
1 8 299
3 4 265
10 7 132
10
2 4 232
4 5 125
10 4 130
5 8 267
2 7 187
4 9 87
3 9 83
1 8 123
6 3 14
10
5 1 74
1 6 285
3 6 178
8 3 33
8 9 5
4 8 238
10 9 128
2 1 288
4 7 53
10
1 4 61
9 4 293
4 7 21
6 4 280
1 5 116
7 3 109
6 8 28
10 1 188
2 3 292
10
1 6 106
10 6 269
10 3 134
2 6 164
10 8 66
9 2 273
5 2 62
7 1 73
7 4 252
10
8 6 261
8 4 133
3 8 295
1 8 6
3 10 234
6 7 269
6 5 201
2 10 126
10 9 190
10
4 9 224
4 2 18
2 6 255
1 6 156
5 2 82
9 8 193
3 2 272
7 8 237
8 10 265
10
6 4 205
6 7 162
7 5 14
2 6 56
8 5 117
1 5 279
10 6 155
5 3 242
5 9 187
10
4 10 263
2 4 15
2 3 241
1 3 30
10 5 71
1 9 113
6 5 180
2 8 291
7 6 189
10
3 9 195
8 3 256
2 3 289
9 6 115
9 10 205
5 2 2
4 8 234
2 1 145
9 7 292
10
1 10 203
1 6 98
10 5 216
9 1 285
4 5 187
2 10 257
9 3 267
4 7 206
8 2 291
10
6 3 153
3 9 64
10 9 45
7 10 199
3 1 144
4 10 113
1 8 256
1 2 195
5 3 24
10
2 10 24
2 8 254
4 10 271
4 3 288
5 4 230
9 5 186
1 3 75
10 7 203
6 3 280
10
8 3 101
8 4 95
7 4 83
1 4 295
4 10 278
10 5 217
2 1 39
8 6 196
10 9 276
10
4 10 217
10 2 157
9 10 155
2 5 232
2 8 150
2 6 45
6 1 57
9 3 240
5 7 185
10
6 5 131
1 5 187
4 5 13
3 1 82
3 10 135
10 9 299
8 6 287
5 2 77
7 5 254
10
8 10 3
10 7 160
10 5 21
8 6 175
6 1 140
5 3 193
2 10 298
8 4 170
9 3 243
10
7 1 61
1 3 1
8 3 82
6 1 287
3 2 212
5 8 63
1 9 296
4 2 20
10 4 116
10
2 1 214
1 8 130
8 5 266
3 2 298
6 8 270
6 7 23
7 9 261
2 4 187
7 10 283
10
4 5 245
3 4 163
8 5 55
2 8 49
4 7 145
6 5 262
2 10 187
1 2 175
4 9 184
10
4 3 261
10 4 199
8 10 64
7 8 82
6 3 141
1 6 247
10 2 119
2 5 150
9 1 226
10
4 3 222
4 2 205
9 3 90
8 4 167
1 2 276
6 2 21
10 6 201
4 5 28
7 4 48
10
3 8 57
8 7 109
1 8 153
1 10 17
7 6 276
7 2 213
4 7 221
2 9 43
5 1 280
10
7 10 49
9 10 70
5 7 108
8 10 264
10 4 156
3 7 127
2 9 102
6 9 115
9 1 168
10
8 7 41
7 9 108
7 3 129
7 10 155
7 5 221
8 6 39
2 3 249
9 4 258
5 1 98
10
7 10 9
9 7 85
10 4 154
4 5 143
6 4 259
9 8 69
2 9 157
3 4 63
8 1 108
10
8 4 134
8 2 43
8 6 58
1 4 93
2 3 261
5 4 286
10 2 13
10 7 241
2 9 220
10
9 3 231
10 9 59
6 10 126
6 8 245
4 3 49
2 3 242
9 5 246
6 1 114
9 7 203
10
10 4 122
7 4 235
10 5 42
3 4 204
5 2 117
8 3 116
10 6 213
8 9 131
1 8 161
10
8 7 290
4 7 231
4 2 86
1 2 155
7 9 132
1 6 210
9 5 179
3 9 272
10 3 274
10
9 1 80
8 9 183
1 6 255
7 6 224
3 6 96
10 8 62
2 10 192
2 5 87
4 5 102
10
10 2 92
2 4 297
2 9 44
2 6 51
1 10 226
6 3 160
2 7 131
4 8 247
5 4 213
10
5 8 206
7 5 281
4 5 222
4 9 67
8 3 232
9 1 171
6 4 258
10 3 19
2 5 146
10
3 7 249
9 3 209
5 9 109
5 10 158
3 8 56
2 7 101
8 4 222
6 9 254
1 10 169
10
8 7 91
8 1 27
3 1 258
6 8 137
5 6 116
2 1 57
9 7 247
8 4 81
10 9 218
10
9 4 202
7 4 248
1 9 41
7 8 35
6 4 240
5 6 106
10 4 10
2 1 148
3 10 251
10
8 4 16
7 4 23
1 7 21
5 4 253
10 7 284
8 2 234
7 3 153
6 2 49
9 6 71
10
1 10 174
8 10 297
9 10 271
10 7 127
9 3 108
2 1 209
4 9 27
10 5 291
6 2 265
10
8 3 140
3 10 236
5 3 271
3 6 178
3 4 100
9 10 142
2 5 32
9 7 52
2 1 246
10
10 7 41
8 7 121
7 2 153
7 9 176
4 8 101
6 2 111
4 5 42
5 3 208
1 7 79
10
10 2 12
10 1 132
1 6 111
6 5 141
2 8 216
5 7 39
10 3 54
9 3 206
4 7 255
10
1 6 235
10 6 257
7 1 115
10 2 239
6 3 11
7 8 165
3 9 156
4 6 84
10 5 213
10
5 6 51
1 6 289
8 5 7
3 1 107
9 8 291
8 10 219
6 7 8
7 2 183
4 9 265
10
4 3 80
4 1 294
3 8 260
4 10 273
9 8 145
6 4 261
7 8 272
10 5 168
2 9 202
10
6 2 122
3 2 127
2 7 152
3 4 92
10 7 228
7 9 246
10 8 33
3 1 131
5 6 95
10
7 3 60
8 3 202
6 7 7
4 3 132
5 8 271
4 10 291
10 1 181
4 9 224
3 2 224
10
1 7 172
7 6 283
7 3 143
6 5 210
4 1 6
9 1 276
8 6 260
1 2 139
7 10 210
10
9 5 278
1 5 239
9 7 119
7 6 262
1 8 174
6 3 153
1 10 271
4 1 257
9 2 219
10
7 5 94
7 8 54
5 6 261
3 5 249
8 2 123
7 4 49
10 6 294
4 1 83
9 3 148
10
10 8 272
8 3 158
9 3 290
6 3 249
4 8 159
4 5 272
7 3 19
10 1 290
2 4 8
10
1 8 209
4 1 237
4 2 284
9 4 30
3 2 269
4 10 51
1 6 250
5 6 50
6 7 273
10
4 8 154
3 4 133
3 9 289
6 9 171
10 8 66
3 1 171
4 2 81
4 7 178
5 6 92
10
10 1 22
6 10 45
4 10 12
10 5 111
6 3 128
10 8 226
9 4 235
7 4 86
4 2 148
10
10 2 139
2 7 31
4 10 251
10 8 27
6 10 258
1 10 89
5 8 67
2 9 156
3 10 2
10
1 4 144
1 6 140
1 10 123
9 1 122
7 4 203
3 6 11
10 5 248
6 2 112
8 9 217
10
5 3 287
1 5 136
2 1 262
5 9 128
3 6 194
4 6 131
5 10 71
9 8 164
9 7 123
10
5 4 284
4 10 251
5 3 289
5 2 48
10 8 33
8 7 128
9 2 54
4 1 22
6 1 59
10
1 7 206
7 2 106
2 6 119
7 10 109
4 6 248
10 5 58
8 1 207
3 8 151
9 10 263
10
5 6 247
1 5 41
9 1 51
9 8 222
7 6 161
1 10 78
7 3 253
10 4 123
2 8 16
10
10 7 19
8 7 68
6 8 50
4 10 14
9 7 80
5 7 20
2 5 282
1 8 10
5 3 296
10
4 3 97
4 1 295
3 6 134
2 4 151
4 9 176
3 10 187
7 2 19
3 5 148
3 8 159
10
7 6 94
9 6 241
4 6 70
9 5 170
6 2 207
10 2 167
8 10 198
8 3 270
1 2 48
10
5 4 50
4 10 186
10 3 273
4 9 144
9 8 39
4 1 52
6 4 79
7 8 48
2 9 256
10
6 8 159
5 8 154
5 2 240
9 2 261
8 10 260
10 7 81
8 3 186
3 1 194
4 8 264
10
10 4 54
10 9 267
4 8 89
7 4 246
3 9 202
1 10 268
7 5 185
2 3 284
10 6 146
10
6 10 292
1 6 280
4 1 295
6 3 232
4 2 120
3 9 172
4 7 134
5 3 71
8 1 193
10
7 6 240
7 5 40
1 5 194
7 10 95
10 3 244
5 4 58
10 2 4
9 10 240
8 9 140
10
10 3 23
1 10 163
10 7 109
7 6 278
2 10 252
9 1 167
6 4 167
9 8 53
3 5 40
10
4 9 192
8 9 58
8 6 12
8 5 119
3 8 24
10 6 34
5 2 234
7 4 242
1 2 200
10
9 7 22
9 8 281
10 7 163
10 1 227
3 7 24
1 4 113
7 2 201
9 5 42
1 6 234
10
3 5 59
5 9 163
10 3 112
9 6 234
2 3 185
4 2 117
2 1 89
6 8 212
7 10 145
10
2 8 13
2 6 136
6 1 231
8 10 34
8 4 242
8 5 135
3 8 62
7 10 32
1 9 23
10
5 7 237
5 3 22
9 3 60
5 10 187
6 3 118
6 8 293
2 10 115
10 4 44
10 1 118
10
6 8 12
2 8 203
1 6 56
8 3 14
10 8 154
10 7 295
5 8 67
9 3 183
4 3 146
10
5 2 196
5 3 1
6 2 283
9 5 161
4 6 53
9 1 220
1 7 220
1 8 237
10 5 73
10
9 1 6
8 1 10
8 2 272
9 4 154
8 7 103
5 4 130
9 3 280
7 6 162
10 1 182
10
9 7 110
10 7 195
7 3 93
7 5 59
7 2 58
8 2 196
6 3 15
8 1 37
4 6 34
10
4 8 246
4 2 286
1 4 79
2 9 262
5 9 143
4 3 63
3 10 59
7 8 161
3 6 147
10
9 3 8
8 3 188
9 4 223
4 6 1
8 7 121
9 5 10
4 10 210
3 1 200
2 5 3
10
10 7 127
1 10 142
10 8 92
7 5 261
8 9 92
1 3 49
3 6 110
4 3 115
3 2 150
10
6 1 180
6 10 5
10 8 208
4 1 264
1 7 43
1 5 188
2 1 88
3 4 19
9 3 166
10
3 8 190
7 3 111
2 3 168
2 5 241
7 6 20
3 9 265
4 5 16
1 8 108
10 3 192
10
8 4 291
8 9 273
6 8 278
7 4 85
3 9 182
10 9 211
4 2 97
1 3 24
8 5 122
10
5 7 229
8 7 41
5 10 262
8 1 203
8 4 300
2 1 165
3 5 280
9 4 211
8 6 22
10
8 9 171
9 7 178
10 7 277
9 4 123
2 8 185
6 4 140
1 2 20
5 8 156
3 1 167
10
4 7 168
4 9 287
4 8 95
10 4 171
2 9 50
9 6 188
8 5 269
9 3 57
1 6 82
10
2 3 168
3 6 97
4 6 168
8 2 93
2 1 116
10 8 248
5 2 248
10 7 49
8 9 151
10
5 6 211
2 5 212
2 7 214
7 9 243
10 6 262
1 10 140
1 3 65
9 8 201
4 8 298
10
3 9 56
1 9 2
9 8 275
3 4 215
4 2 224
6 2 177
1 5 33
8 7 195
10 3 173
10
1 8 149
1 6 89
7 1 22
6 4 56
7 5 109
8 10 271
2 1 60
9 7 251
3 6 254
10
10 9 192
9 5 91
9 1 79
5 7 38
5 2 86
8 2 23
1 6 150
2 4 28
3 2 278
10
1 3 60
6 3 84
8 3 231
5 3 273
10 3 71
9 6 149
2 3 35
4 1 115
5 7 211
10
5 7 184
10 5 131
7 2 100
9 5 102
7 4 176
9 3 180
1 3 262
6 7 97
8 4 213
10
9 6 30
9 8 157
8 1 18
2 8 80
1 5 113
9 3 98
2 10 94
7 5 201
8 4 33
10
5 1 274
5 9 275
6 9 100
10 1 262
1 4 140
2 6 9
7 10 220
8 10 90
4 3 138
10
3 5 294
1 3 103
10 5 90
10 4 281
10 7 45
3 8 192
5 9 95
6 1 35
5 2 95
10
9 6 251
10 9 241
5 9 57
9 8 66
3 5 172
1 10 277
1 7 204
10 2 110
1 4 1
10
9 6 278
1 6 221
2 6 82
8 6 152
2 7 4
5 8 279
4 5 78
10 1 189
4 3 17
10
7 9 31
9 3 288
10 7 259
10 8 61
3 5 179
2 10 53
5 4 274
1 2 91
6 5 270
10
10 6 240
6 5 96
8 10 45
3 5 66
10 9 230
10 4 38
7 10 115
2 6 210
3 1 254
10
10 8 91
6 8 16
10 4 266
3 6 9
5 4 77
2 4 151
7 5 121
1 6 236
3 9 144
10
5 9 73
4 5 4
6 9 234
9 3 36
9 8 187
10 3 165
1 5 164
8 2 196
5 7 223
10
7 3 214
4 3 227
3 5 136
6 5 109
5 9 169
9 2 257
8 3 122
1 4 135
6 10 87
10
7 6 257
1 6 12
7 2 183
6 9 19
8 1 97
5 7 59
4 1 242
1 10 89
2 3 263
10
8 2 194
1 2 1
1 6 192
8 4 3
8 10 55
1 3 124
1 7 26
10 9 196
2 5 285
10
10 8 106
9 10 144
3 9 11
2 8 181
6 10 78
6 5 285
7 3 291
1 8 26
1 4 112
10
8 3 262
3 4 215
10 3 203
4 9 105
6 10 30
2 9 217
5 2 161
9 1 153
7 3 246
10
1 5 178
8 1 16
4 1 227
6 1 176
4 10 240
5 7 299
4 2 148
9 2 202
3 1 147
10
8 6 250
1 6 120
5 8 129
6 9 144
9 10 186
10 2 9
9 4 198
7 2 151
3 2 109
10
3 7 276
5 7 128
9 7 125
6 3 199
8 7 52
9 1 108
10 6 232
6 2 141
4 9 51
10
10 1 65
6 10 299
1 3 36
6 4 12
10 9 214
5 6 140
6 7 104
6 8 78
4 2 278
10
1 7 106
7 4 206
3 4 277
3 6 159
10 7 203
9 10 132
2 10 257
2 8 290
1 5 40
10
4 9 73
4 5 194
5 6 141
6 2 114
9 7 216
9 1 167
8 7 53
3 4 2
10 8 116
10
5 2 102
6 5 156
5 9 30
8 9 240
3 2 248
6 10 262
7 3 120
4 6 263
1 8 104
10
7 1 162
6 7 163
5 1 195
4 1 162
6 2 281
4 8 213
8 9 61
3 2 146
6 10 155
10
9 3 292
2 3 17
6 3 162
8 3 203
4 3 221
1 2 260
10 4 260
6 7 80
5 10 114
10
6 10 44
8 6 203
6 7 299
5 7 217
3 7 82
3 4 160
8 9 229
8 2 145
7 1 34
10
7 10 260
8 7 158
7 5 131
10 6 216
4 10 294
6 1 25
1 3 159
9 5 158
2 8 251
10
6 8 76
7 8 16
9 6 158
1 6 183
9 3 221
1 5 245
8 4 23
10 3 299
9 2 270
10
10 5 227
10 8 288
7 10 10
9 5 58
5 6 7
7 2 228
10 1 275
10 4 290
7 3 220
10
4 9 150
7 4 185
7 5 65
1 7 13
3 4 179
10 4 119
9 8 120
6 10 2
8 2 122
10
2 3 169
4 3 285
4 8 185
10 8 155
8 1 199
4 7 97
10 5 264
6 10 128
6 9 69
10
6 7 35
5 7 7
6 4 179
7 10 126
5 9 92
3 5 220
9 2 154
9 8 176
1 4 78
10
5 10 224
5 1 225
5 3 35
5 2 272
5 4 261
7 3 131
9 3 122
7 8 210
6 4 34
10
10 4 108
1 4 44
4 3 230
10 8 271
8 9 300
1 2 194
1 6 2
7 6 192
6 5 69
10
6 5 74
5 9 105
5 8 8
8 4 117
10 8 136
10 2 196
3 10 3
1 3 227
2 7 183
10
7 9 63
5 7 154
3 7 80
1 5 266
7 10 177
8 3 220
6 9 38
8 2 173
5 4 26
10
10 3 134
10 8 286
3 9 82
9 6 82
5 6 256
9 2 120
8 4 195
1 6 177
10 7 145
10
5 9 269
2 9 273
7 5 202
10 2 242
6 5 33
3 2 132
5 8 59
4 7 70
10 1 39
10
3 2 148
3 5 110
10 5 38
10 1 289
9 5 39
6 10 29
8 9 163
4 1 198
7 1 93
10
9 6 277
9 4 84
10 9 52
4 7 102
7 5 66
6 2 67
8 4 281
5 1 263
10 3 168
10
1 3 125
1 9 25
9 6 238
6 5 45
2 5 141
10 5 151
9 4 91
7 4 173
10 8 215
10
4 2 198
4 9 59
2 10 229
9 5 60
7 10 93
6 5 92
7 3 237
6 1 148
6 8 253
10
7 1 71
7 5 63
9 5 136
9 6 102
4 5 93
2 1 236
2 10 88
1 8 275
4 3 127
10
9 10 255
10 4 21
10 6 173
3 6 287
4 2 243
8 3 167
7 4 202
9 1 65
7 5 90
10
7 9 2
10 9 55
9 6 286
9 8 202
7 5 285
2 5 300
1 2 188
3 5 11
9 4 91
10
5 7 125
2 7 156
7 1 25
5 3 251
7 6 45
3 4 190
5 9 211
8 7 280
10 6 244
10
7 3 23
7 6 286
1 3 210
3 5 90
9 7 270
3 8 66
8 10 291
6 4 6
5 2 115
10
6 7 174
7 5 80
6 8 181
3 5 112
7 4 58
8 9 112
8 1 300
2 5 213
4 10 40
10
3 7 162
5 3 272
2 3 98
1 5 261
8 1 211
3 10 274
1 4 212
3 6 128
5 9 138
10
9 6 97
6 3 273
5 9 261
9 8 212
6 1 217
10 6 76
4 8 12
1 7 256
6 2 120
10
1 4 180
4 5 31
5 10 58
6 4 61
7 6 29
9 7 59
10 2 279
3 6 213
9 8 226
10
10 9 79
5 9 84
1 10 38
3 10 176
2 9 188
10 4 98
4 8 110
2 7 135
6 8 74
10
7 5 265
7 9 136
7 4 203
7 1 3
4 10 77
6 5 175
6 3 204
8 5 174
2 10 226
10
5 10 21
2 5 219
2 6 8
1 2 5
5 3 116
8 10 146
10 9 267
5 7 171
4 3 120
10
6 3 94
1 6 140
3 5 48
1 7 188
4 7 146
4 9 8
8 5 31
4 2 293
10 3 204
10
9 5 244
9 3 295
2 3 55
8 5 21
3 7 221
8 4 242
9 1 76
6 7 5
10 7 25
10
10 5 67
10 8 183
10 7 44
10 9 106
3 9 237
8 4 144
6 4 143
3 2 267
1 9 262
10
9 8 212
9 5 281
7 9 263
2 8 119
7 6 84
9 10 224
4 7 105
5 1 55
3 10 200
10
6 4 259
6 9 218
9 7 233
3 4 91
6 8 85
5 9 105
8 1 294
6 2 222
10 8 2
10
6 7 101
3 7 141
7 2 120
4 6 136
5 2 201
10 7 239
6 8 221
9 8 29
1 10 91
10
7 10 273
7 4 287
5 4 154
4 8 105
5 2 153
7 6 166
1 8 159
6 3 193
9 5 166
10
8 2 13
7 8 257
8 10 243
4 8 130
8 5 41
7 1 240
1 3 243
6 4 203
4 9 278
10
10 7 45
7 8 278
7 3 270
1 3 236
4 7 127
2 8 100
6 8 287
7 9 228
1 5 46
10
5 1 1
1 8 67
8 4 18
5 2 52
2 9 231
4 7 145
6 7 272
10 1 25
3 10 281
10
8 9 46
4 9 51
8 1 126
6 4 279
4 3 35
8 2 130
10 6 152
7 6 82
5 3 19
10
3 9 24
9 1 121
3 7 156
7 5 60
10 3 203
7 4 284
6 10 243
1 2 96
8 5 51
10
2 4 39
1 2 196
1 6 293
2 7 271
10 2 237
3 7 168
1 8 122
2 5 202
9 8 69
10
8 1 283
2 8 182
9 8 107
6 2 5
7 2 154
7 10 290
1 4 131
3 7 119
9 5 93
10
2 7 65
1 7 240
5 7 47
5 4 96
5 3 125
1 10 196
5 8 40
9 2 211
6 4 254
10
8 4 199
9 8 29
4 10 257
10 2 224
8 1 45
9 7 2
5 9 106
5 3 98
8 6 184
10
8 10 247
7 10 139
5 10 191
10 2 126
6 8 200
5 9 130
4 7 70
1 10 53
3 9 82
10
6 3 161
4 6 264
7 4 87
6 9 10
1 9 270
1 10 139
5 9 193
8 1 222
6 2 75
10
2 4 92
5 2 186
2 6 99
3 4 287
6 10 274
2 8 75
9 10 47
7 3 241
1 3 233
10
1 8 154
7 8 122
7 9 228
1 2 91
4 1 106
9 3 214
6 3 123
9 5 217
5 10 87
10
2 3 213
8 2 82
2 10 29
4 8 245
3 5 222
2 1 276
7 4 238
1 6 136
6 9 168
10
1 4 270
1 5 11
4 3 78
4 6 223
1 9 17
3 8 283
8 10 181
5 7 217
2 6 103
10
5 7 109
4 5 37
5 9 135
4 1 234
4 6 277
1 8 90
2 9 81
3 2 35
1 10 55
10
6 10 76
6 3 51
7 10 234
6 8 108
3 5 137
4 7 196
2 4 224
9 10 114
2 1 142
10
8 5 217
5 9 178
7 8 196
4 5 286
5 3 34
8 6 247
10 9 283
7 1 271
2 5 203
10
9 7 214
3 9 176
9 1 243
8 7 262
7 4 33
10 1 156
9 6 73
5 6 85
5 2 229
10
4 6 18
4 5 283
1 5 173
8 1 108
8 3 198
10 4 182
2 8 36
9 6 166
10 7 96
10
8 10 109
8 9 70
7 10 167
7 1 76
9 6 283
9 4 155
3 4 69
8 5 194
2 8 36
10
6 8 89
9 6 47
10 6 226
5 8 228
8 4 229
5 7 114
7 2 128
1 8 120
3 2 152
10
3 9 210
2 3 217
2 1 287
3 4 140
5 3 92
6 3 109
6 7 30
10 7 140
6 8 272
10
4 8 102
4 2 13
2 10 208
3 8 15
7 3 182
5 10 188
7 9 139
1 2 51
1 6 137
10
6 9 1
5 6 41
8 5 69
9 2 187
3 9 36
8 4 225
4 7 158
8 10 271
1 2 80
10
2 1 61
1 4 200
10 4 214
4 8 289
3 2 141
9 4 248
7 3 197
7 5 137
10 6 130
10
8 3 117
2 8 14
8 9 287
2 5 235
6 5 255
1 9 181
6 4 238
7 5 127
7 10 260
10
2 6 24
3 2 77
7 6 63
4 3 263
5 3 253
2 10 51
2 1 6
3 9 202
8 9 78
10
7 5 101
4 5 46
8 7 248
10 8 59
4 3 221
9 5 60
10 1 266
2 10 142
6 7 47
10
2 5 91
2 4 105
9 2 13
6 5 50
2 7 80
3 9 123
5 10 250
8 6 221
9 1 1
10
3 4 110
4 10 99
3 2 122
3 8 269
7 4 164
5 7 247
9 3 114
3 1 226
6 10 55
10
9 10 253
1 10 204
1 8 132
9 2 45
6 2 41
7 8 289
5 10 293
6 3 256
4 5 133
10
5 4 193
5 2 31
3 5 215
1 2 205
3 9 236
8 1 271
3 7 76
5 10 65
6 4 133
10
4 9 18
9 8 280
1 9 11
8 6 212
10 6 125
10 2 282
6 7 297
5 9 195
6 3 213
10
3 1 41
3 9 218
6 3 32
10 6 238
5 1 239
10 7 269
10 2 142
8 1 186
5 4 157
10
1 2 119
1 4 229
9 4 239
7 2 58
4 10 165
7 8 175
3 7 45
1 5 151
6 5 41
10
5 6 6
8 6 41
10 8 217
7 6 263
9 8 280
9 2 127
1 2 262
4 10 293
6 3 170
10
9 4 299
1 4 179
1 5 194
8 1 216
6 1 256
3 8 201
2 1 273
10 9 78
7 1 109
10
1 8 1
1 6 47
6 10 157
4 10 115
9 4 98
1 3 104
2 6 54
7 9 266
5 4 198
10
6 7 119
1 6 93
8 6 227
10 1 262
4 10 237
7 3 288
4 9 246
5 6 172
3 2 268
10
6 8 280
8 1 204
8 4 227
4 2 53
10 1 192
7 4 75
7 5 136
3 7 103
9 3 124
10
10 5 272
2 10 173
10 6 246
2 8 249
3 8 220
10 7 213
3 9 120
4 2 265
5 1 183
10
7 8 221
7 9 32
5 7 156
7 4 188
3 5 195
3 10 102
1 4 42
6 3 246
2 1 170
10
3 4 141
4 7 226
9 4 6
4 8 218
2 8 33
3 10 290
4 5 236
6 3 277
1 5 52
10
7 4 273
7 3 161
2 4 35
3 8 281
2 1 289
2 10 219
5 4 102
10 6 205
2 9 230
10
6 9 72
6 8 99
6 4 298
4 3 232
2 9 9
5 4 47
5 1 102
3 10 260
3 7 118
10
1 5 93
8 1 268
8 3 33
8 7 130
6 1 25
10 6 77
6 2 176
9 1 27
4 1 240
10
6 4 182
6 1 196
9 4 297
5 1 95
8 4 212
3 9 233
2 3 62
10 2 254
1 7 95
10
7 10 281
7 4 47
7 6 115
3 6 40
6 1 274
8 6 281
1 9 58
7 2 53
5 9 110
10
8 10 96
8 5 270
1 10 189
8 7 69
4 5 199
3 5 130
3 6 289
8 2 6
1 9 106
10
8 3 208
10 3 204
8 1 77
6 3 59
4 6 256
8 5 255
2 5 279
7 10 223
8 9 89
10
6 10 264
3 10 297
3 2 264
10 4 213
9 4 63
1 3 16
5 6 46
9 8 294
7 1 253
10
9 2 9
10 2 125
4 9 138
10 3 141
3 8 39
10 5 179
6 3 48
6 1 298
8 7 167
10
7 2 88
7 6 101
6 8 239
10 8 197
6 4 287
1 7 214
1 3 198
2 9 73
5 3 123
10
8 4 268
4 7 90
8 3 109
9 4 151
10 8 238
4 6 130
3 2 232
1 9 240
6 5 157
10
3 8 160
8 2 34
10 2 169
7 2 8
6 2 210
9 8 71
3 5 66
1 6 34
4 6 240
10
2 9 181
7 2 291
7 5 13
10 5 52
5 8 70
5 3 153
6 7 99
4 5 263
1 6 125
10
3 9 118
9 7 222
2 7 194
2 4 53
2 10 59
7 8 36
6 10 60
1 4 31
5 10 186
10
7 3 256
2 3 108
4 7 148
7 1 290
5 2 138
6 7 290
9 4 137
8 4 198
10 5 222
10
9 4 91
10 9 267
10 7 264
6 4 170
8 4 24
6 3 267
1 7 282
2 9 188
5 6 102
10
4 6 148
4 7 147
5 6 245
2 7 278
6 9 290
8 5 62
2 3 72
1 5 89
10 3 253
10
10 9 52
3 10 32
3 1 147
3 6 106
8 9 231
3 5 203
4 9 20
2 6 130
9 7 199
10
6 1 208
6 9 245
9 3 243
6 7 195
8 1 198
5 6 168
6 10 282
7 4 277
2 9 79
10
3 9 60
2 9 171
3 6 195
4 9 21
3 1 193
10 4 96
2 8 215
6 7 83
5 3 261
10
8 7 276
8 5 191
8 6 137
7 10 151
7 9 55
5 3 256
9 4 297
1 4 77
2 1 128
10
1 8 166
3 8 118
8 6 33
5 3 40
6 4 25
5 7 143
1 10 150
2 1 6
9 3 143
10
6 1 5
4 1 134
9 4 95
3 9 182
1 8 159
9 2 73
4 7 186
5 8 147
10 5 115
10
2 1 46
7 1 256
6 1 71
3 7 11
5 3 298
1 4 79
8 3 126
10 4 59
2 9 92
10
9 4 258
4 7 102
5 7 200
5 6 269
10 4 295
3 5 288
2 3 35
2 8 118
5 1 116
10
10 1 284
1 5 275
4 1 141
8 10 251
7 4 129
4 3 8
10 2 150
4 6 72
2 9 128
10
5 2 140
2 8 144
8 4 35
3 5 188
7 3 251
1 8 116
2 6 235
8 9 151
10 7 200
10
1 7 217
10 7 34
8 7 257
9 8 250
6 1 46
9 3 239
1 4 5
9 2 64
3 5 63
10
6 1 26
6 3 285
6 10 179
1 2 47
8 3 17
1 4 247
5 8 298
8 9 126
7 5 104
10
10 5 100
5 4 176
4 8 272
8 6 181
2 6 252
9 8 32
7 2 284
1 2 233
2 3 78
10
6 3 162
3 1 228
10 1 197
9 10 35
7 1 22
2 1 243
8 10 154
5 10 18
7 4 255
10
2 10 31
5 10 177
1 2 59
6 2 162
4 6 111
6 3 231
2 9 128
8 1 78
7 9 246
10
9 4 113
8 4 107
8 1 287
9 10 294
1 6 82
8 7 260
1 3 215
5 10 113
2 4 161
10
4 7 297
9 4 199
4 3 119
5 9 121
7 8 170
3 10 78
3 6 212
8 1 108
5 2 106
10
1 5 185
5 10 254
1 2 49
1 6 35
4 2 53
2 9 229
6 3 81
5 7 2
8 6 170
10
2 6 145
2 10 215
10 1 229
1 9 3
3 6 280
2 8 271
9 5 258
8 4 57
7 5 217
10
4 10 11
6 10 280
3 6 60
10 2 93
4 1 114
9 4 268
7 6 226
8 4 205
10 5 176
10
9 3 193
9 10 157
3 8 198
2 3 261
9 1 253
1 7 112
4 2 43
7 6 206
5 4 232
10
10 6 259
10 9 18
6 2 128
8 2 27
1 2 119
9 3 14
4 1 43
1 7 164
4 5 255
10
7 6 275
10 7 191
7 4 200
1 4 162
10 3 34
1 5 83
8 4 199
2 5 126
2 9 166
10
7 2 70
3 2 202
7 6 295
3 10 77
5 6 216
5 9 295
9 8 155
4 7 122
2 1 117
10
4 1 248
1 2 32
3 4 233
3 6 171
3 7 210
9 3 6
9 8 221
10 1 221
3 5 146
10
3 9 239
2 3 169
9 4 294
10 9 46
8 3 47
6 9 14
6 7 296
1 7 92
5 3 14
10
7 6 78
8 6 37
6 3 53
2 8 44
6 9 6
1 2 245
10 3 105
5 9 238
4 7 175
10
7 1 147
1 4 145
1 3 257
9 3 163
6 9 176
8 3 240
3 10 164
2 7 235
6 5 10
10
5 1 204
1 7 72
10 1 217
4 1 182
5 3 44
6 4 80
3 9 287
4 2 41
8 6 288
10
7 6 253
5 7 247
6 9 28
4 6 105
7 2 92
4 1 272
3 1 151
8 1 27
2 10 265
10
7 9 54
9 1 218
10 1 198
9 2 42
1 5 76
9 3 140
4 7 300
6 4 173
8 1 56
10
9 10 140
10 6 150
8 6 105
1 10 209
3 9 293
3 4 223
1 2 235
1 7 158
5 10 42
10
6 2 291
3 2 13
1 2 115
5 2 43
5 9 223
6 10 299
1 8 1
8 7 173
2 4 263
10
6 1 244
6 4 151
4 8 285
6 7 114
1 5 84
7 10 217
10 9 244
8 2 38
3 10 254
10
3 2 223
4 3 153
9 2 119
3 5 21
8 9 86
3 10 26
4 7 277
6 7 97
4 1 24
10
4 6 86
4 7 147
5 6 202
7 3 258
3 8 256
7 2 161
5 1 222
2 10 159
9 3 38
10
9 7 192
9 6 144
2 9 135
3 6 62
6 4 8
2 10 3
5 7 264
8 3 152
9 1 109
10
1 4 203
5 4 110
6 4 91
6 10 1
7 4 19
9 4 80
9 8 285
2 9 236
5 3 146
10
5 6 80
10 6 125
6 2 207
1 10 73
1 4 229
4 8 289
8 9 185
3 5 262
4 7 153
10
5 2 8
5 6 22
5 10 105
10 9 257
3 6 297
1 5 122
9 4 191
4 8 182
10 7 171
10
6 10 117
2 10 261
9 10 162
2 1 188
8 2 136
3 1 264
5 6 290
4 8 25
1 7 43
10
2 7 112
7 5 190
7 1 152
1 6 300
9 1 108
2 4 66
8 5 62
8 3 90
2 10 79
10
7 8 214
8 10 282
7 9 221
7 1 203
4 1 204
1 2 127
2 3 127
10 6 127
5 7 226
10
9 7 64
9 4 46
2 4 25
3 4 147
1 2 94
8 9 90
10 1 71
1 6 14
2 5 117
10
7 3 115
7 9 62
5 9 226
8 9 103
5 2 118
4 8 261
6 3 218
4 10 242
1 10 17
10
3 8 220
9 3 34
8 10 49
10 5 199
1 10 258
7 1 126
2 9 91
10 4 26
3 6 81
10
3 6 149
3 1 101
8 6 223
8 5 274
6 4 144
2 3 183
3 9 181
8 7 51
2 10 165
10
5 7 93
1 5 198
7 3 262
3 8 299
9 3 290
9 6 156
2 6 184
4 1 133
4 10 38
10
5 7 80
7 6 298
4 7 6
6 2 131
8 6 131
3 8 39
2 9 300
1 8 142
5 10 128
10
9 6 167
6 3 238
10 9 40
4 10 293
6 5 162
5 8 152
3 7 176
4 1 78
3 2 110
10
1 2 283
1 9 202
4 2 30
2 10 14
5 4 63
1 7 125
2 8 172
3 8 126
6 10 276
10
3 6 34
9 6 104
5 3 75
9 2 46
8 9 175
1 8 137
1 4 66
4 10 38
10 7 180
10
6 3 216
6 10 42
10 4 145
5 4 40
7 10 180
1 3 115
10 2 228
9 10 109
7 8 214
10
6 3 96
3 10 140
7 3 286
5 7 238
6 8 160
3 1 130
6 2 80
4 5 213
10 9 179
10
7 3 180
1 3 244
5 3 200
10 5 169
5 8 234
2 5 32
9 5 98
6 2 3
10 4 17
10
4 10 97
4 9 289
10 7 250
4 5 154
3 10 66
1 9 282
5 8 61
6 3 81
2 4 258
10
10 6 291
2 6 59
8 2 28
6 3 293
3 1 49
9 10 86
1 4 212
7 4 107
5 4 94
10
1 4 22
4 8 47
2 4 265
10 1 219
10 3 276
7 4 205
10 9 6
5 4 238
6 4 189
10
4 6 153
7 4 300
5 7 119
8 6 126
7 9 177
8 1 73
2 4 182
3 8 191
10 8 106
10
3 7 234
5 7 296
8 3 295
8 1 183
1 4 25
6 5 142
6 9 265
9 2 267
2 10 277
10
8 3 164
3 6 258
3 10 269
5 8 53
4 5 21
3 1 262
9 3 27
5 7 30
2 4 111
10
8 4 69
8 2 128
3 2 139
3 1 206
9 2 130
10 2 19
2 7 136
1 5 119
6 9 270
10
2 9 162
8 9 117
5 8 181
10 8 46
6 8 58
7 2 52
2 3 174
1 2 9
4 5 244
10
10 3 159
3 1 43
10 9 98
1 6 272
8 6 44
2 1 255
7 3 183
6 4 193
9 5 172
10
6 4 89
6 2 2
2 8 240
6 10 290
8 7 217
5 8 216
1 10 58
7 9 214
4 3 154
10
5 1 235
5 8 53
10 1 238
5 7 219
1 4 251
1 2 173
4 9 247
3 10 283
6 5 50
10
10 7 58
10 3 248
10 6 271
3 8 169
3 2 74
3 5 90
6 4 46
10 9 29
1 3 17
10
3 5 287
5 7 88
1 5 168
4 1 92
8 1 258
4 10 31
9 10 193
8 6 63
5 2 223
10
5 9 72
5 8 133
1 5 166
2 1 117
6 5 193
9 3 274
4 5 239
10 2 180
6 7 270
10
2 5 32
5 9 262
5 8 225
8 7 230
8 1 141
10 8 133
4 2 144
3 5 182
4 6 268
10
4 6 255
8 6 300
5 4 36
6 7 137
5 2 62
3 5 226
1 2 51
10 4 163
3 9 160
10
6 1 17
6 3 200
10 1 133
10 7 106
7 8 78
2 6 58
9 10 75
6 5 273
4 2 214
10
4 5 229
4 8 7
8 6 224
9 5 249
3 4 279
4 7 116
10 8 272
10 1 72
5 2 231
10
10 2 28
2 7 85
2 3 80
2 6 161
2 8 222
8 1 130
9 6 198
4 7 180
5 4 85
10
10 4 112
10 1 161
2 1 142
2 7 296
3 7 220
7 6 238
6 9 8
4 5 290
8 2 159
10
2 7 3
2 9 17
9 5 68
8 9 280
4 8 281
6 7 220
4 1 13
10 7 139
7 3 237
10
9 6 230
9 5 294
5 3 232
5 7 230
9 1 179
1 2 25
6 10 210
4 3 236
6 8 19
10
8 7 201
8 10 32
6 7 98
5 7 102
8 1 129
8 9 16
4 9 19
3 8 160
9 2 184
10
1 8 54
9 8 51
6 8 269
6 2 250
1 3 182
5 2 185
10 2 95
2 7 70
4 8 102
10
10 1 208
1 2 145
1 6 36
6 3 175
7 1 182
4 3 163
8 2 23
1 5 299
6 9 180
10
4 1 113
1 9 236
9 3 69
4 2 126
8 1 168
4 7 234
10 3 284
1 5 130
7 6 298
10
7 8 69
7 1 172
3 7 145
1 5 229
2 5 288
10 5 219
10 9 295
4 9 254
6 5 74
10
4 3 73
2 4 208
4 6 90
5 6 151
8 4 297
2 7 272
4 9 282
10 6 39
1 10 227
10
6 8 183
8 9 15
9 10 31
10 2 127
5 9 96
3 6 205
1 8 187
6 4 184
9 7 46
10
6 7 28
2 7 31
1 2 195
8 2 21
7 5 2
9 7 150
4 2 215
10 7 284
8 3 288
10
5 3 116
4 3 58
2 3 203
4 10 35
10 6 164
8 2 221
7 3 82
8 1 10
9 3 225
10
6 8 44
8 5 132
9 5 32
8 2 224
1 9 151
5 7 202
3 2 75
1 10 247
4 10 58
10
2 6 66
2 4 50
6 7 150
1 6 43
10 4 222
10 3 292
9 7 170
1 8 198
6 5 227
10
10 1 175
10 4 43
10 9 208
4 3 74
9 8 84
6 8 43
3 5 38
9 2 239
7 10 160
10
5 4 227
10 4 180
2 4 110
6 5 256
2 8 103
5 3 132
3 7 36
6 1 290
2 9 8
10
3 10 143
10 8 279
8 2 136
8 6 35
2 9 179
10 5 113
1 5 224
7 8 81
10 4 175
10
7 8 68
7 2 211
2 9 79
1 7 187
4 9 152
8 3 117
9 5 284
2 10 46
6 3 50
10
1 6 280
1 4 173
4 8 279
2 4 170
7 1 96
6 3 25
5 8 90
9 6 236
2 10 103
10
5 7 144
7 3 42
2 7 13
2 9 62
10 3 220
8 7 181
10 4 185
3 1 200
3 6 113
10
2 1 225
9 2 248
1 5 232
5 10 80
3 9 59
4 5 142
8 9 279
7 3 30
10 6 236
10
9 3 162
6 9 65
7 6 25
10 3 256
2 3 220
1 7 204
4 7 104
8 3 210
4 5 26
10
4 5 78
4 9 46
7 9 144
9 2 65
5 3 22
2 8 84
4 1 185
3 10 267
6 8 259
10
7 2 69
2 1 158
7 10 251
1 3 183
9 3 142
2 8 74
4 10 177
5 10 143
5 6 247
10
9 4 230
2 4 184
10 4 9
9 8 290
5 9 279
2 3 114
9 6 285
1 4 277
5 7 17
10
2 8 249
2 9 246
2 3 274
4 9 263
9 7 75
4 5 213
6 3 183
10 7 191
1 2 211
10
7 4 186
7 6 191
8 6 283
2 7 58
8 9 22
5 6 145
4 10 229
9 1 290
3 6 293
10
2 7 206
7 10 178
7 9 267
10 3 215
5 10 38
6 5 247
10 1 182
1 8 84
5 4 259
10
7 6 237
6 10 54
10 9 247
3 6 268
9 5 220
8 9 261
8 4 30
1 5 108
8 2 116
10
6 1 193
1 8 26
6 9 56
9 7 252
8 3 7
5 8 5
10 6 171
4 8 52
2 8 237
10
4 5 194
10 5 163
6 4 29
1 5 72
3 10 294
4 2 298
4 7 195
8 7 279
4 9 144
10
2 8 145
10 2 217
3 8 46
2 5 266
6 10 80
8 7 260
1 3 87
9 3 36
6 4 128
10
8 5 218
8 9 265
2 5 246
8 6 198
3 9 178
3 7 195
4 5 206
1 8 220
5 10 56
10
4 1 32
4 8 173
8 9 71
4 6 233
2 4 107
3 1 167
6 10 181
10 5 180
7 4 51
10
5 9 197
4 9 258
9 2 150
2 7 252
1 2 122
2 6 121
5 8 144
9 10 87
2 3 299
10
4 8 148
8 1 29
10 8 231
6 4 293
5 8 275
3 4 51
5 2 67
9 8 267
10 7 254
10
1 5 235
5 6 169
1 3 272
3 7 219
8 3 284
1 4 155
7 9 56
10 5 50
2 8 263
10
5 6 291
2 5 199
1 6 194
1 7 273
10 7 174
2 4 265
8 7 34
9 6 51
1 3 14
10
7 6 65
6 2 71
4 2 181
3 6 276
6 1 282
2 8 107
2 10 283
7 5 121
10 9 57
10
3 9 211
9 6 40
5 9 246
1 5 233
5 7 42
2 3 265
10 9 39
8 10 36
4 9 5
10
7 6 8
2 7 237
7 3 242
5 7 84
3 8 50
8 4 83
10 3 26
9 5 62
1 10 292
10
4 5 62
4 3 106
6 3 70
3 7 179
8 4 74
6 9 153
10 9 3
1 6 20
9 2 43
10
1 8 180
8 9 241
8 6 106
5 6 120
7 6 182
3 1 175
9 2 190
9 10 264
5 4 77
10
7 3 52
1 7 88
7 9 38
10 7 139
2 3 14
10 5 20
1 8 183
4 3 173
6 8 68
10
7 8 67
7 10 70
8 3 195
1 10 123
5 8 188
9 10 160
2 9 283
6 5 238
4 3 276
10
5 9 259
9 10 245
9 7 111
3 5 34
3 2 236
3 8 217
9 6 219
1 2 73
4 6 80
10
10 3 70
4 10 299
5 4 267
5 7 118
3 8 143
9 10 27
2 9 92
1 4 183
6 1 66
10
2 3 232
8 3 78
1 3 32
3 5 207
10 1 291
1 9 47
7 8 274
5 4 150
7 6 189
10
5 2 76
5 1 292
10 5 82
2 7 13
2 9 142
2 4 251
9 8 203
7 6 3
9 3 88
10
7 3 200
8 7 54
3 5 76
7 2 119
4 8 276
3 1 245
6 4 95
9 5 127
3 10 221
10
3 1 286
3 4 143
4 5 122
3 9 121
7 4 191
1 8 175
10 4 273
5 6 98
5 2 6
10
7 3 81
2 7 207
7 5 13
6 5 47
5 1 255
9 5 292
5 10 225
2 8 217
9 4 30
10
2 5 216
10 5 198
5 8 59
5 7 169
4 5 277
9 2 171
5 1 68
6 8 48
6 3 74
10
4 1 292
4 8 213
4 2 224
2 6 42
10 2 29
7 8 38
9 4 106
10 3 235
5 3 67
10
2 1 72
1 10 236
5 2 127
10 3 210
6 3 174
6 9 173
7 3 83
9 4 56
8 3 65
10
4 5 261
4 6 207
6 8 8
1 8 264
5 3 86
2 8 235
9 6 164
7 8 170
8 10 273
10
4 2 238
4 1 234
4 10 82
4 5 40
1 6 136
4 3 5
8 2 82
3 9 18
8 7 165
10
7 9 200
7 4 49
7 5 244
7 3 276
1 7 207
4 2 54
3 8 244
10 8 157
6 7 227
10
8 2 18
2 5 271
1 5 191
10 5 170
9 2 157
8 6 140
4 8 281
9 7 11
8 3 17
10
4 5 154
4 3 140
7 3 114
7 9 263
8 4 65
9 10 195
6 9 209
9 1 15
2 5 154
10
7 4 56
4 2 69
9 2 298
3 9 10
10 7 159
10 6 285
5 4 45
8 6 202
1 3 110
10
10 1 281
5 1 21
10 4 267
6 4 169
10 3 24
8 3 166
9 8 209
2 4 116
7 8 166
10
4 2 249
2 8 13
7 8 214
7 5 239
2 10 213
3 5 74
9 10 205
9 1 7
9 6 260
10
3 5 128
5 10 137
5 1 88
3 6 86
2 3 283
7 10 174
8 7 25
9 3 129
8 4 157
10
8 5 221
3 5 235
4 3 93
5 7 99
2 8 76
4 9 293
10 5 192
1 9 112
8 6 243
10
4 6 201
6 5 289
4 8 56
3 5 64
9 4 209
2 6 129
1 4 34
2 10 248
7 5 191
10
1 6 173
8 1 143
3 8 176
1 5 132
10 5 89
2 8 37
9 6 132
3 7 236
4 10 50
10
8 10 262
10 1 291
10 6 234
3 1 101
10 4 220
6 9 15
1 7 287
2 8 130
5 2 37
10
5 8 221
5 4 27
4 7 146
1 5 288
9 5 292
10 4 293
2 1 31
2 3 106
6 5 212
10
2 5 73
8 5 99
2 10 24
8 4 268
6 8 153
7 4 8
3 10 262
9 7 245
8 1 211
10
2 1 79
10 1 148
2 5 179
1 9 118
3 10 99
7 1 160
6 1 147
8 1 214
4 8 248
10
5 8 69
3 5 139
9 8 168
7 8 171
8 2 158
10 9 165
9 6 58
4 10 211
5 1 56
10
2 6 133
7 6 41
3 7 100
5 3 225
7 10 88
7 8 279
7 4 130
9 10 80
1 10 256
10
5 3 208
5 1 264
5 4 68
2 4 23
6 1 128
10 3 229
4 7 286
8 5 285
5 9 65
10
1 6 243
4 1 116
5 1 158
6 10 9
2 5 107
7 6 113
6 8 99
5 9 120
3 1 217
10
8 9 281
8 3 45
9 4 104
3 7 102
5 9 228
2 9 100
4 6 235
3 10 31
1 10 22
10
1 7 283
7 2 44
4 7 275
6 7 143
9 4 112
3 2 70
1 5 151
10 7 64
2 8 246
10
1 10 276
1 3 281
2 3 138
5 2 161
7 3 275
10 8 250
4 3 257
8 9 227
6 7 98
10
1 6 267
9 6 242
9 10 266
2 9 160
5 1 193
3 6 242
5 7 238
6 4 123
8 5 18
10
3 5 254
5 9 171
10 9 105
10 4 168
1 5 11
8 9 144
10 6 22
3 7 46
2 3 283
10
2 6 72
2 3 80
7 2 51
2 8 13
6 1 74
7 9 273
4 9 189
10 4 157
5 7 37
10
9 1 289
5 1 100
9 8 239
1 3 126
3 6 191
7 8 162
4 7 158
10 4 180
7 2 27
10
2 1 109
1 4 204
2 9 126
3 2 57
5 3 182
5 8 179
6 3 261
5 7 61
10 6 173
10
6 1 225
1 2 148
2 4 44
3 4 11
4 7 96
1 9 294
5 7 201
4 8 260
9 10 283
10
7 5 292
5 10 170
5 4 98
8 5 5
3 7 107
1 8 156
9 5 215
10 6 5
7 2 292
10
7 10 268
7 2 272
7 8 133
5 7 139
6 5 227
7 3 54
1 5 19
5 9 213
9 4 191
10
9 3 174
8 3 297
8 7 98
8 1 193
2 1 64
10 1 88
6 9 273
5 9 82
8 4 13
10
5 8 218
4 5 86
10 4 52
3 8 263
2 4 73
1 2 23
9 8 19
8 6 234
7 6 255
10
3 2 237
3 10 108
3 9 145
6 9 112
4 10 260
1 4 281
7 9 260
1 8 67
5 4 119
10
5 1 41
7 5 70
10 7 300
4 10 127
1 2 82
8 7 264
5 9 132
6 9 285
3 2 62
10
6 5 41
5 4 113
7 5 286
2 4 33
5 3 103
3 8 175
7 1 224
2 9 133
10 9 274
10
7 1 1
10 1 210
1 3 217
10 5 85
2 3 288
10 9 199
8 9 270
6 2 286
3 4 175
10
5 10 163
10 3 52
1 3 24
3 6 227
2 10 24
8 3 63
6 4 162
7 8 225
9 8 190
10
8 1 7
1 3 34
3 7 217
2 7 213
9 7 266
2 5 106
4 5 163
10 4 200
10 6 195
10
8 3 42
4 8 100
3 10 209
7 8 175
6 8 10
7 9 80
1 10 213
5 1 275
2 4 239
10
9 5 77
10 9 127
7 10 287
8 5 9
4 8 275
9 6 21
2 7 100
1 9 203
8 3 160
10
6 3 216
3 2 39
3 4 79
4 7 183
2 9 21
10 2 61
10 8 100
2 1 198
7 5 38
10
4 7 112
3 7 112
4 10 145
3 5 256
5 9 136
4 2 10
10 8 181
10 6 112
1 4 55
10
4 6 216
4 10 195
3 6 241
4 5 184
3 8 273
7 4 255
5 9 230
2 9 123
1 4 164
10
10 1 37
10 4 31
9 1 2
10 6 205
1 8 56
8 3 43
7 3 99
4 5 122
4 2 84
10
3 1 212
3 9 31
4 9 65
6 4 275
2 6 35
5 9 271
7 2 257
4 8 14
3 10 65
10
8 6 255
8 3 5
3 1 149
3 5 169
8 9 201
7 3 89
2 6 265
10 6 119
10 4 81
10
8 1 171
4 1 91
7 1 219
9 7 89
4 5 226
1 3 254
6 8 244
2 6 50
10 7 163
10
6 3 126
6 4 27
5 4 220
7 4 96
5 10 44
2 10 131
8 4 291
1 10 299
10 9 71
10
9 7 239
6 9 22
10 9 11
5 6 271
8 9 4
4 10 141
10 3 245
3 2 228
1 2 142
10
7 6 76
4 7 26
7 10 60
6 2 84
10 9 73
7 8 237
5 8 152
1 4 198
1 3 273
10
4 6 225
6 2 101
2 9 206
9 8 293
8 7 109
4 5 30
2 10 90
1 10 219
3 2 47
10
5 2 147
5 3 135
2 1 220
3 7 13
2 9 286
8 7 209
1 4 32
8 6 110
10 2 142
10
6 3 17
3 7 19
3 10 125
10 4 78
6 9 118
1 3 240
2 7 89
5 1 63
2 8 17
10
10 2 198
10 6 247
8 10 129
8 7 8
1 7 93
10 5 290
6 4 242
9 4 272
3 4 81
10
6 4 151
9 6 2
2 6 56
8 6 281
1 2 254
8 5 240
5 3 13
7 6 13
9 10 10
10
7 6 224
2 6 204
8 6 94
2 9 214
1 2 113
5 8 137
8 10 263
4 10 241
8 3 297
10
3 9 9
8 3 76
9 10 66
8 1 87
10 5 236
4 1 59
5 2 24
1 7 74
8 6 239
10
9 1 219
1 2 79
7 1 68
8 9 298
2 6 200
5 1 280
4 9 179
9 10 46
7 3 288
10
5 8 169
8 10 190
9 5 154
5 6 165
2 5 102
5 4 48
6 1 253
1 3 6
7 2 95
10
4 6 24
6 9 136
10 4 232
2 4 78
8 10 277
3 9 281
7 2 195
9 5 98
2 1 23
10
8 4 267
8 9 99
9 5 180
9 6 206
1 4 159
9 7 209
5 10 241
3 4 232
2 1 14
10
6 5 233
6 10 281
1 10 1
10 9 206
10 8 7
7 9 181
3 10 228
7 4 96
7 2 49
10
2 1 194
1 9 49
9 4 249
5 9 83
1 10 257
7 1 257
2 3 54
8 4 179
6 5 147
10
7 10 92
9 7 82
10 2 234
3 2 183
7 6 50
8 9 170
8 4 66
5 8 171
1 2 170
10
10 2 230
8 2 155
10 9 134
10 1 232
4 10 5
10 6 243
3 6 104
8 7 277
9 5 186
10
8 10 2
10 3 103
5 3 19
10 1 53
10 6 134
8 9 230
5 7 105
6 4 239
7 2 81
10
2 8 232
8 6 235
2 1 39
10 1 188
2 9 164
8 5 274
4 6 216
7 6 66
3 10 88
10
9 1 271
8 9 54
8 7 140
1 10 274
9 2 192
9 4 169
6 4 103
5 8 235
3 5 147
10
3 8 52
8 5 103
8 7 62
5 9 260
10 3 36
6 10 255
1 5 36
4 6 263
7 2 239
10
2 5 296
2 8 271
7 8 193
8 6 206
5 1 177
6 10 294
4 10 32
9 8 11
3 9 204
10
9 6 9
3 9 238
9 2 99
8 2 58
9 4 29
8 10 20
7 6 102
5 3 211
4 1 56
10
5 2 287
6 2 278
1 5 187
5 9 222
9 10 277
2 4 32
2 7 239
1 3 248
8 5 279
10
10 7 113
10 3 176
4 10 116
1 7 228
7 8 190
8 6 298
5 8 243
2 6 95
2 9 39
10
4 1 263
8 4 296
4 9 243
1 10 251
2 10 53
5 4 140
9 6 60
7 9 296
2 3 217
10
4 6 33
6 10 88
5 6 125
2 10 214
8 6 201
3 6 25
3 7 36
1 5 28
9 4 172
10
2 7 178
6 7 277
10 6 227
10 4 147
6 8 220
9 10 138
5 4 128
2 1 100
3 7 31
10
9 10 234
3 10 84
8 3 104
9 7 299
2 7 210
9 4 160
7 5 25
9 6 99
1 4 104
10
5 9 192
9 4 93
9 8 26
4 6 37
2 4 300
5 1 227
8 3 90
4 7 53
7 10 289
10
8 2 74
8 3 89
8 7 100
7 4 121
8 9 286
2 5 263
5 10 11
6 2 207
1 3 82
10
4 7 217
2 7 10
4 10 149
8 7 159
5 2 243
9 2 49
9 1 176
2 3 213
6 4 133
10
6 5 285
3 6 129
10 6 111
5 7 81
1 10 112
6 8 269
4 8 139
9 7 157
4 2 134
10
5 6 291
1 5 104
9 5 222
5 7 186
5 10 170
6 4 233
6 2 140
8 5 76
3 4 116
10
3 2 84
3 8 176
2 9 186
2 4 118
9 6 50
4 1 101
2 10 82
3 5 88
4 7 266
10
1 2 86
2 10 223
1 8 264
8 9 95
9 7 279
1 6 296
1 5 159
2 3 156
10 4 17
10
2 5 194
1 5 46
3 5 225
6 5 235
8 1 8
9 1 230
4 1 17
6 10 199
7 1 251
10
5 1 169
7 5 55
3 7 238
6 3 8
6 4 300
9 1 45
8 7 26
9 2 114
10 5 297
10
6 2 209
7 2 242
10 7 15
5 6 106
5 1 146
1 4 275
9 4 296
2 3 4
8 9 199
10
4 1 58
1 10 173
4 9 79
1 7 270
10 2 170
1 8 74
5 1 104
5 6 124
6 3 155
10
1 5 258
3 1 65
4 1 296
10 1 102
1 6 287
1 8 245
1 2 276
3 9 227
8 7 107
10
5 8 194
8 6 70
6 3 263
6 7 71
3 1 113
6 2 94
10 2 167
8 9 20
3 4 104
10
5 6 55
1 5 200
9 1 268
6 10 9
9 3 192
5 7 129
8 10 187
8 2 119
4 3 300
10
10 6 97
6 9 207
10 3 30
6 7 193
8 9 157
4 3 30
10 1 102
5 8 91
7 2 229
10
9 5 79
5 2 294
9 8 233
8 7 138
3 5 195
6 8 131
9 10 107
2 1 51
2 4 214
10
9 10 187
9 8 86
7 8 298
3 10 209
1 7 126
8 4 242
1 2 299
5 10 181
6 7 276
10
9 5 242
5 2 99
6 2 293
9 8 193
1 2 191
3 9 49
3 7 53
2 10 157
9 4 101
10
5 10 84
10 6 5
10 9 27
4 5 12
7 10 32
1 9 300
8 6 205
3 6 235
2 5 82
10
7 8 123
7 3 91
3 10 300
2 3 29
2 9 136
7 4 167
3 1 107
5 1 18
6 2 295
10
8 10 241
6 10 53
1 8 69
9 1 65
5 1 186
7 5 61
4 5 21
3 5 150
2 1 220
10
2 7 259
7 8 6
7 4 4
5 7 291
1 5 52
6 7 106
5 3 226
10 6 229
4 9 133
10
9 5 14
8 9 134
7 8 212
10 5 254
7 4 32
2 8 17
9 1 203
3 7 164
3 6 86
10
6 2 45
9 2 268
8 9 113
6 5 24
9 4 126
1 9 284
7 8 46
6 3 213
10 1 223
10
1 7 178
7 3 208
3 9 250
1 2 26
6 2 257
7 8 103
5 1 40
10 8 23
4 9 286
10
7 10 134
7 9 240
9 3 77
4 9 108
5 7 82
1 9 82
6 3 292
8 1 47
9 2 187
10
6 7 107
9 6 190
9 3 221
3 8 165
6 10 202
6 4 220
10 2 111
3 1 56
4 5 196
10
3 8 22
6 8 204
5 6 285
7 3 210
10 3 108
7 9 195
2 7 284
1 9 84
4 5 37
10
4 7 256
7 10 150
10 9 161
5 9 156
10 3 8
3 8 199
2 5 167
8 6 137
1 7 221
10
7 3 205
5 7 289
1 3 207
8 1 35
4 3 230
7 2 155
5 10 299
4 6 257
9 1 151
10
3 9 148
8 9 269
3 7 294
4 9 163
7 6 31
8 10 118
5 9 261
10 2 256
10 1 113
10
6 5 300
10 6 261
8 6 179
2 10 225
1 8 78
7 8 128
4 5 28
3 5 173
9 5 267
10
5 4 187
4 8 129
9 4 59
9 3 231
1 4 187
3 7 292
3 10 174
9 6 284
9 2 235
10
2 9 73
9 7 262
2 6 170
9 5 188
5 4 164
9 3 11
4 8 68
1 7 145
10 2 126
10
1 6 70
1 10 86
3 6 267
7 3 102
9 10 228
8 6 65
2 6 79
5 8 239
9 4 258
10
5 6 250
6 2 39
5 9 109
8 6 31
8 10 1
9 4 47
3 9 89
1 4 174
5 7 11
10
2 4 277
4 9 91
6 9 72
3 2 125
7 6 281
1 2 123
5 6 173
10 9 119
8 2 30
10
10 2 133
10 9 235
10 8 170
9 6 107
5 6 274
2 1 81
2 7 12
9 3 211
6 4 124
10
10 5 129
10 2 146
6 5 220
4 6 138
1 2 144
7 6 219
2 3 269
4 8 36
6 9 212
10
2 6 260
6 3 91
2 8 38
7 3 112
3 5 37
3 4 100
10 7 38
9 10 194
9 1 176
10
4 9 80
9 5 90
2 5 102
2 1 6
8 4 205
5 6 281
10 6 113
10 3 295
1 7 134
10
2 7 81
4 7 255
7 3 281
2 5 169
6 5 275
4 1 68
2 10 154
5 8 220
9 8 39
10
3 5 165
1 5 225
10 3 168
9 5 266
5 4 126
4 2 52
2 6 17
2 8 251
2 7 194
10
1 4 114
4 8 177
2 1 68
8 6 87
1 3 137
10 6 212
4 9 157
2 5 216
7 1 172
10
2 1 81
5 2 209
6 2 97
5 7 279
7 4 133
10 4 282
6 3 79
8 1 228
9 5 174
10
10 7 197
4 10 100
10 1 87
3 4 286
1 6 212
2 6 27
1 8 28
9 7 176
5 6 120
10
1 5 18
7 5 235
7 4 45
4 6 250
7 3 51
7 10 58
3 9 35
8 3 71
2 9 19
10
3 4 111
3 10 225
3 5 80
3 7 1
4 9 263
1 4 267
9 2 74
8 5 189
6 8 39
10
7 4 95
6 7 126
9 4 143
6 5 124
10 6 287
10 2 156
3 10 122
5 8 167
1 7 265
10
2 4 4
4 6 210
2 3 223
9 4 91
3 5 186
10 3 213
2 7 276
4 8 90
5 1 66
10
10 5 189
9 10 3
5 2 208
4 2 209
1 2 291
1 6 176
8 4 35
1 3 222
5 7 146
10
4 5 59
5 7 143
4 9 55
6 9 257
6 10 154
2 5 227
7 3 44
8 7 110
1 3 44
10
2 8 33
8 3 251
10 3 8
8 1 162
3 9 54
10 7 152
3 6 78
5 10 184
4 5 98
10
5 1 17
3 1 65
10 3 36
6 3 142
7 1 2
7 8 61
7 4 59
9 3 127
6 2 179
10
1 6 15
6 10 113
6 9 50
9 8 194
5 9 29
1 3 294
3 7 187
4 7 219
2 5 15
10
7 1 34
4 1 89
9 7 188
5 9 60
7 8 276
6 1 135
8 2 53
3 8 48
10 2 66
10
6 3 54
3 1 99
3 10 255
5 1 144
8 3 151
9 3 47
4 8 23
7 3 54
9 2 128
10
2 5 272
8 2 288
7 5 215
1 2 106
4 5 84
6 7 2
8 3 180
8 10 181
9 5 2
10
8 2 77
8 6 104
2 3 122
5 6 156
4 2 5
7 4 210
1 8 259
3 9 162
10 3 231
10
6 8 7
8 1 102
5 8 212
8 10 275
8 7 268
10 3 154
4 5 171
2 7 45
9 7 148
10
9 2 148
9 1 20
1 3 107
3 7 35
2 8 1
4 9 58
10 3 300
5 1 137
5 6 215
10
9 7 25
8 7 238
7 6 291
1 8 34
8 5 160
4 9 246
2 4 244
3 6 296
5 10 132
10
4 10 50
10 2 3
9 10 166
2 8 226
4 3 111
5 2 214
3 1 163
8 7 147
1 6 123
10
1 3 14
3 9 135
9 8 30
5 8 9
8 10 277
8 6 247
7 10 16
2 10 134
6 4 20
10
6 3 100
10 3 249
8 6 94
6 7 158
9 6 133
8 2 264
4 3 238
1 10 20
5 7 55
10
4 2 75
4 5 234
4 3 267
9 4 31
9 6 112
10 5 52
8 6 165
7 6 291
1 5 27
10
3 8 116
8 2 207
3 10 109
4 2 2
2 7 240
4 9 295
1 4 76
6 8 211
3 5 91
10
9 10 31
3 9 75
9 1 56
6 1 202
7 6 144
8 10 94
3 4 5
7 2 254
9 5 284
10
1 7 188
1 10 93
5 10 211
6 10 21
8 6 293
3 5 299
2 5 236
4 3 128
2 9 59
10
4 2 286
7 4 47
4 6 40
7 5 118
9 7 200
8 7 269
10 6 185
1 4 195
3 7 51
10
6 1 196
1 2 260
7 2 279
8 6 53
9 7 91
1 4 93
7 5 49
10 5 94
4 3 261
10
7 8 238
4 7 51
6 8 233
8 2 120
7 10 59
1 6 293
9 1 201
5 9 76
3 8 143
10
8 9 148
10 9 137
3 8 280
8 2 151
7 9 264
8 1 265
6 1 245
3 5 72
5 4 135
10
6 10 81
9 10 290
6 5 28
8 6 65
10 4 227
1 9 297
9 2 150
6 3 241
2 7 108
10
8 5 23
6 5 229
3 6 87
6 10 293
9 3 47
9 7 228
1 3 203
7 2 24
4 9 209
10
7 10 176
7 6 21
6 2 20
5 6 120
4 6 49
10 9 228
5 8 271
10 1 147
3 8 89
10
7 8 244
7 3 53
8 2 261
7 10 241
10 5 141
9 3 199
1 7 230
5 6 139
4 7 74
10
1 3 11
2 1 196
9 2 127
10 2 145
5 10 236
7 5 1
8 2 295
7 4 124
6 10 1
10
10 5 47
10 3 249
2 10 137
7 2 1
1 5 68
4 3 112
6 5 170
9 6 253
8 3 100
10
7 6 26
6 1 192
1 5 262
10 5 80
8 6 157
7 3 207
7 9 158
2 9 72
4 2 151
10
7 6 3
2 6 3
2 3 112
3 4 118
7 5 61
9 3 194
2 1 181
8 6 2
9 10 168
10
7 2 96
5 2 82
2 10 183
3 5 134
4 10 265
9 2 85
9 6 166
1 10 12
3 8 245
10
5 6 75
7 6 108
1 6 75
1 9 59
8 7 143
8 4 154
6 3 39
10 4 164
7 2 78
10
1 6 115
1 4 227
7 4 42
3 6 122
5 3 236
8 3 101
6 2 98
9 7 48
2 10 6
10
7 3 267
3 5 4
7 10 175
3 8 148
8 2 220
4 2 121
6 8 171
6 9 19
6 1 109
10
2 8 115
2 4 86
5 4 108
3 2 232
2 10 99
9 3 233
9 6 103
1 5 163
8 7 167
10
9 4 262
9 7 185
8 9 101
7 3 127
5 4 224
1 7 37
6 4 17
4 2 276
10 5 153
10
4 8 122
8 3 177
5 4 233
8 6 208
8 9 273
4 1 26
1 10 175
9 7 96
2 6 117
10
2 9 91
9 6 11
4 6 61
1 2 259
7 4 7
3 2 42
8 4 246
5 8 94
10 9 185
10
5 2 3
9 2 49
9 8 77
8 6 126
6 1 26
3 9 1
3 7 157
7 4 111
6 10 188
10
1 4 210
1 8 228
9 8 141
5 1 101
7 8 291
6 4 7
2 7 251
3 2 298
3 10 50
10
7 5 230
5 3 236
7 4 227
4 6 56
3 2 296
10 2 151
2 9 85
1 4 101
4 8 117
10
3 9 207
10 9 181
7 3 40
3 8 212
3 1 160
6 10 202
2 1 146
1 4 277
3 5 289
10
7 4 229
3 4 47
2 3 203
7 8 169
4 5 196
6 8 124
1 7 195
10 3 155
9 4 5
10
3 6 93
3 5 182
6 8 199
2 8 36
2 10 272
10 7 173
6 9 25
5 4 185
1 2 199
10
3 1 242
3 2 212
2 4 108
6 1 173
2 10 125
10 5 104
9 2 15
8 1 131
2 7 236
10
4 3 219
9 4 185
9 1 284
5 4 122
10 5 264
5 8 192
1 2 133
7 9 213
1 6 289
10
8 9 17
4 8 180
9 1 233
4 7 270
1 2 214
9 3 33
2 5 12
10 9 224
1 6 202
10
9 3 101
9 1 199
9 5 122
8 9 209
4 5 102
1 10 223
6 9 288
2 9 6
5 7 124
10
1 4 135
5 4 82
5 2 114
8 2 256
3 8 245
9 8 43
10 2 139
9 6 43
1 7 260
10
8 1 272
7 8 65
1 9 263
9 4 69
10 1 175
3 4 68
4 6 260
2 8 197
8 5 150
10
1 9 194
1 4 235
9 8 60
3 1 201
8 5 80
5 2 256
7 3 19
10 1 242
6 1 251
10
3 5 271
5 7 123
7 6 225
7 2 99
7 10 177
10 9 197
10 4 287
8 7 194
5 1 210
10
10 5 258
8 5 205
1 5 208
3 8 299
3 4 187
9 10 118
5 7 82
4 6 17
1 2 101
10
3 8 39
3 10 59
5 3 37
2 3 243
10 7 294
6 5 251
5 1 108
9 10 102
8 4 133
10
2 5 123
9 2 274
2 6 128
10 6 196
9 7 157
7 1 161
2 3 102
8 7 86
4 8 291
10
7 5 133
2 5 103
1 7 250
1 6 91
2 4 79
8 2 114
2 10 21
7 9 267
3 5 296
10
3 6 121
3 2 82
4 6 287
1 4 1
5 6 143
9 2 145
6 7 217
8 3 86
10 5 144
10
8 4 214
2 8 118
3 4 172
8 6 150
6 7 88
4 5 34
1 2 222
9 2 47
10 3 78
10
10 5 300
10 6 4
4 5 286
6 8 271
7 6 202
10 2 267
1 7 147
1 9 148
8 3 213
10
2 8 115
3 8 29
1 8 181
5 1 82
5 4 93
7 1 31
1 9 219
2 10 26
6 8 196
10
3 5 177
6 5 140
6 10 27
5 7 24
2 6 18
2 9 267
7 4 118
9 1 85
9 8 227
10
5 9 221
1 9 67
7 1 68
1 8 56
9 4 221
6 8 215
1 3 225
7 10 178
2 3 63
10
7 3 20
7 4 10
8 4 57
4 6 114
4 5 23
2 3 264
6 9 101
8 10 9
1 6 247
10
4 8 190
10 8 268
9 10 113
6 4 119
3 9 16
9 7 73
9 2 202
5 2 133
1 4 208
10
3 5 83
3 4 204
8 5 210
3 6 192
5 2 148
3 7 139
10 8 104
9 3 116
1 9 189
10
6 8 87
2 8 113
2 9 266
9 4 153
1 2 136
7 1 182
5 9 280
10 1 170
2 3 231
10
4 3 86
4 10 106
10 7 166
2 3 144
8 3 133
1 10 215
10 5 37
9 2 160
6 3 179
10
6 1 116
8 1 290
9 8 169
4 1 6
7 9 205
8 2 21
7 5 177
10 8 109
3 7 11
10
3 1 141
10 3 71
10 5 71
3 7 77
2 3 212
10 9 239
6 5 269
8 5 230
4 3 62
10
3 7 290
3 5 22
3 2 143
9 5 123
7 1 110
3 4 225
10 5 205
6 7 143
6 8 246
10
2 10 7
10 8 172
2 1 1
3 10 284
5 10 63
1 4 271
7 1 58
9 8 235
6 7 284
10
7 4 80
7 9 66
8 7 300
1 9 105
4 6 205
5 7 96
10 1 272
10 2 296
8 3 65
10
8 4 284
10 8 100
3 4 263
8 9 46
3 2 277
10 7 264
5 10 239
1 7 78
3 6 50
10
10 7 129
7 5 240
5 4 188
7 8 208
9 8 229
4 1 49
5 2 267
2 6 138
9 3 48
10
6 8 134
1 8 143
9 1 114
9 5 24
4 9 257
9 3 11
10 8 88
4 7 50
2 5 75
10
3 2 271
7 2 250
3 8 38
6 7 2
10 2 234
10 5 159
8 9 19
8 4 221
1 2 16
10
6 10 55
7 10 70
7 8 98
1 10 71
10 9 44
4 6 54
6 5 60
2 9 121
3 5 57
10
2 7 126
10 2 178
2 1 21
1 8 236
4 10 173
10 3 214
6 1 49
4 9 70
9 5 41
10
6 4 149
2 6 21
10 4 28
8 6 89
8 1 252
2 5 221
9 4 97
7 6 82
3 6 153
10
4 6 40
4 7 72
3 6 36
2 4 98
9 4 154
10 6 31
1 7 200
9 5 108
1 8 79
10
6 7 272
1 7 66
1 3 238
5 6 39
3 2 225
3 10 170
4 7 176
8 4 168
1 9 79
10
1 4 224
1 5 284
10 5 263
3 4 205
3 6 191
2 6 292
9 10 269
1 7 86
9 8 253
10
4 2 43
2 9 81
5 2 93
10 2 284
5 3 256
8 10 73
7 4 138
1 4 269
6 5 201
10
10 3 201
9 10 141
9 5 22
4 3 282
6 5 189
5 7 294
8 6 54
2 8 127
1 5 274
10
10 6 84
6 1 292
10 7 148
4 1 72
5 6 75
2 7 87
10 8 77
10 3 241
4 9 24
10
2 1 121
2 4 36
2 7 20
1 10 243
9 2 296
1 8 14
6 1 299
7 3 205
7 5 214
10
9 2 268
1 9 21
3 9 277
2 6 101
5 3 115
10 1 194
4 9 16
8 3 26
3 7 59
10
4 7 16
7 6 192
4 1 253
7 5 120
2 7 225
3 2 59
10 5 148
9 4 134
6 8 27
10
9 3 295
8 3 187
9 10 41
4 10 122
4 7 217
1 10 48
3 5 27
1 6 299
1 2 220
10
5 7 282
1 5 59
9 7 241
1 2 31
6 9 112
10 9 70
8 6 266
5 4 222
9 3 68
10
9 2 148
2 1 232
6 2 200
5 1 235
2 3 174
10 6 277
4 1 196
10 7 179
4 8 129
10
2 4 289
2 8 242
5 2 88
1 5 209
10 1 231
6 5 16
7 6 277
2 3 265
7 9 160
10
3 9 172
3 8 171
8 6 139
7 9 32
6 2 203
4 2 295
5 9 166
1 3 48
10 3 272
10
6 8 277
8 1 190
3 8 31
2 3 277
9 8 232
1 5 11
4 1 21
2 10 51
2 7 243
10
3 10 73
1 10 138
10 9 202
8 1 205
9 4 54
7 3 169
6 3 209
8 5 75
6 2 127
10
10 4 49
7 4 43
9 10 295
4 8 205
6 7 110
3 7 241
7 2 62
5 8 47
1 9 271
10
10 6 254
5 10 127
6 3 231
3 4 27
1 5 167
4 8 270
4 2 30
6 7 73
9 7 15
10
2 7 139
2 4 148
4 5 235
7 1 262
5 6 184
4 8 3
9 5 271
10 6 14
3 10 194
10
1 10 211
8 1 160
2 1 154
8 4 98
4 3 217
2 5 197
3 6 39
9 1 225
7 8 52
10
2 6 68
9 2 103
6 10 103
8 2 193
10 4 238
4 3 229
7 10 276
10 5 62
5 1 189
10
2 5 117
8 5 250
6 2 113
3 2 217
8 4 255
9 5 18
8 10 214
1 2 37
7 9 296
10
8 3 218
6 8 231
3 5 27
3 7 10
2 7 176
5 10 118
6 4 71
9 6 163
1 6 281
10
4 6 283
6 9 5
6 10 223
4 8 43
8 2 192
3 6 129
7 2 169
7 1 45
8 5 135
10
2 10 97
1 2 223
10 4 122
9 4 287
6 2 79
3 9 77
7 4 283
5 2 65
3 8 106
10
6 2 244
3 2 195
9 2 283
6 7 65
2 10 225
2 8 94
1 7 67
4 8 265
5 1 30
10
2 6 67
9 2 294
9 7 125
9 10 49
8 6 116
10 1 217
9 3 67
3 5 265
1 4 256
10
7 6 81
10 7 131
4 6 266
2 6 295
3 6 162
7 9 201
4 5 126
1 2 235
8 9 25
10
3 4 255
10 3 259
10 6 52
3 9 204
2 6 94
5 10 13
8 9 6
1 3 124
8 7 98
10
7 2 239
10 7 104
8 7 109
5 2 186
10 6 221
6 4 176
10 1 34
10 3 238
7 9 73
10
2 4 173
9 2 247
9 1 152
3 4 8
9 6 77
7 6 96
1 8 118
7 5 62
5 10 189
10
6 3 17
8 3 226
7 3 220
3 10 199
4 6 177
2 6 253
8 5 127
1 3 23
1 9 29
10
6 1 190
8 1 53
6 3 51
3 5 179
3 7 22
1 9 149
4 9 189
10 8 153
2 10 50
10
5 4 105
4 8 299
8 7 297
1 5 219
1 6 118
7 3 103
8 10 161
9 7 72
2 1 31
10
2 7 98
7 9 209
1 7 203
7 8 134
6 2 94
1 3 34
1 5 274
8 10 97
10 4 13
10
7 10 14
9 7 157
10 6 201
1 10 236
2 6 211
6 4 208
6 8 93
5 9 196
3 1 124
10
1 8 203
6 8 111
8 3 176
5 1 239
1 7 28
8 10 264
10 4 108
4 9 102
2 10 225
10
8 3 169
2 8 25
3 9 79
2 10 295
10 6 299
6 5 287
10 4 279
7 2 158
1 9 257
10
8 4 6
8 3 4
2 4 47
7 2 151
10 3 147
5 2 276
1 10 216
9 3 205
6 4 72
10
1 6 123
7 1 295
1 3 253
9 1 138
7 8 169
2 3 191
4 9 196
4 5 14
10 8 80
10
1 2 11
1 7 185
5 7 171
1 10 220
7 6 108
5 9 177
8 9 95
4 8 78
4 3 288
10
5 4 250
8 5 36
1 4 222
4 6 22
2 5 143
9 5 102
7 1 246
3 2 114
1 10 232
10
8 7 74
4 7 34
8 1 90
5 8 88
5 10 97
6 5 62
3 6 20
2 5 130
3 9 36
10
5 4 122
3 4 153
5 6 36
10 5 177
1 4 149
7 10 86
9 5 38
4 8 187
10 2 110
10
1 4 298
1 8 106
4 3 229
8 2 184
4 5 188
9 5 283
2 7 229
4 6 251
4 10 269
10
3 6 115
3 7 277
7 1 231
4 6 285
10 1 134
6 8 140
9 6 37
2 3 40
5 9 289
10
7 8 298
8 10 219
10 3 182
9 10 258
2 7 148
10 4 16
3 5 271
6 8 256
1 4 146
10
4 2 125
3 4 127
6 4 153
6 7 65
4 1 289
1 10 279
5 2 153
8 4 245
4 9 233
10
9 3 188
5 3 265
5 7 100
6 7 293
10 6 293
4 7 126
1 9 29
2 7 48
6 8 205
10
10 6 259
10 7 43
6 4 255
7 9 71
4 2 22
7 3 46
6 8 228
10 1 271
3 5 56
10
6 10 105
10 4 36
6 1 274
8 6 3
2 10 123
1 9 207
3 4 179
5 3 25
7 2 276
10
1 7 85
7 4 201
10 4 279
3 1 20
8 3 92
10 5 81
7 9 222
9 6 247
3 2 198
10
4 1 199
9 1 261
4 10 57
2 4 34
4 3 300
10 6 23
3 7 290
5 6 59
8 4 142
10
7 9 220
5 9 172
5 3 7
5 4 241
4 2 3
9 8 20
7 6 175
5 1 155
10 9 210
10
4 7 31
2 4 102
6 4 163
10 4 177
6 5 66
3 10 92
8 10 1
6 9 22
5 1 137
10
7 1 174
7 10 109
10 8 94
10 2 271
8 6 267
1 3 183
9 6 294
8 5 70
4 5 216
10
3 1 63
3 8 206
8 2 26
4 2 41
8 7 226
3 6 118
9 1 99
7 10 78
5 9 95
10
4 7 265
7 3 153
7 10 260
8 4 277
9 8 224
10 6 269
4 5 167
1 3 149
2 1 228
10
5 4 124
4 7 69
6 5 153
9 5 129
3 6 234
1 6 151
7 10 91
1 2 293
4 8 123
10
9 6 264
6 2 259
9 1 14
5 9 275
9 7 20
8 9 296
5 4 99
1 10 53
3 2 152
10
10 8 261
9 10 102
10 2 281
4 10 98
6 8 100
4 1 184
2 7 275
2 3 62
1 5 112
10
6 7 78
6 9 40
1 7 176
9 10 61
9 5 143
4 6 298
6 8 150
1 3 27
1 2 242
10
4 3 124
4 6 29
4 1 179
1 8 94
7 4 176
9 3 149
9 10 168
5 3 105
2 1 277
10
2 8 178
4 2 97
7 4 156
3 8 34
8 5 142
6 5 24
6 9 120
10 9 97
4 1 66
10
7 2 73
10 7 191
10 3 40
5 10 188
3 8 178
6 7 84
2 4 27
1 6 285
3 9 286
10
10 3 280
3 8 165
9 3 246
9 4 157
2 8 108
1 9 263
2 7 75
1 5 31
6 10 275
10
6 8 249
5 6 37
7 8 250
1 5 53
7 9 6
1 4 77
3 5 205
7 2 171
10 4 252
10
1 5 49
5 7 50
7 9 101
1 4 45
1 8 65
2 1 61
3 4 94
8 6 271
2 10 107
10
8 10 80
6 8 152
9 10 293
2 6 112
3 8 172
5 8 202
1 2 47
7 8 286
4 3 244
10
1 8 197
1 5 156
3 1 295
6 8 288
4 8 32
2 1 16
7 3 9
10 8 259
3 9 153
10
8 10 11
1 8 293
10 4 143
1 2 287
4 7 12
3 10 171
6 1 249
1 9 33
2 5 102
10
5 8 237
6 5 296
3 6 214
8 7 286
4 3 133
9 4 286
10 5 246
7 1 4
3 2 62
10
1 9 112
1 7 78
3 9 160
10 3 145
3 5 95
3 8 295
2 10 61
5 6 218
2 4 168
10
8 1 137
1 10 57
8 4 90
8 7 157
6 10 161
10 2 19
7 5 8
6 9 80
3 2 200
10
2 6 184
2 5 46
5 10 74
10 7 59
9 5 64
7 3 205
1 5 153
6 8 132
9 4 237
10
8 9 134
9 6 127
9 4 53
1 4 202
2 8 135
5 8 264
10 6 261
8 7 41
8 3 272
10
2 8 10
8 10 49
8 5 190
10 9 159
6 2 190
2 3 97
4 3 162
4 1 287
7 5 166
10
7 9 151
9 8 141
4 9 30
4 2 194
8 6 276
10 9 14
5 2 191
1 10 236
3 8 211
10
10 5 250
5 7 108
1 7 236
5 4 278
7 6 214
1 2 287
2 9 272
8 10 116
3 1 177
10
10 7 236
10 8 243
7 9 52
1 9 69
3 7 291
6 1 107
6 4 116
9 2 228
5 2 13
10
9 3 186
3 1 147
7 3 83
8 7 256
2 1 145
4 1 132
3 5 108
6 9 49
4 10 68
10
6 2 212
5 2 21
9 6 130
9 1 129
2 10 251
2 4 208
10 3 222
8 3 294
4 7 120
10
9 7 114
9 5 175
8 9 139
8 1 169
9 2 216
5 4 139
8 10 16
9 6 10
3 7 209
10
6 10 299
10 5 185
9 10 287
4 5 291
1 5 95
3 9 178
2 6 281
3 8 255
3 7 150
10
8 9 255
10 9 253
10 1 45
4 8 251
3 8 95
6 3 52
7 8 178
5 6 201
4 2 290
10
10 8 260
4 8 254
2 8 71
6 10 92
8 9 32
1 9 64
2 5 199
7 4 61
3 2 246
10
4 5 15
4 3 170
5 10 73
4 8 10
7 4 44
1 3 103
9 8 7
5 2 171
6 9 232
10
9 5 189
2 9 288
8 9 16
6 5 167
10 9 291
1 2 70
3 2 194
4 3 134
4 7 275
10
9 10 210
9 4 7
4 6 20
9 7 218
2 9 87
6 8 176
1 4 35
3 4 82
5 10 121
10
6 2 141
6 3 160
10 3 131
3 7 121
3 9 300
3 5 124
5 8 87
7 4 246
9 1 103
10
3 6 275
6 10 138
2 10 266
6 7 220
6 9 82
8 3 17
5 2 79
4 8 221
3 1 6
10
9 1 188
2 1 143
8 2 120
4 8 254
9 3 221
10 9 140
6 1 41
3 7 270
5 4 38
10
4 2 279
8 4 169
8 6 138
1 4 266
3 8 294
6 10 87
10 9 191
7 3 280
5 2 75
10
1 4 179
8 4 25
3 8 290
9 3 263
9 7 287
8 10 234
6 8 203
1 2 253
6 5 79
10
5 6 221
5 2 88
8 6 141
2 1 40
6 3 147
8 9 253
4 3 255
4 7 243
10 5 158
10
5 10 140
4 5 200
2 4 244
5 3 225
2 6 140
8 4 168
5 1 241
2 9 90
1 7 239
10
6 2 231
1 6 185
2 3 277
5 2 251
4 5 103
7 6 189
10 5 54
9 4 168
8 6 286
10
2 1 280
6 2 23
2 10 295
3 6 66
6 7 95
10 4 276
7 8 229
5 6 59
3 9 19
10
9 5 35
5 3 253
1 9 93
5 7 68
6 3 241
2 5 243
3 4 227
10 3 86
8 10 66
10
3 10 14
3 2 278
8 10 93
9 3 19
3 6 75
6 1 184
10 5 133
2 4 78
7 5 256
10
1 3 116
1 2 205
4 2 201
4 5 199
9 3 8
9 6 206
8 5 292
4 10 264
6 7 230
10
8 9 144
8 6 138
2 9 239
9 4 35
9 1 261
4 7 132
8 5 194
8 3 12
2 10 280
10
9 3 173
6 3 168
8 6 270
5 3 204
6 2 146
5 10 53
4 10 64
5 7 247
1 6 216
10
8 3 201
7 8 13
5 7 102
8 1 27
6 1 101
9 7 1
10 8 235
10 2 101
4 10 119
10
10 1 115
5 10 246
1 7 203
9 1 96
10 2 44
4 5 100
9 8 184
6 1 52
3 10 11
10
2 1 278
2 5 178
3 2 204
8 5 118
5 7 300
7 4 246
10 2 177
6 8 199
9 8 282
10
10 4 273
10 8 118
8 9 270
3 9 191
8 1 217
3 5 114
7 5 166
1 6 239
2 6 166
10
4 8 31
8 7 56
6 7 119
8 2 68
7 10 141
3 4 290
7 9 88
8 5 136
1 5 219
10
9 8 117
2 9 15
9 4 257
4 3 55
5 9 42
6 3 237
7 4 244
1 4 132
10 9 30
10
3 9 35
9 4 7
8 9 203
3 6 10
1 9 259
2 4 98
8 7 33
6 10 49
5 8 74
10
4 3 90
4 10 258
6 3 163
10 9 295
6 5 294
1 10 147
4 8 196
7 5 135
2 4 244
10
7 10 186
7 1 235
6 10 231
5 7 73
10 9 191
2 10 260
9 3 109
9 4 266
8 1 44
10
8 5 195
1 8 133
2 5 146
5 9 88
7 1 96
10 5 114
3 8 96
6 2 133
4 5 104
10
9 2 161
2 10 185
8 10 282
3 9 126
9 5 168
5 7 126
10 4 252
6 5 154
7 1 188
10
1 3 145
2 3 118
8 2 81
2 4 234
8 10 63
9 3 188
7 3 279
1 6 11
5 10 30
10
10 1 171
7 10 101
1 8 108
2 1 188
5 1 175
10 9 300
7 6 275
4 8 185
3 2 171
10
3 10 20
8 10 266
10 1 268
2 8 84
4 3 290
5 2 290
4 7 84
3 9 296
6 9 156
10
8 10 153
3 8 11
10 4 40
4 1 263
1 6 268
7 4 69
4 2 267
10 5 119
3 9 285
10
9 2 285
2 8 227
9 7 14
8 4 248
2 10 56
2 5 152
9 1 219
3 10 21
6 5 171
10
5 4 140
4 7 104
7 8 155
4 9 174
8 1 85
5 6 107
5 3 247
2 5 57
7 10 3
10
3 4 48
7 3 143
7 9 120
7 2 192
8 4 64
7 1 275
4 5 295
10 5 70
6 9 26
10
3 8 237
3 5 184
3 4 48
3 6 228
8 7 104
3 1 246
4 2 177
10 2 235
10 9 99
10
3 9 112
3 5 154
7 5 278
3 10 299
4 9 263
8 7 61
5 6 18
6 2 160
1 8 212
10
2 9 106
9 1 195
5 2 6
8 1 245
5 10 102
4 9 24
7 2 247
5 3 72
4 6 179
10
7 8 58
8 4 152
9 4 293
4 3 193
7 1 293
8 6 57
2 8 184
2 5 257
10 3 203
10
1 4 15
6 4 163
9 6 61
4 8 98
8 2 199
7 6 53
1 10 70
1 5 174
3 1 172
10
5 4 207
4 10 81
4 6 30
1 6 155
6 3 273
3 8 223
2 8 63
5 7 299
3 9 154
10
8 10 185
10 3 283
8 6 291
1 10 288
3 9 151
2 10 163
7 1 208
2 5 141
6 4 82
10
6 7 81
10 7 155
5 7 208
4 6 176
3 4 242
7 9 56
4 1 275
2 9 114
8 7 158
10
7 4 222
4 2 132
3 7 171
10 7 295
3 8 286
4 9 213
5 10 91
2 6 73
6 1 100
10
7 2 82
7 8 195
7 6 48
2 4 119
7 9 224
4 3 159
8 5 14
1 3 205
5 10 193
10
4 5 111
4 10 265
4 1 50
1 8 24
3 4 161
3 6 46
8 7 226
10 2 80
5 9 215
10
1 10 253
1 4 287
9 4 76
8 10 128
10 6 172
3 1 199
2 6 72
1 5 154
2 7 29
10
6 1 177
9 1 95
4 1 6
1 8 61
3 6 155
1 10 277
9 2 36
3 7 211
5 3 233
10
8 2 126
8 7 25
1 8 270
5 8 272
2 10 163
4 7 213
3 2 51
9 3 51
6 8 163
10
2 7 166
2 3 21
1 7 299
9 2 255
1 10 8
5 2 183
10 4 91
6 7 39
10 8 271
10
4 10 64
4 2 19
1 2 190
1 6 75
9 10 295
7 2 39
7 8 266
4 5 259
3 1 253
10
1 4 10
2 1 95
1 6 110
3 6 10
5 3 262
3 7 105
9 7 208
8 4 103
8 10 40
10
10 6 130
10 8 57
10 3 272
8 4 179
7 4 176
6 9 41
5 4 235
7 2 251
1 8 29
10
5 8 277
8 4 139
9 5 21
5 6 22
6 2 167
2 10 231
3 5 160
8 1 96
7 6 77
10
5 4 44
5 1 81
4 3 253
10 3 22
8 4 37
8 2 110
9 10 5
7 3 41
2 6 8
10
3 8 110
3 5 90
5 2 275
8 7 217
8 9 272
2 4 38
5 10 299
1 3 175
5 6 214
10
10 7 102
7 3 222
9 10 231
6 7 158
4 7 40
1 7 23
2 7 104
3 5 223
6 8 288
10
3 7 248
3 2 273
8 2 21
2 9 15
3 10 112
7 6 57
2 1 276
3 5 29
4 6 41
10
8 3 2
3 4 222
8 10 117
2 3 12
1 4 40
3 6 180
7 6 164
9 2 150
2 5 77
10
6 1 41
1 4 196
1 7 277
3 7 60
2 3 173
8 3 14
10 7 55
2 9 152
5 10 107
10
7 1 123
7 6 95
4 1 248
4 3 73
10 6 177
10 2 207
6 8 167
9 3 92
5 6 185
10
4 1 283
1 7 134
3 4 20
1 9 27
7 2 249
9 5 10
10 3 15
8 3 146
6 9 203
10
4 7 256
1 7 248
7 3 197
3 10 284
3 2 163
10 5 296
10 6 147
8 5 230
9 10 249
10
10 4 281
4 1 246
9 1 53
1 3 67
2 1 35
10 7 17
1 6 195
8 2 194
5 10 82
10
5 3 97
3 6 257
8 5 269
8 9 283
7 3 10
9 2 195
1 6 40
10 6 225
4 8 284
10
3 5 87
5 9 64
8 9 178
9 6 134
7 8 13
2 5 130
5 10 282
1 3 55
3 4 29
10
1 9 291
10 9 182
4 1 251
8 1 254
6 1 81
5 6 202
1 3 30
4 7 234
2 8 7
10
7 10 184
7 2 57
2 5 96
6 5 237
3 5 226
6 4 146
9 5 176
10 8 122
1 7 23
10
6 7 164
7 1 77
7 8 121
4 6 287
4 10 87
3 1 131
2 3 264
1 9 98
9 5 118
10
1 10 291
7 1 266
7 5 177
10 2 82
4 7 197
9 5 173
2 8 132
3 2 51
6 10 153
10
1 4 71
1 8 59
1 9 273
1 2 135
8 6 117
5 2 159
3 9 246
4 10 42
7 9 114
10
2 9 250
2 3 131
9 10 33
3 8 152
8 7 259
6 8 265
2 4 237
1 2 173
5 9 48
10
2 8 142
2 4 136
4 6 44
9 6 142
9 5 199
3 9 83
1 6 61
9 7 103
10 9 51
10
5 7 24
5 2 29
2 4 175
2 8 144
4 1 153
2 10 227
9 4 218
6 1 268
3 8 222
10
10 7 236
7 2 143
2 4 244
6 10 52
5 4 65
10 8 198
1 5 140
3 8 269
9 1 218
10
10 7 107
7 4 154
4 8 115
1 4 286
8 6 10
2 7 120
8 9 159
3 9 61
5 7 248
10
5 9 170
9 2 95
2 7 19
8 2 179
10 2 230
3 7 127
7 6 252
5 1 280
4 2 179
10
1 4 262
8 4 35
6 8 83
6 3 107
8 2 14
6 7 25
2 10 257
10 5 253
4 9 155
10
2 3 86
3 4 224
9 3 128
6 4 228
9 1 7
3 7 245
10 3 122
2 8 186
7 5 138
10
3 10 274
3 6 244
4 10 16
10 8 73
7 10 61
3 2 225
6 1 160
9 7 290
5 4 35
10
8 9 192
9 7 238
4 9 162
8 2 283
4 3 46
2 5 33
6 7 100
4 1 165
10 9 73
10
3 1 88
3 9 117
4 1 92
2 1 178
8 3 228
7 8 109
10 9 284
10 5 228
9 6 202
10
8 5 179
5 1 50
7 5 108
5 2 285
2 3 232
9 8 106
10 1 232
6 8 49
4 8 69
10
2 10 130
10 7 125
1 2 3
10 6 245
9 1 300
4 10 190
9 3 290
8 6 141
7 5 150
10
4 2 245
1 4 251
4 8 125
9 4 188
3 4 253
7 4 263
10 9 63
5 3 128
4 6 87
10
2 5 124
2 10 49
1 5 116
2 4 224
8 5 111
7 4 253
6 4 41
3 1 9
3 9 226
10
9 2 27
4 2 145
4 6 109
2 10 36
3 2 10
1 6 177
7 9 27
5 7 264
3 8 225
10
1 5 291
1 9 105
1 7 205
10 7 219
5 8 148
2 1 236
4 7 143
10 3 122
7 6 59
10
7 4 62
4 6 215
2 7 37
2 5 142
5 10 300
10 1 242
6 9 23
3 7 89
4 8 150
10
7 6 128
7 4 197
4 8 107
2 7 138
2 10 182
5 6 82
6 9 129
1 6 204
6 3 167
10
6 1 109
3 6 205
10 6 17
5 10 141
9 10 77
4 1 229
7 5 164
10 2 216
7 8 277
10
6 2 235
6 8 158
2 3 3
1 6 291
4 2 90
5 2 205
4 10 250
7 3 182
9 7 160
10
5 8 104
8 9 299
9 1 103
5 7 242
1 4 66
1 10 20
1 3 100
10 2 258
6 5 87
10
3 5 294
3 10 115
10 7 176
3 6 100
6 8 218
9 7 139
7 1 165
10 2 145
8 4 19
10
7 6 246
7 2 199
7 3 127
2 5 223
6 1 165
2 4 78
4 10 40
5 9 99
2 8 31
10
4 1 53
9 4 34
5 9 56
9 8 9
1 2 238
2 6 20
7 8 281
3 9 136
10 2 247
10
3 9 28
4 9 195
4 7 40
2 9 17
6 9 280
9 8 224
5 8 194
2 10 99
1 2 211
10
8 3 23
10 8 106
8 9 260
4 3 157
5 4 74
2 5 74
1 4 280
1 7 86
10 6 212
10
5 2 34
4 2 38
5 1 58
3 4 231
4 8 224
8 9 153
4 10 70
7 9 239
6 10 249
10
10 5 235
10 3 64
8 3 82
2 8 18
8 6 79
1 6 2
3 9 31
7 8 20
3 4 129
10
4 7 151
4 8 271
2 7 156
3 7 163
10 4 83
8 5 109
5 9 179
5 1 15
3 6 118
10
9 1 18
8 9 277
8 3 259
1 7 10
8 2 78
6 3 278
6 4 96
3 5 36
10 4 126
10
8 5 25
8 9 280
7 5 43
8 2 51
2 3 48
8 10 24
3 1 157
1 6 101
2 4 195
10
7 1 254
7 2 75
10 1 206
2 8 85
6 10 194
6 5 45
9 8 186
3 8 263
4 2 232
10
10 3 89
10 6 284
4 6 124
5 4 279
10 1 176
7 3 272
9 7 191
8 6 75
2 6 266
10
9 10 108
9 6 143
6 5 123
3 6 244
1 9 62
5 7 234
6 8 111
7 4 57
2 3 130
10
9 5 297
3 9 283
3 10 83
8 9 297
7 9 293
8 2 128
8 1 123
4 10 109
4 6 24
10
10 4 240
2 10 86
9 2 298
9 3 150
9 5 101
6 3 64
9 7 120
10 8 61
1 5 257
10
3 1 88
7 1 253
1 10 56
7 4 82
6 3 45
9 6 203
8 9 36
8 5 60
2 10 279
10
5 8 127
5 2 184
5 4 227
8 3 84
9 4 12
10 5 82
1 2 221
5 6 106
7 1 69
10
3 10 254
10 4 226
10 7 222
3 8 17
3 5 167
2 4 1
2 1 111
9 5 138
6 1 293
10
9 2 153
1 9 201
5 2 74
9 7 50
2 6 222
9 4 138
5 8 79
3 1 101
10 5 45
10
7 4 160
4 2 208
2 10 1
9 7 59
4 3 67
5 4 254
8 7 292
1 8 37
6 7 152
10
9 7 143
6 7 27
7 5 200
9 2 28
8 2 239
9 10 182
6 1 79
8 4 240
8 3 63
10
9 6 169
9 3 28
6 5 298
9 2 101
9 10 188
6 1 31
10 7 292
6 8 85
2 4 146
10
3 2 109
4 2 233
10 3 292
10 6 51
6 9 219
7 10 285
8 4 289
9 5 234
1 2 207
10
9 7 167
7 6 282
5 6 228
7 8 71
8 4 298
2 8 188
8 3 245
1 3 23
10 9 80
10
4 6 60
6 7 203
1 7 230
9 4 69
1 3 46
1 10 234
2 1 9
8 3 172
7 5 110
10
10 5 247
3 5 94
2 3 82
5 4 10
9 4 160
8 5 137
5 6 75
1 9 199
3 7 194
10
7 5 279
5 8 92
2 5 140
10 2 37
4 2 75
5 6 48
6 3 80
10 9 86
7 1 296
10
6 8 175
10 8 256
6 5 67
8 7 47
9 7 165
5 4 12
3 5 250
1 9 184
2 7 125
10
3 1 271
7 1 178
10 1 166
4 3 2
2 3 259
8 7 90
5 8 125
10 9 37
9 6 34
10
1 7 152
5 7 67
8 7 249
6 7 208
5 3 298
4 8 117
3 2 297
9 3 283
3 10 197
10
10 1 137
8 10 113
10 2 68
8 3 255
7 10 128
8 6 182
7 5 245
7 4 146
9 8 228
10
4 5 89
4 7 7
10 7 149
4 6 242
6 8 124
3 5 75
7 2 292
7 1 181
9 5 137
10
2 7 266
2 5 227
7 1 252
1 4 262
7 3 244
3 6 108
3 9 159
8 1 121
8 10 108
10
10 8 260
7 10 229
10 9 123
9 3 170
3 2 261
6 7 214
4 8 257
6 1 160
5 1 4
10
5 1 13
5 9 226
8 1 255
9 3 70
8 10 60
6 8 62
8 2 207
10 7 208
4 2 47
10
5 6 54
5 2 263
5 1 149
3 6 266
7 3 40
10 6 187
10 9 240
7 8 254
1 4 188
10
1 10 297
1 2 4
5 2 28
6 2 112
10 9 108
8 10 127
10 7 298
3 1 144
1 4 117
10
8 10 273
10 3 144
1 10 29
10 2 221
9 10 101
9 7 62
8 5 6
6 9 177
4 6 61
10
2 9 200
8 2 88
2 5 294
2 3 298
4 8 290
1 8 221
8 7 59
10 1 260
6 1 96
10
5 9 184
4 9 8
4 10 219
6 10 64
5 8 41
6 1 199
10 7 156
8 2 244
3 6 281
10
5 2 208
9 2 131
4 5 71
8 4 299
6 9 169
2 3 154
7 5 45
5 1 64
10 6 215
10
3 7 250
10 3 252
2 10 190
6 10 225
8 7 72
3 9 221
5 2 182
10 4 189
1 4 148
10
1 7 127
6 7 245
3 6 17
1 2 3
7 8 107
10 7 293
5 10 160
4 6 139
9 3 98
10
7 9 77
10 7 262
2 10 136
2 4 15
2 6 114
7 8 65
1 10 219
10 3 266
5 1 7
10
1 4 111
4 3 98
1 10 258
1 2 104
2 6 288
4 7 93
10 5 141
8 6 259
9 4 137
10
7 2 164
6 2 274
6 3 249
6 5 252
10 6 176
10 4 268
7 8 175
5 1 268
9 2 18
10
3 8 284
10 3 102
10 7 38
1 7 280
5 3 42
3 2 181
10 4 148
9 2 49
4 6 13
10
7 10 268
2 7 295
2 1 258
6 7 91
7 8 157
5 8 159
4 10 60
3 6 185
5 9 13
10
9 5 194
5 3 82
7 5 254
1 5 122
4 7 76
6 4 120
1 2 40
10 6 129
2 8 97
10
7 6 21
1 6 140
5 1 254
6 10 268
5 9 129
2 7 15
3 5 257
3 8 287
7 4 278
10
8 4 63
4 5 63
10 8 220
1 5 185
1 9 272
8 7 78
2 8 247
3 5 109
8 6 175
10
1 8 269
5 8 17
1 2 275
3 8 94
3 9 121
10 5 14
4 3 209
7 3 143
6 2 115
10
7 10 50
10 6 297
4 7 193
9 4 37
10 8 168
8 2 156
1 4 71
6 3 20
8 5 248
10
1 7 261
7 9 122
8 9 268
4 7 263
4 6 288
2 8 67
10 4 83
5 1 127
6 3 108
10
10 9 33
9 4 145
2 4 112
5 9 164
2 7 279
8 9 291
2 6 258
9 3 191
1 5 220
10
10 3 201
6 3 188
9 10 64
4 6 98
4 1 13
8 4 107
4 5 65
3 7 297
2 5 291
10
1 3 211
10 1 250
3 7 268
9 3 131
3 6 263
10 4 228
10 2 115
2 8 299
5 10 257
10
9 8 217
1 8 129
7 9 177
9 3 298
6 9 168
1 4 2
10 1 24
5 3 106
8 2 73
10
8 3 148
7 8 4
8 4 269
8 6 69
5 3 173
6 1 222
5 9 183
8 2 91
5 10 111
10
9 8 75
9 1 139
10 8 204
5 8 48
1 4 286
6 8 48
2 10 82
3 5 110
6 7 83
10
6 4 49
1 6 215
1 7 221
6 10 5
10 2 268
3 1 74
9 3 114
4 8 148
6 5 254
10
7 5 161
3 5 18
2 5 256
6 3 164
6 4 129
10 3 122
4 1 43
1 9 70
8 6 31
10
5 9 75
9 2 246
6 2 69
6 1 160
2 4 220
9 3 120
6 7 178
8 1 166
10 2 282
10
1 8 81
1 5 101
1 3 202
5 4 25
2 5 189
4 6 247
4 7 278
9 5 244
9 10 112
10
3 5 27
5 4 262
2 5 180
7 5 43
2 1 201
10 3 203
10 6 209
6 9 196
9 8 210
10
7 5 261
4 5 147
9 5 185
5 10 214
2 7 44
6 10 141
8 5 202
3 5 124
3 1 175
10
10 3 95
3 4 266
10 2 273
8 10 21
1 2 192
7 3 87
9 8 117
8 5 215
6 2 78
10
5 8 211
2 5 72
8 3 117
8 4 240
4 9 254
1 2 177
1 6 234
3 7 148
1 10 29
10
2 8 57
10 8 239
2 5 282
1 5 87
8 6 220
4 2 276
10 3 131
9 6 113
8 7 126
10
10 6 289
9 6 237
1 6 156
3 1 1
6 8 287
6 2 190
9 4 108
2 7 235
6 5 118
10
8 3 270
3 2 284
5 8 205
8 6 52
10 6 9
4 2 60
5 1 193
1 9 2
7 9 179
10
10 2 157
10 8 142
6 10 285
5 2 108
2 3 270
4 6 4
4 7 74
9 6 271
6 1 267
10
6 8 130
6 3 203
7 8 246
4 8 108
5 8 162
8 9 147
4 1 243
10 4 298
1 2 156
10
7 1 102
7 8 280
9 1 299
7 6 95
8 10 94
5 6 54
9 3 13
1 4 170
9 2 269
10
8 2 143
8 4 157
4 6 165
2 3 245
10 6 24
2 1 139
4 9 126
6 7 71
5 4 115
10
9 1 233
10 9 27
10 2 67
6 2 151
8 1 164
3 6 183
7 6 24
4 6 242
3 5 7
10
4 10 184
4 5 74
10 7 286
1 10 300
10 9 112
10 6 81
3 10 180
8 5 158
5 2 50
10
1 10 266
10 4 226
4 9 155
6 9 35
9 3 212
7 1 196
7 2 52
10 8 6
2 5 45
10
7 1 286
6 1 138
8 7 249
10 1 228
8 9 126
3 7 135
10 5 274
8 2 92
3 4 123
10
9 10 116
9 6 128
5 9 135
2 9 40
6 8 45
6 3 163
3 7 234
1 5 17
4 3 143
10
2 6 6
9 2 142
8 2 32
6 10 117
5 2 197
9 1 202
3 1 187
4 1 287
7 2 98
10
4 3 76
8 4 88
1 4 44
3 2 243
8 10 86
3 9 217
6 3 119
5 1 173
4 7 286
10
6 1 254
1 10 211
4 10 2
7 6 125
6 2 244
10 8 152
9 2 69
10 5 58
3 1 25
10
6 4 21
6 2 218
8 4 240
2 9 140
4 3 7
5 2 116
3 10 291
5 7 152
10 1 243
10
9 6 35
6 1 15
7 1 103
7 4 291
10 7 63
8 1 2
2 10 200
10 3 286
7 5 93
10
9 5 42
5 2 109
2 10 190
2 6 19
2 4 8
5 8 82
7 2 268
4 1 66
3 2 194
10
6 7 135
6 9 282
2 9 254
6 3 165
4 7 248
3 8 203
1 3 294
10 4 203
6 5 172
10
3 4 260
10 4 248
4 9 53
10 1 58
7 9 10
6 4 81
10 5 50
10 2 290
8 9 150
10
2 1 106
1 3 101
8 3 2
2 6 176
4 1 181
5 8 15
10 1 119
9 4 56
5 7 58
10
6 5 157
6 10 52
10 2 136
3 10 73
1 5 235
8 6 130
8 4 36
5 7 287
9 6 176
10
3 10 9
1 3 102
4 1 227
1 9 65
10 2 22
1 6 180
1 7 190
8 10 18
5 9 287
10
8 10 218
10 4 30
10 9 288
9 7 293
7 3 7
1 10 8
3 5 29
2 1 66
6 8 278
10
5 3 197
3 1 142
5 7 5
3 4 285
10 5 170
4 9 96
8 4 287
8 2 281
8 6 127
10
9 7 194
4 9 39
5 9 174
1 9 60
10 1 26
8 5 164
1 6 216
3 5 102
7 2 138
10
5 1 112
10 1 281
8 10 123
6 5 180
5 7 21
8 3 241
7 9 269
4 10 142
2 10 215
10
5 3 22
7 5 176
4 5 141
1 7 28
1 6 36
7 8 208
10 6 288
8 9 278
2 8 32
10
6 7 15
6 9 279
9 8 278
1 9 229
2 7 216
10 7 230
9 4 194
5 4 187
3 4 195
10
10 2 102
3 2 284
4 2 39
4 5 192
6 4 171
4 9 107
8 6 273
10 7 241
1 2 177
10
8 6 126
3 8 172
8 4 21
8 10 29
6 5 134
1 6 200
10 7 56
3 9 51
9 2 245
10
6 3 18
3 4 183
5 4 3
10 6 280
5 8 56
3 7 279
1 4 92
2 3 99
9 2 267
10
10 4 69
8 4 68
4 6 63
10 2 291
10 5 272
7 10 295
5 1 92
3 6 38
9 7 75
10
2 4 227
2 1 167
1 3 242
6 1 217
2 5 279
6 7 39
2 8 164
8 10 25
9 6 123
10
2 3 152
3 5 32
1 2 274
7 3 242
8 7 269
9 7 150
6 9 11
4 8 125
10 3 210
10
8 5 160
5 9 24
2 8 95
8 6 256
3 5 143
1 3 42
5 4 2
5 7 109
10 7 31
10
10 1 207
10 9 73
2 10 109
1 8 98
2 6 112
6 5 253
3 9 260
1 4 120
7 5 239
10
3 5 178
5 9 137
3 10 20
5 7 18
3 4 112
8 3 174
6 4 218
3 2 162
1 4 97
10
8 10 87
8 7 270
10 3 101
9 8 143
9 2 225
8 4 47
9 5 123
4 1 145
7 6 149
10
8 6 229
9 8 138
9 5 255
9 10 200
5 3 126
9 4 59
4 2 59
7 8 50
8 1 36
10
5 8 48
8 6 113
9 5 206
9 2 60
5 4 22
7 2 22
8 10 62
9 1 161
2 3 64
10
4 6 189
6 3 214
3 8 46
10 3 164
8 7 52
6 2 297
7 9 237
6 5 272
1 4 278
10
2 4 126
3 4 103
4 1 121
5 4 80
7 3 235
8 1 288
7 6 184
9 6 9
10 2 151
10
9 10 132
7 10 96
5 10 243
1 5 255
3 10 153
5 6 198
4 6 275
9 2 261
5 8 60
10
4 8 113
9 8 81
3 9 231
2 8 286
10 9 51
2 1 134
5 2 136
6 1 202
10 7 63
10
1 2 185
3 1 233
2 7 259
2 9 300
4 3 195
5 9 139
6 4 79
5 8 98
10 1 200
10
3 1 150
9 1 26
5 9 276
9 2 197
8 1 88
4 9 2
5 6 71
7 5 34
10 6 245
10
4 10 17
8 4 275
4 5 162
4 6 133
5 9 25
8 3 103
2 9 67
1 4 176
7 6 282
10
6 5 128
5 1 187
6 9 141
8 6 300
10 1 136
2 9 176
10 7 148
4 5 133
5 3 135
10
6 10 246
4 10 33
1 6 284
10 5 86
1 9 243
2 9 215
6 3 108
10 8 100
7 10 118
10
8 5 65
4 8 132
6 4 276
7 6 95
9 6 244
5 3 264
7 10 286
2 4 149
3 1 38
10
5 3 180
3 9 224
5 2 204
5 8 173
9 7 44
4 7 208
5 10 279
6 2 9
8 1 160
10
6 2 246
7 6 10
1 6 295
5 1 25
6 9 147
5 8 268
1 4 234
5 3 77
10 3 40
10
9 2 95
2 1 260
5 1 289
9 4 282
8 4 101
10 4 131
4 7 160
9 3 60
6 8 69
10
9 7 19
9 2 180
6 2 73
6 5 179
10 7 11
9 3 81
2 1 226
8 5 135
6 4 99
10
6 2 167
6 3 261
5 6 258
1 5 253
7 1 286
4 2 236
9 7 266
10 7 151
8 1 113
10
1 7 276
7 2 128
6 1 279
9 6 46
2 4 132
5 9 126
3 7 111
10 9 272
5 8 52
10
8 10 51
8 3 32
6 3 87
10 1 71
5 1 127
5 4 7
1 2 124
5 7 78
9 8 151
10
10 8 221
10 2 297
8 9 222
7 8 183
1 10 196
2 6 83
3 9 280
4 3 174
5 6 112
10
8 4 287
1 8 224
9 4 161
4 3 134
5 9 291
5 2 63
6 3 263
9 7 126
10 2 82
10
4 5 135
9 4 127
9 8 98
4 3 9
8 1 36
10 1 174
7 1 274
7 2 266
6 8 130
10
9 1 71
5 1 153
5 8 274
10 5 146
10 4 179
3 1 56
3 6 232
10 2 128
7 4 298
10
3 10 147
3 2 20
6 3 37
6 8 275
6 4 35
2 7 84
9 7 219
5 9 101
4 1 75
10
8 7 115
4 8 113
3 7 41
6 3 211
3 10 203
7 2 78
8 1 37
9 6 209
6 5 55
10
7 4 266
9 7 16
7 1 61
7 6 140
6 3 143
5 6 178
9 2 184
1 8 299
10 2 235
10
4 8 129
1 8 16
2 4 77
1 3 226
4 5 269
6 2 50
8 10 213
9 6 224
10 7 297
10
1 6 47
8 6 191
8 2 182
6 9 275
5 6 300
2 10 25
4 10 15
5 3 162
7 5 6
10
5 9 239
5 2 136
5 1 70
9 3 119
7 3 245
7 4 277
5 6 262
8 6 221
10 8 233
10
7 9 98
8 9 232
1 7 110
6 1 5
5 8 232
4 6 217
6 2 292
1 10 258
3 10 208
10
7 2 112
2 9 284
6 9 22
6 4 82
2 10 168
2 5 81
7 1 211
3 4 143
8 9 159
10
6 7 165
6 5 255
6 4 73
5 2 282
4 10 55
8 10 31
2 3 19
9 3 202
1 2 194
10
10 2 160
3 2 139
1 3 229
5 3 27
9 1 174
6 1 199
10 4 210
7 5 7
8 4 121
10
6 9 256
5 6 177
2 6 170
4 2 31
1 6 229
4 10 161
3 5 241
7 2 275
8 9 13
10
7 4 190
10 7 20
7 2 287
9 4 124
4 6 135
8 9 35
1 10 227
3 2 111
1 5 44
10
6 1 160
2 1 175
7 6 209
5 2 1
9 7 277
9 8 290
8 4 262
3 6 190
2 10 207
10
9 5 230
5 1 140
1 10 57
8 5 240
4 5 108
3 1 115
2 3 240
6 4 194
2 7 10
10
8 1 149
1 4 81
6 1 133
3 4 216
7 4 72
9 3 217
2 6 142
8 5 193
2 10 42
10
3 5 155
3 9 57
9 7 253
10 7 18
2 7 217
4 3 262
2 6 120
2 8 187
1 10 280
10
6 4 129
9 6 81
4 3 285
10 3 288
8 4 1
7 10 86
4 1 66
2 9 165
5 9 173
10
1 5 268
6 5 209
1 7 255
1 3 117
5 2 201
4 1 211
3 9 91
4 8 101
10 2 123
10
9 5 10
7 9 257
7 10 184
6 5 71
4 6 213
1 6 173
1 8 107
10 2 291
4 3 82
10
6 1 16
2 6 23
6 10 42
10 8 3
1 5 28
10 7 230
7 9 58
3 5 45
5 4 10
10
10 7 49
8 7 91
7 4 39
10 3 128
10 9 279
10 5 44
1 5 157
7 6 254
10 2 233
10
8 5 248
2 8 130
6 2 227
1 5 79
10 1 157
5 3 51
4 10 231
10 9 39
10 7 12
10
8 6 195
10 6 174
8 5 106
4 5 128
9 4 269
1 6 230
2 8 215
4 3 192
7 8 295
10
1 5 116
4 1 251
1 3 52
3 6 165
4 8 41
3 7 99
10 1 276
2 1 32
9 1 245
10
2 8 25
5 2 206
5 9 54
8 1 104
1 10 82
4 10 144
5 7 63
3 10 272
2 6 280
10
7 4 215
6 4 108
2 7 68
7 5 135
1 6 57
9 5 231
3 2 233
10 2 21
7 8 9
10
5 2 8
4 5 196
5 10 18
10 7 152
2 9 293
10 1 257
8 5 113
4 6 184
3 9 81
10
2 5 232
2 9 130
7 2 159
9 1 156
4 2 14
7 6 197
2 3 16
8 7 79
4 10 113
10
2 9 42
3 2 69
3 4 132
10 9 276
7 2 180
9 1 141
6 10 60
6 5 114
8 7 247
10
3 10 165
5 3 30
3 9 9
6 9 43
5 1 43
8 10 241
9 4 223
2 3 34
10 7 104
10
7 8 29
7 3 206
9 8 138
8 2 272
1 2 131
3 5 67
6 5 44
10 1 296
7 4 228
10
7 2 67
7 5 82
7 1 220
10 7 58
5 9 114
6 7 283
9 8 3
2 4 82
3 9 294
10
5 7 64
7 4 12
8 5 227
8 2 77
10 8 154
1 4 291
9 7 263
3 5 141
5 6 221
10
9 4 213
2 9 22
7 9 6
2 3 14
10 4 257
2 5 241
1 10 202
2 6 101
9 8 145
10
10 6 26
8 10 248
10 1 42
9 6 35
10 7 169
5 6 120
3 7 166
4 7 181
8 2 139
10
7 6 208
1 7 250
10 6 10
6 5 19
4 7 144
6 8 292
3 4 159
9 8 87
2 3 121
10
6 1 31
3 6 47
6 10 151
4 3 18
7 1 140
1 2 210
6 9 124
1 5 3
9 8 273
10
5 1 257
1 3 83
3 8 283
8 4 163
5 7 294
9 5 176
3 6 299
2 3 277
9 10 236
10
1 6 6
6 4 216
9 1 260
4 3 64
2 3 103
9 7 77
4 10 52
4 8 47
1 5 246
10
2 5 209
9 5 158
7 2 105
2 3 134
8 5 267
2 10 86
1 5 277
4 5 196
6 10 78
10
7 9 219
2 7 127
8 9 100
9 3 204
3 1 294
3 4 188
5 1 13
7 6 195
8 10 190
10
1 10 80
1 4 288
4 2 143
7 4 157
9 1 6
5 7 264
9 3 177
1 8 178
6 7 73
10
5 10 203
1 10 238
1 9 116
1 8 72
9 4 161
8 3 115
6 5 104
8 7 63
4 2 159
10
6 8 36
8 3 16
8 9 159
4 8 173
3 5 193
1 5 96
4 2 132
7 8 80
6 10 72
10
6 3 255
3 7 148
6 10 70
4 6 177
6 2 37
7 5 105
5 1 248
8 2 195
3 9 263
10
8 1 289
3 1 138
7 8 171
6 7 293
2 3 132
3 5 281
1 4 141
4 9 272
9 10 266
10
1 3 41
1 4 271
4 8 163
9 4 77
2 4 227
6 8 57
7 1 238
1 10 243
8 5 238
10
10 5 168
6 10 32
2 10 145
8 5 183
4 8 118
10 3 244
9 4 24
6 1 188
1 7 186
10
1 4 94
2 1 140
9 2 174
8 2 116
7 1 127
2 5 242
7 3 24
10 7 105
8 6 36
10
1 9 5
5 9 61
6 5 194
2 1 185
2 7 74
6 10 178
4 9 272
4 3 49
1 8 7
10
5 9 188
8 5 159
2 9 231
4 8 179
7 8 246
4 10 290
1 9 262
6 5 16
3 6 232
10
6 4 145
6 3 227
6 10 85
9 10 131
9 2 141
1 10 121
7 6 273
5 9 249
8 4 181
10
2 7 166
7 9 116
7 5 95
5 3 144
3 4 123
1 2 66
8 4 249
10 4 20
6 8 170
10
5 9 219
4 5 158
10 9 267
3 5 290
2 10 29
9 6 164
4 7 42
8 3 249
4 1 32
10
10 7 231
9 7 142
9 6 258
7 4 218
10 8 131
5 9 207
1 7 107
3 4 160
7 2 145
10
2 8 36
7 8 234
7 1 220
9 1 20
4 7 254
9 6 209
2 5 80
10 4 15
4 3 260
10
6 2 258
7 2 87
3 6 214
1 2 172
7 5 250
4 1 85
5 10 89
8 7 147
9 6 264
10
2 7 42
5 2 215
3 7 15
7 4 168
5 10 291
6 4 156
5 9 168
6 1 199
9 8 49
10
9 5 45
5 4 241
8 5 137
9 3 178
9 1 267
10 3 101
6 4 85
3 7 202
2 9 168
10
3 8 123
2 8 91
5 3 48
2 7 227
3 6 286
1 5 258
7 9 61
10 9 19
8 4 190
10
7 1 170
10 7 268
10 9 274
1 4 189
9 6 39
4 3 174
9 2 84
8 4 127
5 10 90
10
6 3 166
6 7 243
9 3 40
4 9 206
5 4 175
3 10 169
3 2 148
7 1 205
8 1 36
10
6 4 171
6 7 248
6 3 276
3 8 18
4 1 249
9 4 250
6 5 111
10 3 49
1 2 261
10
7 1 188
1 5 122
2 5 256
1 8 32
3 2 228
1 9 64
10 5 150
9 4 205
6 2 81
10
3 8 296
4 8 183
2 8 75
4 1 266
2 5 168
4 6 128
7 3 52
10 7 204
7 9 293
10
5 3 20
2 3 263
3 9 66
10 2 95
6 3 193
1 9 272
7 3 229
4 3 201
7 8 272
10
6 2 29
4 2 230
6 7 98
8 2 104
5 7 40
1 2 8
7 3 143
9 6 136
4 10 56
10
10 2 82
6 10 166
2 7 26
7 3 18
3 1 65
8 3 7
5 2 216
1 9 208
4 10 161
10
7 6 72
6 8 156
6 2 212
4 8 178
7 5 222
2 10 235
9 6 118
3 2 135
1 10 69
10
8 6 210
8 1 23
3 1 116
8 7 82
6 2 276
1 9 285
2 4 91
6 10 296
5 3 266
10
1 7 300
2 1 224
2 8 113
6 2 10
5 6 255
10 5 90
3 7 186
2 9 48
4 8 78
10
3 8 140
8 9 91
3 5 69
3 4 35
1 8 179
9 6 83
7 4 87
4 10 53
9 2 184
10
1 6 122
6 9 114
3 9 31
8 9 64
4 9 281
2 1 137
6 7 113
2 10 22
5 6 96
10
1 9 11
4 9 140
2 4 259
8 1 125
6 2 198
3 9 13
3 10 269
5 3 33
7 6 72
10
9 6 87
4 9 76
3 6 264
4 5 28
6 8 214
5 1 30
10 3 14
9 2 116
7 6 238
10
4 7 63
7 3 10
6 4 21
3 1 256
9 3 14
7 5 124
10 6 65
4 2 99
1 8 95
10
4 1 40
4 6 6
6 10 81
7 1 218
10 8 169
10 2 51
9 4 189
5 1 183
3 8 143
10
10 8 196
10 3 158
3 4 211
4 2 252
8 5 258
2 6 62
3 7 62
1 6 120
9 3 267
10
10 3 86
5 3 6
3 4 156
10 8 109
9 8 249
1 5 80
7 10 149
4 2 146
9 6 223
10
4 10 170
4 9 278
6 9 128
8 4 200
7 8 119
6 5 175
8 2 109
1 4 176
2 3 75
10
2 8 267
1 8 69
3 2 125
3 7 209
9 3 48
5 3 194
4 5 21
10 4 176
6 7 130
10
10 7 169
3 7 198
1 7 53
6 10 174
9 6 260
4 10 158
9 8 74
3 5 69
8 2 282
10
6 7 90
7 4 289
9 6 87
10 7 248
10 1 76
8 6 95
3 4 209
5 9 121
2 7 217
10
6 7 117
7 3 195
10 3 43
6 9 2
8 7 242
3 4 229
6 1 278
5 3 212
2 5 251
10
5 3 215
3 2 293
6 3 107
7 2 210
2 4 97
1 5 97
9 1 94
8 3 185
9 10 130
10
3 6 30
7 3 212
7 2 12
6 1 18
8 7 221
6 5 285
10 3 94
3 9 70
4 1 112
10
6 2 98
2 7 48
2 3 182
6 4 130
8 6 159
6 10 118
5 10 217
3 9 31
3 1 61
10
4 10 37
7 4 271
2 10 293
3 4 181
10 5 107
1 3 230
8 4 43
5 9 74
3 6 169
10
7 9 293
9 10 20
1 10 153
10 6 280
3 6 88
2 1 180
4 2 235
8 9 254
9 5 241
10
3 7 186
6 7 180
6 1 237
10 3 227
8 1 181
3 2 121
5 8 11
6 9 74
2 4 209
10
6 10 188
4 6 228
10 5 81
3 4 263
5 9 239
2 6 287
9 1 202
5 8 107
7 3 244
10
9 4 204
7 4 256
1 7 44
3 1 218
6 3 192
4 10 40
5 9 178
8 5 245
2 3 294
10
2 4 211
2 8 238
3 8 48
2 6 246
6 1 82
7 1 203
10 8 54
6 5 173
2 9 71
10
10 8 11
8 5 280
10 2 208
5 9 82
2 6 278
7 6 150
4 2 127
10 1 139
7 3 288
10
3 2 184
2 8 259
4 8 115
7 8 192
1 8 92
8 9 35
2 10 178
6 8 281
10 5 262
10
1 6 44
1 7 182
2 7 72
1 9 4
1 10 241
1 5 76
3 9 281
3 8 184
1 4 100
10
3 8 228
5 8 107
4 3 185
3 6 164
4 1 4
10 5 135
2 10 208
7 2 239
10 9 202
10
8 3 212
6 8 96
8 10 191
1 8 250
6 4 82
5 4 191
10 2 177
9 5 181
7 10 118
10
9 2 133
3 9 56
9 8 231
2 10 263
4 3 203
7 4 108
7 5 97
3 6 280
1 2 259
10
8 3 178
2 3 174
6 2 50
2 10 256
5 8 225
3 9 260
10 1 83
8 7 154
4 5 196
10
9 1 23
1 8 247
4 9 17
7 1 6
10 7 48
5 8 249
2 7 112
3 10 15
6 5 287
10
4 5 297
10 4 32
4 6 54
2 10 200
1 10 110
10 7 103
3 7 174
4 8 240
2 9 186
10
7 9 127
5 9 249
3 7 250
5 1 53
1 10 73
7 2 288
6 10 39
2 4 271
8 2 85
10
6 9 300
9 2 114
2 4 95
9 10 77
10 7 50
3 2 268
5 6 261
1 3 185
8 1 41
10
9 7 22
9 1 49
9 6 51
9 4 285
6 3 129
10 4 77
2 9 284
8 9 204
5 2 78
10
10 5 38
10 6 160
6 1 2
5 9 255
8 1 3
7 6 154
1 4 73
2 9 164
1 3 61
10
4 9 78
8 4 157
8 10 145
10 2 163
9 3 12
1 8 105
2 7 19
5 8 67
1 6 125
10
10 9 86
10 2 167
3 9 240
2 5 277
6 5 139
1 10 5
10 8 17
7 1 66
3 4 146
10
4 5 144
10 4 188
4 8 154
6 8 247
7 6 262
3 8 279
6 1 146
8 9 18
2 8 177
10
10 4 32
10 6 50
2 6 115
10 8 71
4 3 212
10 9 229
5 9 67
9 1 19
10 7 223
10
6 9 92
8 6 46
6 1 195
10 6 300
10 2 192
2 5 41
1 7 124
10 3 52
2 4 40
10
6 5 202
5 1 188
6 10 98
1 9 234
3 9 128
9 4 258
2 1 260
8 10 144
6 7 227
10
1 5 216
1 6 149
7 1 68
10 6 285
2 7 34
8 7 300
5 3 142
4 2 112
1 9 120
10
5 4 255
4 8 224
5 10 201
4 3 9
5 7 11
4 2 57
5 6 283
7 9 150
1 4 201
10
7 10 198
5 7 146
2 10 246
9 2 162
1 2 95
6 7 48
2 4 109
4 3 89
8 6 237
10
1 6 265
2 1 103
6 9 88
10 2 131
10 4 192
6 8 203
4 3 259
7 2 86
5 7 254
10
1 2 52
10 2 109
2 7 5
6 10 204
1 3 177
1 5 210
6 8 279
4 3 108
9 4 130
10
10 5 300
8 10 77
7 5 185
3 8 45
8 4 243
2 5 34
1 3 69
9 7 182
6 8 266
10
8 7 157
3 8 152
8 5 179
9 5 22
8 2 187
4 5 79
7 1 202
10 3 90
6 1 154
10
2 3 125
8 3 50
3 5 111
7 5 186
9 3 131
8 10 17
1 10 27
4 1 276
6 4 296
10
7 3 298
7 9 43
8 3 236
7 4 124
8 6 35
2 6 133
10 4 118
6 1 175
4 5 241
10
7 10 75
10 6 108
10 5 234
2 6 105
4 2 187
8 7 110
5 9 207
1 2 289
2 3 83
10
1 5 168
5 4 230
1 3 150
6 4 242
9 6 258
4 2 28
9 10 79
5 7 123
8 9 126
10
3 9 104
3 7 160
7 1 123
3 6 261
9 2 269
3 10 187
8 9 300
5 8 210
3 4 283
10
3 1 209
4 3 273
3 2 10
8 2 199
8 7 235
8 10 164
7 5 139
6 7 9
5 9 273
10
5 6 170
6 2 78
2 9 140
6 4 217
5 1 127
4 7 13
5 8 148
10 2 236
6 3 53
10
7 6 206
7 5 52
9 7 193
1 9 108
8 9 297
3 6 79
10 9 130
2 1 110
1 4 228
10
10 3 213
3 8 142
9 3 34
10 4 83
10 1 62
6 9 210
10 7 129
9 5 48
2 3 222
10
5 2 77
8 5 230
5 3 175
5 1 80
2 10 7
8 4 172
7 10 253
7 9 121
6 1 89
10
3 6 83
4 6 60
8 6 97
4 7 193
6 5 196
10 5 275
8 2 280
9 10 70
6 1 148
10
7 5 112
5 9 159
9 6 175
8 6 168
4 9 34
3 8 41
8 1 8
2 4 117
2 10 19
10
6 9 79
9 5 37
8 5 83
9 3 134
10 6 120
10 7 144
6 4 26
9 1 87
2 7 253
10
7 8 237
9 8 92
2 9 271
9 5 19
1 5 23
1 10 257
6 2 10
2 4 146
3 7 159
10
2 10 196
10 7 300
6 7 135
5 6 300
8 10 189
3 8 258
9 5 216
6 4 67
1 6 57
10
9 8 149
3 8 152
3 10 92
1 10 23
1 5 170
3 6 286
2 8 180
4 9 15
6 7 126
10
7 3 33
10 3 40
1 3 198
5 3 132
3 6 163
8 1 187
2 7 124
5 4 109
9 4 243
10
10 9 177
2 9 221
9 1 95
9 5 200
7 5 160
7 8 78
8 4 283
6 1 156
3 1 65
10
3 9 245
2 9 178
3 5 256
9 8 100
6 8 94
7 2 261
4 6 128
5 1 134
9 10 270
10
6 5 88
5 2 182
8 5 29
1 6 36
8 9 236
7 8 43
9 10 147
9 4 291
8 3 97
10
4 10 7
4 7 37
10 3 47
3 8 99
4 1 257
10 2 231
8 9 54
6 2 259
4 5 151
10
1 9 264
9 6 242
6 3 195
10 6 47
5 10 235
2 1 29
2 7 223
4 10 296
8 7 196
10
5 4 299
3 5 265
10 3 191
2 10 215
9 2 250
1 3 38
8 4 59
7 2 167
3 6 126
10
5 8 293
5 3 206
9 3 153
2 3 82
2 6 112
7 5 37
9 4 152
10 9 297
4 1 226
10
4 8 144
7 4 117
8 1 77
3 7 233
1 6 258
5 4 64
2 1 5
10 4 138
9 1 161
10
4 1 146
8 1 185
1 9 120
4 2 200
4 7 191
3 1 70
7 6 7
5 9 234
10 1 259
10
5 6 184
7 6 92
1 7 245
4 6 4
4 3 93
4 2 112
9 2 279
5 8 179
9 10 16
10
8 1 208
2 1 188
2 6 266
6 4 141
3 6 79
7 6 148
8 9 262
5 7 51
10 9 191
10
8 4 10
8 6 71
3 6 55
2 4 204
2 10 150
5 4 265
9 6 28
9 1 215
7 10 146
10
7 9 292
9 4 106
7 5 226
2 4 212
10 4 209
1 4 203
10 8 47
3 5 7
8 6 124
10
3 1 179
3 6 51
2 3 202
1 9 104
6 5 159
4 9 233
10 5 53
6 8 16
7 5 103
10
1 8 80
6 8 56
7 6 160
9 1 178
1 5 28
10 6 247
1 3 4
4 3 267
2 1 68
10
7 3 297
10 3 185
8 10 166
7 6 291
10 9 235
8 4 184
3 1 41
6 5 265
4 2 252
10
8 9 57
8 5 29
6 5 125
9 7 278
1 8 48
9 3 287
9 2 74
10 6 64
5 4 166
10
3 7 4
7 10 140
8 3 26
7 5 255
5 6 84
4 7 50
2 8 161
1 8 193
9 8 15
10
7 3 220
3 4 198
4 8 167
9 3 102
9 1 102
3 10 157
6 7 232
5 7 74
2 3 166
10
9 7 300
6 7 98
3 7 140
8 6 32
2 3 24
10 8 132
4 3 210
5 3 19
1 4 299
10
9 3 249
5 3 107
2 9 67
4 3 50
4 10 174
8 2 114
7 8 106
1 4 53
1 6 187
10
5 10 19
4 10 28
4 7 173
2 4 45
10 8 83
3 7 22
6 3 21
10 9 162
6 1 233
10
4 3 216
1 4 241
7 1 179
9 4 243
9 8 190
10 1 59
5 1 249
4 6 187
2 4 140
10
3 1 71
9 1 186
3 2 214
7 9 153
6 1 114
1 5 155
10 9 14
8 3 113
1 4 69
10
8 5 35
7 8 82
3 8 192
3 1 134
2 1 247
5 10 199
4 10 204
10 9 31
6 7 96
10
9 8 278
2 9 39
8 1 264
7 1 10
5 7 299
8 6 174
6 3 75
10 5 233
4 8 196
10
6 5 91
6 3 175
6 9 16
4 6 106
6 10 128
4 2 271
7 6 202
8 10 213
1 8 222
10
5 2 36
3 5 276
4 3 190
8 5 172
5 9 175
4 1 31
6 8 65
7 4 213
2 10 160
10
6 3 194
2 6 278
3 8 159
2 1 260
8 10 157
9 3 227
3 7 292
5 9 166
5 4 89
10
5 3 146
9 3 25
3 8 114
8 7 199
3 4 249
5 10 65
1 7 204
5 2 256
6 10 20
10
10 3 219
3 5 69
8 10 267
7 3 157
2 10 41
1 3 92
2 6 176
9 8 93
2 4 63
10
9 8 27
5 8 258
5 2 27
5 4 41
1 8 251
7 1 34
6 1 199
4 3 55
6 10 114
10
4 10 238
5 10 97
5 8 9
8 6 123
3 6 274
10 1 293
1 7 227
2 4 93
4 9 66
10
8 7 156
7 10 203
6 7 193
4 7 120
6 2 279
5 8 4
3 7 274
1 5 88
3 9 6
10
2 6 209
9 2 133
2 4 280
10 6 154
5 9 94
2 8 80
7 8 76
1 5 96
3 1 41
10
5 8 61
6 8 240
5 2 85
1 5 179
9 8 276
1 7 2
6 3 168
10 8 281
8 4 195
10
6 7 79
7 5 85
5 9 49
4 5 207
5 8 91
1 4 260
10 4 107
4 3 80
2 9 86
10
4 9 242
7 4 43
10 7 40
7 1 160
2 7 46
5 1 149
10 6 271
3 2 61
8 7 169
10
3 1 140
5 3 141
9 1 2
3 8 13
2 1 288
7 9 296
3 4 54
10 4 162
3 6 44
10
2 5 105
2 10 14
5 6 179
10 3 273
10 9 34
3 8 275
3 1 299
7 6 188
9 4 272
10
8 2 139
2 5 268
4 8 217
3 4 96
3 7 224
7 1 24
9 8 170
4 10 294
6 3 297
10
4 9 6
4 8 140
8 10 245
1 8 274
8 3 2
7 8 247
2 4 122
7 6 29
5 1 178
10
10 1 229
1 2 69
5 1 260
5 3 295
8 3 55
4 1 293
6 10 121
9 5 241
4 7 18
10
4 5 124
4 2 105
3 4 74
10 2 36
5 6 98
5 8 85
9 10 33
1 8 280
8 7 278
10
5 2 16
8 5 162
7 2 193
7 6 167
3 8 69
1 3 164
7 4 142
10 3 109
10 9 233
10
5 6 156
4 6 276
5 7 192
1 6 66
2 7 195
10 1 213
4 3 104
8 1 19
5 9 246
10
1 10 130
7 10 182
4 7 257
4 8 272
2 7 275
7 3 248
3 6 19
9 2 93
6 5 182
10
6 7 270
8 6 171
10 6 193
6 1 34
5 1 41
9 10 215
3 10 259
2 9 131
4 6 252
10
5 2 269
5 1 14
2 7 63
4 5 103
6 5 237
6 9 169
9 3 3
9 8 2
10 9 228
10
4 6 82
6 10 65
4 3 76
8 3 141
7 10 163
4 5 120
2 6 7
9 6 59
1 5 7
10
4 6 27
6 9 98
6 1 154
4 3 108
7 3 260
1 2 48
8 3 142
10 9 50
5 10 291
10
4 10 219
10 7 199
7 6 192
1 6 252
9 7 93
9 3 237
2 4 27
6 8 196
5 7 264
10
10 5 257
2 5 125
2 1 238
5 7 128
5 3 95
6 3 162
4 6 62
2 9 80
8 10 216
10
10 3 228
10 9 299
5 3 261
10 8 272
1 3 2
6 3 21
6 4 29
5 7 16
2 5 79
10
2 7 114
2 3 32
9 7 295
6 2 237
5 6 93
1 6 264
10 6 151
4 6 76
7 8 142
10
5 4 150
5 2 26
2 6 7
10 5 197
8 10 255
6 1 86
4 9 92
7 2 257
3 10 149
10
3 2 129
3 8 273
5 2 160
8 1 237
9 8 291
2 7 232
9 10 54
1 6 132
6 4 118
10
1 5 207
8 1 192
10 5 118
7 10 11
3 5 270
5 9 25
6 7 137
7 2 231
4 8 188
10
3 4 75
10 3 156
3 2 204
2 5 172
2 9 134
6 10 25
1 3 270
8 5 64
7 9 164
10
9 2 116
6 9 48
8 6 95
8 1 201
8 7 51
7 5 43
5 3 234
9 10 142
5 4 45
10
4 7 182
3 7 208
3 5 104
7 2 239
1 3 162
10 1 9
5 9 164
6 5 104
9 8 268
10
1 8 62
3 8 228
1 9 149
7 3 290
3 4 112
2 1 101
6 4 66
10 1 14
3 5 133
10
1 8 150
9 1 107
9 7 82
3 1 227
4 3 1
2 1 185
1 5 277
10 1 112
6 2 153
10
9 5 81
9 4 282
4 6 147
3 6 2
6 10 155
4 1 155
1 7 91
5 8 120
2 4 16
10
5 4 251
5 6 2
6 8 286
7 6 173
5 9 93
2 5 26
7 1 64
7 3 206
4 10 115
10
8 2 253
7 8 292
1 2 261
3 2 234
3 6 192
10 2 77
9 3 42
1 4 3
3 5 78
10
7 10 232
10 6 55
5 7 270
4 10 101
4 8 100
5 1 181
3 7 88
9 4 226
1 2 192
10
6 1 143
5 1 6
9 5 229
6 3 250
2 6 282
3 8 109
10 1 51
1 4 259
1 7 280
10
9 10 266
9 1 75
10 3 200
3 6 135
7 1 148
1 2 244
5 2 61
6 8 288
4 2 194
10
1 5 63
1 9 279
2 9 40
1 6 225
2 4 209
1 10 123
6 8 106
4 3 259
2 7 287
10
2 8 165
2 3 11
7 3 277
8 1 20
4 8 270
6 7 272
5 3 62
9 7 101
7 10 179
10
4 10 32
1 10 80
1 3 161
9 1 123
10 6 199
8 3 184
1 2 277
2 5 148
9 7 52
10
7 10 74
9 7 154
5 9 233
1 5 235
5 4 92
2 7 217
8 5 4
2 3 118
1 6 231
10
5 6 274
5 3 172
6 10 49
1 3 118
2 5 112
2 8 259
1 9 226
3 7 123
1 4 164
10
3 8 29
3 4 187
9 3 226
2 4 122
5 9 291
8 10 27
6 5 216
7 4 172
1 5 45
10
7 1 56
1 9 29
7 5 242
4 7 147
10 4 199
9 3 110
9 2 264
4 6 278
10 8 248
10
2 7 214
2 9 133
6 7 110
10 9 42
4 9 1
7 5 173
1 2 220
3 9 186
3 8 288
10
6 10 92
6 4 13
7 6 199
3 7 202
9 6 144
1 3 201
7 8 285
2 9 294
5 9 188
10
9 5 88
9 1 93
9 3 153
3 10 102
5 2 170
7 3 165
2 8 254
2 6 171
4 3 199
10
6 3 273
3 2 202
2 10 167
10 8 160
3 7 282
3 5 80
3 1 12
4 2 290
9 6 107
10
6 10 40
2 10 289
5 6 231
1 6 134
5 3 66
10 7 265
6 4 4
9 5 9
7 8 70
10
3 2 198
1 2 123
6 1 79
2 4 118
7 1 241
10 6 43
9 2 252
8 6 37
6 5 46
10
6 3 34
5 6 278
5 9 173
7 3 236
1 5 29
9 10 264
9 8 240
3 4 41
7 2 214
10
5 1 216
3 5 275
1 9 240
7 3 249
9 2 29
8 2 11
3 6 201
7 10 175
4 7 76
10
4 1 105
4 2 27
10 4 22
7 2 176
2 9 84
4 5 251
6 1 250
3 5 258
6 8 183
10
7 4 227
1 4 286
2 1 16
7 6 203
2 8 109
3 4 190
3 9 84
2 10 69
7 5 85
10
10 8 136
1 8 189
8 9 186
7 10 249
3 9 47
9 5 233
2 9 139
6 9 29
4 3 184
10
9 1 118
1 6 119
1 2 106
1 8 165
9 10 268
5 2 156
3 2 33
9 4 28
7 6 57
10
1 4 116
8 1 261
5 1 124
1 7 173
8 9 227
2 5 226
6 5 78
2 10 254
10 3 203
10
9 1 83
10 9 278
10 4 14
2 10 261
5 1 148
7 5 121
6 9 211
8 5 51
3 5 81
10
2 7 241
2 10 189
10 8 227
8 5 81
9 10 159
6 9 244
7 1 193
3 10 285
1 4 175
10
4 10 175
1 4 58
10 3 70
2 10 230
7 2 54
1 5 17
10 8 34
10 6 254
3 9 159
10
5 4 256
4 3 135
4 6 210
3 2 201
1 4 67
7 1 83
2 8 62
9 5 75
10 9 116
10
5 3 22
5 1 53
10 5 167
7 1 73
9 3 288
8 9 108
5 2 228
7 6 237
4 8 134
10
5 7 49
7 2 285
10 5 41
7 4 33
1 5 176
8 4 235
9 8 11
3 2 116
7 6 2
10
3 4 255
10 3 41
5 4 10
6 5 208
9 3 138
2 5 37
1 9 106
9 7 270
7 8 76
10
10 8 145
9 8 203
7 10 91
3 8 141
4 3 62
7 1 70
2 1 199
7 6 99
5 4 141
10
4 9 300
5 4 265
10 9 139
10 8 191
7 4 101
10 2 187
4 3 22
1 3 78
2 6 114
10
6 4 147
6 5 71
5 10 248
3 5 53
4 7 16
1 6 152
9 6 40
2 3 74
7 8 293
10
9 4 239
9 8 202
2 9 193
9 5 226
6 8 229
9 3 210
7 3 81
10 2 89
1 5 7
10
5 6 213
5 4 99
1 6 49
4 10 37
6 7 200
4 8 55
7 2 55
5 3 8
1 9 36
10
6 4 296
4 3 216
7 6 10
9 3 65
5 6 268
1 7 268
10 7 22
8 7 143
2 7 189
10
7 5 189
6 5 114
8 6 65
6 2 197
4 6 97
1 7 208
3 5 271
10 2 292
9 2 157
10
8 5 170
3 5 47
8 1 141
1 9 18
10 8 27
7 3 64
8 4 45
10 2 109
2 6 181
10
7 6 226
6 8 234
7 1 164
8 10 96
4 1 164
10 9 42
7 5 270
6 2 185
3 9 154
10
8 10 219
9 10 26
9 5 126
6 5 50
6 2 105
4 5 250
10 3 62
7 8 4
1 3 45
10
3 10 160
3 8 51
9 3 92
8 7 56
5 9 34
2 3 125
10 6 214
4 9 246
8 1 298
10
8 5 204
10 5 266
7 5 170
8 4 73
7 3 294
9 4 50
2 10 79
10 1 28
5 6 96
10
9 3 26
9 2 250
5 2 194
5 8 195
8 10 82
5 4 72
6 9 114
7 8 229
1 9 39
10
5 3 170
3 8 155
7 3 2
10 7 215
6 8 63
5 9 143
4 3 68
10 1 136
7 2 90
10
9 3 85
9 6 232
10 3 150
9 7 26
2 10 22
5 6 220
8 5 43
2 1 230
4 6 72
10
2 8 153
6 8 110
6 4 37
4 5 29
6 10 299
3 6 81
7 2 231
10 9 172
1 4 267
10
7 6 136
7 8 64
6 4 284
3 4 205
5 6 263
5 2 205
7 1 75
3 10 271
3 9 24
10
10 4 55
3 4 292
2 10 65
2 9 33
1 2 242
3 8 233
7 10 31
1 6 48
5 3 101
10
6 9 100
7 6 276
1 9 219
4 6 217
3 1 133
10 6 252
6 2 263
8 6 218
3 5 222
10
3 4 293
3 10 137
3 7 222
1 10 38
5 3 171
10 6 22
8 7 286
10 2 273
4 9 62
10
1 8 34
7 8 255
8 3 251
7 9 125
2 7 116
1 5 184
10 2 73
6 8 254
4 9 242
10
3 7 142
3 4 110
7 5 115
6 7 48
3 10 50
3 8 13
7 1 286
9 8 36
9 2 237
10
7 6 284
6 10 267
3 10 105
4 6 172
3 5 42
8 5 61
10 9 152
6 2 23
10 1 264
10
3 4 204
6 4 300
6 8 91
6 9 73
6 2 213
3 10 86
8 5 162
6 7 182
1 2 9
10
8 4 208
5 4 300
8 2 141
7 5 27
1 8 81
9 1 61
7 10 165
6 2 265
3 2 154
10
8 4 297
8 7 9
8 9 45
8 3 56
3 6 117
6 5 208
7 10 275
1 5 196
2 10 65
10
1 4 170
9 1 56
1 8 64
3 8 97
3 5 126
9 6 121
7 6 252
10 5 130
2 1 168
10
1 9 146
10 1 270
3 10 102
9 6 262
6 8 240
3 7 300
5 10 143
3 4 296
2 7 223
10
7 5 202
7 6 231
5 10 168
9 7 135
9 3 72
10 8 244
6 1 103
2 8 60
4 2 275
10
4 6 5
5 6 248
3 5 161
3 2 264
9 6 15
6 8 226
7 8 279
8 1 10
8 10 228
10
9 8 108
8 10 50
8 7 262
1 8 147
2 8 149
7 5 196
10 6 121
5 4 42
6 3 209
10
1 3 266
8 1 286
2 1 180
6 8 122
10 6 82
1 4 218
7 3 190
5 7 140
1 9 95
10
1 5 188
5 3 235
5 2 185
6 5 101
4 2 260
8 6 236
6 7 47
10 3 96
10 9 193
10
7 9 80
7 8 71
7 5 189
8 10 186
8 2 181
4 8 119
6 9 143
1 2 156
1 3 42
10
1 5 268
5 6 22
1 10 27
9 1 4
3 6 30
4 6 294
2 10 238
9 8 287
8 7 264
10
7 5 217
7 1 259
7 6 125
5 4 88
1 3 241
9 5 108
10 7 193
8 1 14
3 2 71
10
9 1 180
9 6 24
3 6 125
9 5 30
7 9 12
2 6 123
10 2 55
8 1 190
4 3 216
10
8 4 253
4 5 260
2 5 237
2 7 182
3 7 34
10 7 155
9 4 101
2 1 56
6 5 110
10
4 1 199
1 2 265
7 2 133
10 4 285
10 6 5
1 3 259
5 10 89
8 7 92
9 8 195
10
9 1 4
8 1 92
4 1 201
3 9 287
5 8 104
6 8 215
2 5 31
7 5 195
3 10 190
10
6 8 154
8 10 3
6 9 276
2 9 40
2 4 35
3 2 119
1 2 23
10 5 270
8 7 211
10
6 9 45
9 2 212
4 6 292
2 10 190
6 7 171
10 3 98
10 8 153
10 1 251
5 4 284
10
10 9 83
9 3 97
7 9 68
6 10 209
10 8 161
10 2 221
1 2 281
6 4 111
5 4 25
10
3 10 158
6 3 158
8 6 84
1 8 184
3 7 163
5 1 138
2 10 6
6 4 154
6 9 190
10
1 9 30
8 9 156
1 7 202
7 4 142
9 10 153
7 3 48
2 9 256
4 5 115
4 6 241
10
9 8 80
9 2 180
8 4 19
9 1 261
5 8 1
3 4 279
3 7 184
6 3 242
10 5 287
10
2 4 61
4 8 210
7 8 128
7 10 126
2 6 226
1 8 246
4 3 60
4 5 198
8 9 83
10
2 5 88
2 8 186
5 10 272
3 8 180
10 6 34
5 1 2
3 7 123
9 6 153
2 4 3
10
8 10 280
8 9 177
9 7 234
9 3 298
9 5 95
3 6 246
1 9 208
9 2 110
4 5 194
10
10 9 150
4 10 90
9 2 127
8 4 50
9 1 244
4 3 38
6 3 139
3 7 92
5 9 51
10
8 2 28
10 8 85
8 1 264
9 8 227
10 4 49
8 6 220
7 6 64
2 5 208
3 2 120
10
5 6 42
10 5 17
3 10 74
3 9 70
6 8 23
4 5 3
2 4 67
9 7 38
6 1 299
10
7 9 70
7 1 66
1 2 193
1 5 197
3 7 83
5 4 115
1 8 100
9 10 219
3 6 176
10
5 9 232
6 5 134
6 1 273
5 3 193
4 5 220
7 4 126
10 1 44
2 4 162
7 8 220
10
5 3 282
5 6 40
6 9 35
8 3 139
4 3 269
2 5 121
10 6 202
7 2 241
1 4 241
10
6 2 284
2 9 51
9 4 178
2 1 10
4 10 280
2 3 53
1 5 287
6 8 289
7 3 218
10
3 5 211
3 8 11
10 3 239
6 5 240
1 3 281
6 7 73
8 9 63
3 4 279
8 2 135
10
8 5 255
4 5 232
8 2 113
7 8 223
9 5 206
10 8 210
1 5 83
5 6 46
3 7 202
10
8 1 27
8 5 94
1 10 268
3 5 110
3 7 2
9 1 293
6 8 237
2 3 83
2 4 157
10
10 1 90
1 9 109
10 5 268
5 3 53
7 5 5
6 10 123
10 4 291
2 10 238
10 8 6
10
8 4 149
8 1 112
8 10 47
3 1 16
9 3 57
1 6 297
10 7 166
2 3 259
5 9 33
10
2 6 110
6 4 247
2 3 159
3 9 69
8 4 178
4 10 60
1 6 79
7 2 247
7 5 53
10
10 3 194
9 10 281
9 7 212
7 8 238
5 7 119
7 4 9
1 7 122
1 2 252
3 6 41
10
2 7 88
7 5 287
5 1 262
5 3 214
7 6 18
7 8 268
8 10 146
4 3 174
6 9 196
10
10 6 192
4 6 142
10 9 108
1 9 267
2 9 283
7 10 157
9 3 142
10 8 229
5 1 173
10
3 2 110
10 3 187
5 2 251
1 10 283
7 3 236
1 9 218
10 8 97
3 6 2
5 4 53
10
8 5 245
1 8 214
7 1 127
5 6 96
1 3 299
2 5 287
6 4 134
10 4 148
9 10 287
10
6 1 254
6 4 42
4 10 106
4 3 276
5 10 43
6 2 259
6 8 280
8 9 253
9 7 145
10
8 4 102
5 4 144
1 4 79
5 3 6
6 3 110
9 1 202
5 7 227
9 10 105
3 2 177
10
8 6 46
9 6 194
1 8 114
2 6 219
8 10 27
8 4 125
1 5 286
7 8 64
3 9 263
10
1 10 278
10 6 157
4 10 255
6 7 88
6 5 171
2 1 80
3 2 92
8 2 99
9 8 227
10
4 3 140
3 2 124
4 8 71
9 2 80
7 2 73
10 4 288
4 6 127
5 10 73
1 8 154
10
3 6 112
6 1 209
6 7 260
2 6 169
9 2 240
1 4 178
6 8 101
5 8 169
3 10 278
10
5 7 69
6 7 106
5 10 101
6 2 141
5 9 190
5 4 268
8 9 273
5 3 91
3 1 246
10
9 2 169
9 8 83
9 4 247
8 3 39
8 6 25
3 1 160
2 7 133
7 10 8
7 5 55
10
3 2 172
3 4 157
1 3 114
5 2 291
10 2 170
5 6 60
2 8 136
3 7 126
6 9 222
10
6 10 80
5 6 153
7 6 131
10 3 34
5 1 213
7 8 77
10 9 216
2 7 136
2 4 181
10
7 2 196
4 2 272
7 1 202
7 3 212
6 4 283
8 1 112
10 3 7
4 9 294
10 5 13
10
7 8 133
6 8 283
8 10 147
1 10 140
5 8 92
2 5 270
9 7 10
10 4 203
3 8 97
10
3 2 248
7 3 272
6 3 151
1 7 17
5 2 124
9 3 247
6 4 215
5 8 147
10 6 275
10
2 5 278
5 10 129
2 7 167
7 1 240
8 1 264
1 9 3
6 5 170
6 3 20
10 4 7
10
9 7 14
9 4 290
10 9 52
9 6 221
1 4 152
8 6 76
2 6 78
4 5 238
3 10 194
10
10 6 242
7 10 247
10 2 49
2 8 18
7 3 208
5 3 94
1 3 124
3 4 155
4 9 253
10
7 3 235
7 1 48
7 9 218
5 1 279
2 9 55
3 6 101
6 4 66
1 10 59
8 5 160
10
5 9 297
4 9 47
5 8 108
8 7 267
6 8 92
1 5 166
8 2 61
9 10 187
3 6 78
10
9 5 127
1 9 115
2 5 160
2 10 215
3 1 18
3 8 175
9 6 223
5 7 213
3 4 24
10
6 9 119
10 9 229
6 7 207
4 7 288
7 5 215
8 5 237
1 8 180
10 3 138
4 2 129
10
5 10 158
5 4 277
3 5 104
5 6 7
7 6 111
6 8 289
5 9 254
1 8 246
1 2 156
10
1 6 86
6 4 139
4 7 141
10 6 287
8 1 300
3 1 286
8 9 99
5 8 141
2 3 161
10
9 1 159
9 7 215
4 9 103
4 5 2
10 7 46
7 8 13
2 8 142
10 3 269
6 2 10
10
5 8 176
4 5 57
1 5 202
9 8 273
3 1 64
10 8 20
4 6 143
8 7 162
9 2 255
10
6 9 27
9 10 285
3 6 289
6 2 117
2 8 246
5 2 162
4 9 47
7 2 17
1 10 203
10
6 4 70
3 6 294
4 9 285
2 4 279
10 6 107
1 3 144
10 7 47
5 4 69
1 8 286
10
7 6 273
4 6 280
2 4 248
9 4 43
2 1 275
5 9 49
5 8 185
7 10 22
10 3 7
10
9 5 76
5 3 106
5 1 246
5 6 255
7 9 168
10 3 162
4 7 233
7 2 65
10 8 286
10
2 5 170
4 5 37
5 3 66
3 1 135
3 10 286
3 9 245
6 1 239
7 10 253
8 9 242
10
6 5 16
4 6 189
8 6 141
6 3 96
5 1 113
10 4 53
7 5 193
9 6 118
8 2 40
10
4 5 10
5 10 120
5 3 113
10 8 251
7 5 120
9 5 146
1 10 219
10 6 71
1 2 195
10
2 7 261
2 4 45
3 4 24
4 8 184
9 2 136
10 8 120
1 10 246
5 3 299
6 10 269
10
4 2 135
1 2 200
1 3 251
5 1 190
6 1 107
4 9 258
6 8 14
7 6 42
2 10 164
10
1 5 106
9 5 166
10 1 154
4 1 189
3 10 127
8 1 268
3 7 35
2 4 131
5 6 157
10
7 6 158
1 6 248
7 3 87
6 10 284
10 8 1
10 2 286
5 6 23
5 4 122
9 3 165
10
6 5 72
10 6 2
5 2 233
5 1 299
8 10 180
2 4 9
7 8 200
8 3 117
3 9 105
10
8 9 251
9 1 227
8 10 25
2 9 59
10 4 187
3 8 294
10 6 100
1 5 200
7 5 114
10
1 2 154
1 10 80
2 3 195
1 7 79
5 2 188
8 5 279
10 6 238
10 4 68
5 9 274
10
4 1 166
2 1 296
8 2 27
8 6 89
10 4 202
10 3 190
5 1 32
7 2 280
9 5 42
10
2 3 119
2 5 86
3 1 65
8 3 182
5 9 10
5 6 133
4 2 229
7 6 262
10 5 228
10
8 10 34
10 3 89
5 10 297
2 5 25
10 1 46
3 4 109
6 8 83
9 8 43
9 7 255
10
8 3 128
7 8 160
5 7 125
1 3 55
5 4 252
2 4 209
9 2 50
10 2 91
7 6 99
10
3 9 253
8 9 193
1 3 164
9 5 214
5 4 287
7 9 137
10 3 241
2 9 106
6 3 265
10
10 9 183
8 9 39
2 10 246
10 1 272
7 8 189
4 8 254
9 6 296
8 5 22
3 4 226
10
4 1 151
3 4 245
4 6 109
4 2 110
4 10 297
5 4 5
7 5 116
9 6 282
1 8 196
10
4 7 287
7 9 179
9 6 153
9 3 239
7 10 104
7 2 214
5 2 264
1 4 203
8 9 274
10
9 4 121
1 4 217
8 1 119
9 2 64
3 2 118
9 7 230
10 4 233
6 7 296
1 5 6
10
5 4 274
5 6 73
2 5 257
9 4 220
7 5 118
3 9 112
1 9 84
10 1 264
9 8 154
10
8 9 32
3 9 122
10 8 157
10 1 50
8 6 67
9 4 254
7 9 127
7 2 300
5 4 112
10
1 10 163
10 9 99
3 1 162
2 10 10
2 4 48
3 5 55
9 6 157
1 8 111
10 7 58
10
7 9 278
6 7 142
8 9 215
2 7 280
2 5 199
10 6 243
3 7 138
4 10 175
3 1 7
10
9 10 51
9 8 227
2 10 73
2 3 1
8 1 284
1 4 13
10 5 242
4 6 190
10 7 26
10
7 10 121
10 6 127
10 4 225
5 10 110
4 3 255
8 3 242
4 1 94
9 5 127
7 2 137
10
6 7 26
1 7 90
5 7 43
6 2 10
6 10 46
1 9 58
2 3 271
7 4 65
8 10 106
10
9 10 185
9 2 84
9 8 227
3 9 56
10 5 101
8 6 175
1 2 137
4 8 195
7 5 275
10
8 4 250
10 4 293
7 4 22
9 7 138
8 5 228
4 1 59
1 3 221
4 6 139
9 2 240
10
7 5 10
7 6 292
7 3 10
9 7 31
9 8 254
2 9 25
8 10 92
10 4 44
1 7 138
10
1 7 11
3 7 265
9 7 168
9 2 94
8 9 186
7 5 296
9 4 197
6 1 117
10 4 275
10
6 1 31
5 1 51
10 1 287
6 3 158
3 4 103
10 8 17
6 2 86
6 9 290
8 7 170
10
3 10 147
2 10 81
3 9 126
9 4 136
4 6 89
10 1 166
10 5 129
4 7 1
7 8 215
10
5 8 237
2 8 225
8 3 53
3 6 86
5 10 90
1 8 161
9 5 60
4 8 146
5 7 65
10
8 2 26
3 2 33
2 10 31
5 2 17
1 3 209
2 7 154
5 6 148
4 10 97
9 1 268
10
2 3 92
4 2 300
3 10 156
2 1 172
3 5 135
3 7 214
4 6 138
4 8 172
9 7 61
10
7 1 258
7 3 118
1 9 82
1 10 273
4 1 156
10 8 15
10 5 160
2 5 223
6 8 55
10
3 2 75
2 5 73
1 2 171
5 8 229
10 5 121
2 9 56
7 8 36
6 10 113
6 4 96
10
7 5 106
2 7 248
3 5 293
2 1 236
1 10 122
4 10 296
7 6 167
4 9 47
7 8 161
10
5 7 177
4 5 263
7 2 281
2 6 87
2 3 26
5 10 268
7 1 255
1 9 162
6 8 259
10
9 7 7
2 9 196
7 1 70
3 1 248
9 4 170
10 1 229
5 3 91
3 6 30
9 8 25
10
1 2 6
2 6 64
2 7 205
1 4 23
2 10 14
1 8 43
6 5 153
3 6 151
7 9 34
10
2 6 266
3 6 201
5 6 116
7 3 59
2 1 205
3 9 150
7 8 96
4 8 48
10 9 22
10
1 8 49
1 4 291
7 1 269
7 6 237
5 8 65
6 9 46
7 2 43
3 4 122
10 2 71
10
9 8 98
8 10 26
10 4 225
5 8 73
8 7 238
2 9 234
1 8 204
9 6 27
1 3 215
10
10 6 233
7 6 203
2 10 11
2 9 135
5 7 241
4 7 284
1 9 284
3 4 164
3 8 62
10
3 4 255
1 4 54
6 1 179
5 6 57
3 8 144
7 4 238
9 6 49
2 7 72
10 5 24
10
10 6 180
9 6 68
9 1 177
10 2 80
7 1 21
3 9 111
5 9 40
4 7 42
8 1 182
10
8 4 139
4 1 240
1 2 199
1 5 215
5 6 194
8 7 222
3 1 160
9 3 98
10 5 174
10
7 8 217
7 10 45
8 9 33
3 8 234
9 2 297
5 2 260
6 10 50
2 1 96
2 4 253
10
8 2 127
2 5 249
3 5 59
7 3 81
9 2 19
2 6 295
6 1 298
8 4 202
10 7 258
10
1 10 82
9 1 72
1 5 101
10 6 77
9 4 272
3 9 27
3 2 230
10 7 148
4 8 152
10
1 3 170
9 3 168
7 9 212
3 2 65
4 9 245
3 8 263
1 5 181
7 6 110
9 10 237
10
10 6 141
4 6 125
8 4 163
9 10 96
5 10 120
7 4 33
8 2 96
1 2 170
8 3 207
10
7 2 53
2 5 69
2 9 140
5 8 218
2 6 239
6 10 152
9 1 197
3 1 179
4 3 231
10
7 6 228
6 10 110
9 7 81
8 6 95
5 9 239
7 2 16
4 6 271
2 1 269
9 3 159
10
4 10 10
8 4 45
7 8 220
10 9 195
9 3 45
1 3 194
5 7 262
5 2 94
7 6 243
10
7 6 252
1 6 131
6 9 291
8 7 118
4 1 110
1 3 259
2 9 206
5 4 219
10 3 22
10
9 7 121
2 7 122
8 7 31
10 8 287
9 3 257
1 8 49
10 4 125
2 5 40
6 7 193
10
10 1 204
7 10 7
10 2 52
6 7 189
6 3 2
8 3 261
8 4 167
1 9 237
6 5 142
10
5 8 278
8 2 185
9 8 64
1 9 78
1 7 51
4 5 183
4 3 250
3 6 36
10 2 149
10
3 9 225
2 3 265
9 1 145
9 4 257
1 5 251
7 4 34
8 1 116
3 6 220
10 7 4
10
10 1 137
1 3 273
10 6 232
6 2 144
8 2 58
5 2 119
8 9 89
4 6 58
7 9 9
10
8 9 37
8 10 57
6 8 39
10 4 16
5 6 195
8 2 207
4 1 206
1 7 115
10 3 197
10
5 6 54
5 3 27
3 2 268
5 4 296
8 4 138
10 6 74
1 3 253
10 7 294
4 9 266
10
10 3 294
4 3 232
5 10 176
6 4 186
5 9 271
8 9 78
7 3 73
2 10 10
1 2 280
10
7 2 80
3 2 194
1 7 182
4 1 77
8 3 128
1 6 113
6 10 14
5 4 253
9 10 103
10
5 3 2
6 3 241
7 5 3
2 3 11
5 1 279
3 10 240
6 4 139
8 2 260
7 9 32
10
9 3 146
9 2 266
10 2 232
5 9 274
8 9 3
7 9 272
6 10 84
4 3 78
9 1 115
10
5 1 76
5 3 26
9 5 23
4 9 27
7 4 196
6 7 203
2 4 93
3 8 89
3 10 97
10
9 10 13
10 6 92
9 2 170
2 5 139
6 3 154
10 4 201
6 1 182
7 6 165
7 8 297
10
8 1 148
6 8 134
5 8 259
9 6 156
1 4 48
1 10 162
5 7 136
3 6 35
2 10 215
10
8 4 154
4 5 142
1 4 146
8 2 145
3 2 207
1 10 1
7 2 205
6 2 295
6 9 23
10
1 6 59
7 6 169
7 4 57
5 1 113
10 6 161
9 6 26
10 2 99
8 7 15
3 4 77
10
8 3 24
7 8 163
4 8 186
6 4 283
9 6 3
1 3 249
5 6 10
1 10 258
3 2 245
10
6 9 51
7 6 74
8 6 291
10 8 253
5 10 39
7 3 97
4 6 142
1 6 204
2 4 123
10
3 4 214
4 5 41
5 10 124
4 8 88
7 8 155
9 10 291
4 2 267
8 1 196
4 6 243
10
5 10 156
9 10 245
4 10 239
9 8 31
6 9 166
1 9 24
8 3 173
2 10 180
6 7 28
10
6 10 164
10 7 183
6 3 115
8 3 196
10 1 194
7 2 98
5 8 176
10 4 78
4 9 186
10
4 8 157
4 6 172
4 2 136
4 5 123
7 2 118
4 1 185
7 9 61
10 6 91
10 3 180
10
5 6 285
5 7 208
4 7 297
5 2 36
2 10 267
8 5 99
1 2 28
5 9 76
3 4 27
10
4 2 265
4 6 153
3 2 17
4 5 20
8 4 26
1 8 1
9 1 259
7 5 44
10 8 132
10
9 1 7
1 4 250
2 4 104
1 5 268
3 2 280
9 10 269
5 7 175
6 5 276
5 8 193
10
1 3 289
1 9 242
3 8 251
9 5 50
6 8 218
7 9 26
8 2 158
4 3 102
10 7 246
10
2 6 221
10 2 87
1 10 240
10 4 162
8 1 96
2 7 114
9 2 174
5 4 105
3 8 264
10
6 10 24
10 8 98
6 7 215
7 3 182
6 2 30
8 1 117
5 8 193
7 4 247
3 9 162
10
6 3 282
1 6 111
1 7 12
10 7 280
4 6 85
4 5 23
2 7 163
6 9 270
1 8 48
10
8 9 265
8 7 232
2 9 256
3 2 86
4 3 297
10 3 48
8 6 160
1 4 34
1 5 234
10
4 6 185
4 1 115
4 5 46
6 8 250
3 8 254
3 7 240
3 9 108
6 10 178
5 2 223
10
5 6 259
3 5 148
1 5 174
3 9 26
10 6 133
8 10 88
2 3 266
2 7 169
2 4 142
10
7 5 249
5 3 268
9 3 269
8 7 184
6 7 115
10 6 251
5 4 19
8 2 31
8 1 242
10
2 3 148
2 6 65
6 8 272
8 1 298
3 7 297
9 6 127
2 10 151
5 2 254
4 8 88
10
2 8 65
9 8 169
3 9 54
9 10 12
3 5 122
1 8 7
6 1 78
7 10 170
1 4 102
10
5 2 220
4 2 4
5 9 297
5 3 165
5 10 39
4 7 300
5 6 133
1 3 165
2 8 8
10
7 4 198
1 7 86
4 10 108
4 5 47
6 7 16
3 10 280
7 2 135
9 6 277
3 8 299
10
9 1 7
3 1 168
5 1 104
10 9 183
2 9 265
1 4 297
6 5 152
8 4 117
7 2 187
10
10 2 283
8 10 24
1 2 179
4 10 153
4 9 286
7 9 289
3 4 220
6 10 167
5 1 99
10
5 3 234
5 8 293
8 10 9
10 4 258
9 5 102
4 1 240
8 7 68
6 5 86
2 1 200
10
7 6 264
7 5 40
1 6 152
7 9 101
2 5 211
6 4 136
7 10 15
7 3 250
8 3 258
10
4 3 204
4 6 231
4 1 122
3 10 290
7 1 11
2 3 60
9 4 262
1 8 221
4 5 147
10
7 1 156
8 7 4
8 5 71
8 4 198
2 8 74
3 8 122
9 3 28
3 6 6
10 4 224
10
10 7 282
7 2 162
2 3 52
10 9 185
8 9 241
8 6 223
10 5 214
5 4 118
1 3 231
10
10 5 46
5 8 157
8 2 274
8 7 192
2 1 72
9 2 246
7 6 130
5 4 284
3 8 39
10
3 7 225
3 1 18
1 2 115
3 8 42
4 1 245
9 4 23
3 10 245
8 5 104
9 6 93
10
5 1 248
5 3 192
4 5 271
5 2 138
2 7 139
5 6 240
6 8 205
7 9 25
10 8 230
10
7 5 107
6 5 296
10 7 278
10 2 101
4 7 131
10 3 150
8 4 137
1 4 111
1 9 68
10
4 8 139
8 7 203
4 9 103
9 1 239
2 8 114
6 1 171
10 8 162
5 9 258
4 3 77
10
8 5 262
4 5 89
10 5 77
2 10 168
7 2 136
2 9 15
6 5 200
8 1 119
5 3 270
10
4 1 31
1 8 165
8 5 246
6 1 185
8 2 110
5 3 271
4 9 223
8 7 79
10 6 111
10
10 2 248
9 2 227
10 7 246
3 2 232
5 7 180
5 4 56
8 10 158
1 7 39
6 1 12
10
6 2 54
2 7 202
6 8 261
7 10 257
1 6 52
9 8 60
7 4 95
4 5 206
10 3 26
10
1 3 199
8 1 250
1 6 125
8 2 270
10 6 179
1 7 284
4 1 54
6 9 16
7 5 242
10
8 3 259
5 3 27
8 1 70
1 6 261
8 4 196
4 9 284
2 3 94
7 5 203
10 9 146
10
7 2 272
2 9 277
2 10 101
5 7 48
4 9 18
2 3 119
5 1 229
3 8 124
6 4 96
10
8 3 123
6 3 89
4 8 298
6 9 203
4 5 241
6 10 192
9 2 293
7 6 128
5 1 30
10
10 5 128
7 10 153
5 1 257
8 5 180
2 10 145
4 7 249
3 10 222
10 6 151
9 2 90
10
9 5 73
9 6 237
9 8 28
6 1 232
1 4 157
3 9 253
6 10 157
1 7 215
5 2 42
10
4 9 234
10 4 188
4 5 175
7 10 67
1 9 180
3 4 24
4 2 277
5 8 195
3 6 238
10
6 7 228
7 4 278
7 5 189
1 6 63
5 9 151
10 9 24
9 8 188
2 6 78
7 3 57
10
3 10 274
6 10 270
1 6 228
1 5 33
8 6 21
10 4 295
5 9 210
2 4 237
7 9 89
10
3 6 167
6 9 42
3 10 185
5 9 132
5 8 276
7 5 63
7 2 119
5 1 209
3 4 36
10
7 8 34
4 7 98
4 2 107
8 9 162
10 4 19
2 6 185
3 10 234
2 5 250
1 2 166
10
8 7 237
7 3 46
3 10 239
3 4 163
5 8 274
1 5 194
3 6 115
9 4 204
2 7 233
10
10 5 171
5 7 84
10 6 123
1 7 192
1 8 265
6 4 121
3 5 91
9 3 118
2 10 129
10
9 4 6
9 1 238
1 8 26
2 4 197
8 3 230
2 6 41
2 10 263
5 1 24
6 7 228
10
6 8 118
10 6 41
10 7 79
5 10 194
5 3 76
9 10 93
4 6 291
1 8 39
2 7 177
10
9 1 123
9 3 91
3 2 242
7 2 228
6 9 124
10 6 196
2 4 125
8 1 22
5 2 68
10
5 3 165
1 3 191
10 1 130
2 3 81
3 7 74
8 3 185
6 8 209
4 8 213
9 5 112
10
7 8 219
6 7 27
1 7 218
2 7 134
2 4 190
10 2 219
8 9 247
3 8 143
7 5 187
10
8 10 279
10 3 44
8 5 166
3 4 274
6 4 272
4 2 69
3 1 105
7 3 288
9 3 51
10
2 5 225
5 3 191
4 2 148
6 4 256
8 3 184
7 5 210
1 4 201
8 10 197
8 9 71
10
2 9 40
8 2 127
2 3 5
1 3 126
2 10 79
5 2 51
9 7 155
9 6 282
4 10 244
10
9 1 187
9 8 20
7 1 283
3 9 298
9 4 80
8 2 109
2 5 149
2 6 232
10 5 93
10
4 2 232
5 2 180
4 6 250
5 3 120
6 10 241
8 6 202
4 7 299
2 9 212
7 1 63
10
9 8 64
4 9 246
10 4 280
5 8 19
9 6 96
1 8 60
4 7 1
4 3 89
6 2 237
10
7 1 145
7 9 5
10 9 53
7 3 246
3 8 187
5 1 127
2 9 32
6 7 126
5 4 115
10
5 10 200
8 10 44
8 3 214
4 5 25
8 2 165
2 6 163
10 9 26
7 2 192
10 1 269
10
1 6 97
1 3 150
9 3 84
5 6 196
5 2 100
1 4 87
6 8 7
7 1 181
4 10 13
10
3 1 294
1 5 128
2 1 278
10 2 55
2 7 245
8 10 89
6 2 234
9 1 50
4 10 111
10
8 9 32
5 9 242
10 9 152
5 1 13
9 2 291
4 1 161
1 7 258
3 2 101
1 6 122
10
6 3 76
7 3 194
7 5 178
4 6 291
7 2 74
9 2 293
4 1 269
10 9 55
7 8 233
10
3 2 147
4 3 157
3 9 210
6 4 29
1 6 23
7 2 160
8 9 77
8 10 273
3 5 115
10
3 4 119
6 3 142
10 4 126
7 10 27
6 2 141
10 5 228
1 2 144
6 9 204
6 8 164
10
2 6 240
6 3 70
7 2 226
10 7 33
4 2 66
8 10 3
10 1 104
9 6 20
7 5 122
10
10 4 16
10 8 24
4 6 198
10 3 13
7 8 16
4 2 114
9 2 76
8 1 187
1 5 253
10
10 2 208
3 2 94
1 10 146
3 5 271
7 10 100
10 9 256
8 3 71
6 8 85
4 2 34
10
9 2 155
6 9 10
6 7 184
4 9 113
1 9 204
6 5 123
8 2 141
4 3 157
10 7 16
10
3 1 80
3 9 198
6 1 286
9 2 233
7 2 91
5 3 278
1 4 260
10 7 124
8 1 163
10
8 9 150
8 10 293
9 4 118
4 1 17
7 1 226
5 7 162
3 8 262
4 6 2
9 2 274
10
2 9 183
2 10 194
10 5 223
2 1 288
6 1 29
5 7 85
6 3 196
8 1 203
4 10 191
10
9 6 253
9 10 291
6 1 67
10 4 106
9 2 158
8 2 199
5 6 277
6 3 151
1 7 291
10
9 8 205
8 2 134
8 4 54
4 3 169
8 6 147
8 7 29
5 6 182
9 1 215
10 1 269
10
6 1 88
6 2 28
2 9 239
10 2 120
4 9 197
10 7 71
8 7 223
7 3 8
9 5 246
10
7 9 271
5 7 187
5 4 233
7 3 218
2 7 151
5 1 52
2 10 187
3 8 155
6 8 176
10
7 2 283
7 10 152
3 2 125
8 7 57
4 10 69
9 3 126
5 7 69
10 6 249
1 3 174
10
7 9 220
9 5 14
10 9 226
7 6 140
8 6 257
10 1 87
5 4 117
2 5 38
2 3 35
10
10 9 148
9 8 169
1 8 64
5 8 47
10 2 261
6 5 108
2 3 154
4 8 66
4 7 245
10
1 10 259
10 6 183
7 1 17
5 10 134
2 1 245
8 1 258
9 8 131
7 4 140
5 3 272
10
8 9 176
8 5 182
6 8 76
6 1 130
10 9 270
5 7 122
4 7 282
2 1 75
5 3 155
10
2 8 36
8 7 5
2 1 139
7 4 102
8 6 220
8 10 141
5 10 115
5 3 71
9 8 167
10
3 6 206
9 6 217
6 2 222
2 8 136
6 5 41
2 7 283
9 4 110
1 5 274
5 10 58
10
8 7 156
7 6 185
7 2 95
5 6 1
5 9 222
7 4 63
10 5 73
6 3 292
9 1 228
10
6 5 284
8 5 299
7 6 175
6 10 152
4 10 187
2 8 46
6 3 26
8 9 169
1 3 181
10
4 5 73
10 5 249
4 9 30
5 8 254
1 5 14
2 5 220
1 7 283
3 5 201
6 2 105
10
4 3 213
4 8 272
4 9 251
3 2 191
8 5 50
4 6 264
10 6 219
1 9 229
2 7 253
10
8 10 208
1 10 280
1 2 132
10 6 245
3 2 288
2 5 174
2 9 276
9 4 207
7 6 270
10
5 1 237
8 1 41
5 2 209
3 5 261
2 9 234
3 6 190
10 1 293
2 4 104
7 8 185
10
6 10 170
9 6 54
2 6 189
3 9 19
4 9 27
6 8 162
5 2 278
7 2 192
7 1 146
10
10 2 236
10 7 229
3 10 259
4 2 202
5 10 35
4 9 173
1 4 13
2 6 132
8 10 198
10
6 5 292
6 9 90
5 2 298
1 9 195
2 3 121
2 4 6
7 2 62
8 9 161
4 10 209
10
10 5 140
5 1 38
1 2 115
5 9 166
6 1 246
3 5 202
1 8 259
7 9 123
2 4 175
10
1 2 297
2 3 163
3 4 298
8 3 225
8 10 210
3 7 168
3 6 261
5 7 28
4 9 9
10
1 2 62
1 8 121
6 8 23
8 4 109
8 10 39
7 4 288
6 3 156
4 9 220
5 3 115
10
1 5 273
4 1 294
9 5 94
9 7 164
4 3 50
3 10 188
1 6 7
8 9 224
6 2 154
10
8 9 152
4 9 265
1 9 249
1 10 143
3 4 251
10 5 279
7 9 123
2 3 275
6 5 173
10
10 7 170
2 7 197
6 2 72
6 8 264
2 9 7
7 1 118
3 8 195
4 3 65
8 5 23
10
9 8 109
3 9 95
2 3 26
8 7 58
10 8 53
7 6 192
5 6 21
10 1 250
4 1 218
10
1 3 134
1 7 217
9 3 267
1 2 202
7 6 24
5 2 207
10 5 223
10 4 173
8 2 27
10
9 10 168
9 4 279
7 10 10
2 9 118
7 1 108
7 3 65
5 2 76
6 5 23
8 5 220
10
3 2 14
8 3 182
1 8 27
8 9 9
1 6 43
3 5 10
4 8 58
7 1 74
10 6 248
10
2 8 83
10 8 244
2 4 147
5 8 80
10 7 215
5 3 20
2 1 251
5 9 78
6 2 29
10
3 9 3
10 3 1
1 9 99
6 9 255
3 5 289
4 6 5
6 8 206
7 6 27
10 2 256
10
4 1 126
4 8 28
6 1 21
4 7 13
1 2 245
1 9 285
10 9 193
3 9 78
5 4 119
10
2 6 43
6 8 226
1 2 216
1 4 265
7 6 29
1 3 195
5 4 121
6 9 14
5 10 298
10
5 6 179
9 5 172
6 1 18
10 9 51
3 6 223
8 5 163
8 7 26
4 1 49
2 6 65
10
10 5 165
6 10 283
10 4 176
3 6 295
1 3 137
3 2 25
1 7 279
6 9 241
8 3 89
10
1 9 134
6 1 178
4 6 248
1 7 138
1 10 165
7 3 105
2 10 243
5 9 202
2 8 116
10
5 3 85
8 3 233
1 8 64
3 9 79
6 9 200
5 4 96
10 8 265
7 1 148
9 2 27
10
6 4 268
1 6 185
9 4 41
10 6 109
8 9 147
10 3 253
6 7 281
2 9 230
5 10 63
10
4 5 237
4 3 27
6 3 207
6 2 233
5 9 232
10 9 299
5 1 146
1 7 10
8 9 131
10
1 4 144
9 4 136
5 4 261
2 4 42
10 4 259
9 8 257
3 2 78
4 7 107
7 6 76
10
5 8 201
8 9 203
5 6 200
10 5 197
9 2 181
5 4 52
10 3 140
6 1 78
1 7 130
10
2 7 84
9 2 161
9 5 198
4 9 95
8 4 101
4 10 210
5 3 90
3 1 216
6 2 260
10
9 2 164
5 9 7
9 10 260
7 2 31
2 4 128
5 8 5
3 2 3
1 5 130
1 6 6
10
10 8 290
8 4 91
4 9 133
2 9 28
6 4 22
10 7 260
3 9 254
8 1 223
3 5 236
10
2 8 174
9 8 257
2 5 202
3 2 109
7 9 35
4 2 283
10 2 184
1 2 188
6 1 153
10
6 8 230
6 1 192
9 1 116
6 7 270
7 4 176
1 5 134
6 10 4
6 2 229
3 6 140
10
8 1 202
4 8 151
7 8 91
6 8 120
2 7 24
8 5 292
4 9 52
10 1 179
5 3 148
10
10 5 206
10 8 214
9 8 227
3 10 125
2 3 300
10 7 123
1 10 125
2 4 246
6 1 28
10
8 4 33
3 4 56
8 1 225
6 8 95
3 5 43
9 5 49
6 2 57
7 4 66
10 1 228
10
3 5 138
7 3 196
3 1 113
1 8 245
7 2 179
8 9 126
9 4 33
5 6 55
1 10 101
10
8 6 23
8 9 52
8 5 275
5 4 64
2 4 169
5 10 251
1 4 268
3 10 220
6 7 49
10
7 6 247
10 6 197
9 10 296
7 2 256
9 1 165
10 5 271
4 9 103
2 8 109
2 3 13
10
3 7 42
3 4 123
7 1 257
10 7 79
3 6 236
4 8 232
5 3 293
9 10 209
2 10 6
10
2 8 103
7 8 86
7 9 23
9 1 245
2 6 172
10 1 123
3 2 148
5 10 300
1 4 188
10
7 3 100
7 5 34
10 7 151
9 3 93
4 3 251
4 2 64
1 10 181
4 8 224
4 6 151
10
8 7 121
8 6 90
4 8 205
6 9 88
5 7 155
1 8 220
3 4 145
6 2 117
5 10 85
10
10 7 157
9 10 205
7 1 149
6 9 90
2 9 288
5 9 112
10 3 131
8 9 84
4 3 3
10
5 3 177
6 3 274
5 4 216
3 1 204
10 4 119
4 8 275
9 8 58
4 2 157
7 5 271
10
3 9 235
1 9 248
8 3 109
7 8 294
2 3 215
2 10 286
4 10 28
2 6 175
5 4 285
10
4 9 141
10 4 35
2 4 105
2 1 19
7 2 173
5 2 285
3 9 262
5 8 213
5 6 26
10
2 9 275
7 9 281
9 5 293
7 8 240
2 1 174
6 5 38
3 8 42
8 4 40
2 10 30
10
9 7 243
3 7 32
7 5 295
7 8 279
10 7 259
3 1 280
7 4 177
7 6 175
2 3 125
10
5 6 91
7 6 183
7 10 96
8 7 244
1 6 35
6 4 150
9 7 26
4 3 98
9 2 289
10
8 10 223
10 1 162
8 3 84
4 8 167
9 4 220
7 3 295
7 6 222
7 5 216
6 2 120
10
4 7 210
4 5 102
5 8 175
7 6 61
6 1 199
7 3 204
1 2 238
8 9 140
10 5 137
10
6 3 177
3 4 84
1 4 40
3 8 190
6 7 263
6 5 247
3 10 90
2 1 264
9 1 145
10
6 1 75
10 1 262
3 1 47
9 10 109
1 7 179
5 6 136
10 8 166
3 2 80
9 4 205
10
5 3 116
4 5 63
2 4 226
7 4 35
1 2 146
8 1 288
9 4 272
4 10 17
6 8 102
10
1 2 127
4 1 78
3 4 93
7 2 8
9 4 167
7 10 37
9 5 189
6 10 76
10 8 232
10
1 2 242
1 10 131
1 3 45
7 10 30
8 3 124
6 10 53
7 5 52
9 1 63
4 8 38
10
4 2 252
2 9 245
9 5 12
3 9 284
4 1 164
5 8 29
10 5 244
4 6 160
7 2 224
10
6 1 202
7 6 86
5 6 87
5 9 141
6 10 7
6 8 146
9 3 85
4 8 185
10 2 152
10
6 1 201
4 1 84
9 6 299
1 10 260
7 4 286
10 2 196
8 4 239
9 5 49
1 3 50
10
3 4 138
1 3 171
10 3 106
3 9 163
9 8 196
2 9 4
6 1 92
7 6 172
1 5 184
10
2 3 13
3 9 98
2 6 235
7 9 217
4 2 5
5 3 162
1 3 126
8 1 59
10 7 105
10
4 6 141
10 6 109
3 4 238
10 7 217
4 5 49
5 2 248
8 5 21
1 2 296
9 8 93
10
1 8 90
3 8 206
1 5 213
1 10 249
8 6 4
1 4 210
2 5 201
3 9 139
7 3 262
10
7 10 221
9 7 236
7 6 210
6 8 146
8 4 290
3 10 57
5 4 67
2 6 112
1 2 215
10
2 6 225
1 2 108
2 4 204
4 7 168
6 9 158
5 7 122
2 3 118
5 10 243
8 5 147
10
9 8 123
8 4 5
10 8 101
4 2 109
5 4 203
7 9 128
4 1 229
3 9 192
1 6 66
10
8 5 18
8 1 10
6 1 139
1 2 141
7 6 138
9 8 103
2 10 38
1 4 254
9 3 66
10
7 4 249
4 3 172
5 3 246
6 5 297
7 9 107
2 5 268
1 2 129
10 2 187
7 8 153
10
5 2 235
10 5 168
5 6 98
4 2 68
8 10 130
2 3 217
7 3 278
9 6 128
8 1 277
10
7 5 56
2 5 149
5 8 2
3 8 73
5 4 38
7 6 29
9 7 284
6 10 279
10 1 151
10
1 8 36
9 1 54
2 8 141
3 2 66
2 7 78
1 10 242
6 1 95
9 4 236
3 5 259
10
1 3 54
3 8 277
9 1 196
4 9 104
5 1 46
1 10 71
2 5 261
7 5 73
6 3 212
10
9 6 69
6 8 197
6 2 199
10 2 30
9 7 51
5 7 68
9 1 192
4 5 118
3 1 13
10
10 6 272
10 2 183
2 1 225
3 6 153
10 7 132
4 10 260
10 9 77
8 10 266
5 7 9
10
4 3 197
4 7 94
6 3 107
5 3 239
1 3 143
2 4 114
2 10 2
5 8 159
7 9 24
10
8 7 279
3 8 84
7 9 287
9 1 77
6 9 18
3 2 169
8 5 111
5 10 280
1 4 120
10
8 7 293
8 1 254
8 9 138
1 10 277
2 10 131
4 8 158
6 8 92
3 10 220
5 8 212
10
8 1 296
7 8 105
4 8 296
6 7 43
9 6 1
3 9 144
4 10 274
5 4 26
8 2 160
10
6 3 93
3 5 100
2 5 169
9 5 93
8 5 288
9 7 172
6 4 114
2 10 11
1 8 50
10
6 5 151
2 5 27
6 1 173
5 9 196
6 10 67
10 8 112
4 5 133
7 1 36
9 3 159
10
10 4 41
6 4 173
8 4 198
4 7 222
5 6 271
7 2 144
3 8 268
7 1 62
7 9 260
10
4 9 95
4 3 189
8 4 27
4 6 120
7 6 273
10 6 227
5 6 273
2 9 120
4 1 102
10
7 2 113
2 8 70
8 10 170
2 3 280
4 8 269
4 1 150
1 9 104
7 6 144
1 5 54
10
7 4 96
4 3 299
10 4 285
10 2 254
5 2 69
1 3 19
7 8 285
6 8 26
3 9 125
10
2 5 169
1 5 85
8 5 142
7 2 248
7 3 111
6 7 248
1 9 45
10 9 51
8 4 25
10
1 10 238
6 10 138
8 6 272
8 3 216
4 8 226
7 8 92
2 1 107
10 5 17
9 5 22
10
8 6 104
8 1 210
7 1 180
9 6 169
4 1 95
9 5 161
2 1 223
3 6 212
6 10 268
10
3 5 300
5 7 152
9 3 264
3 2 290
9 8 296
5 10 204
1 2 170
2 4 46
6 1 120
10
8 9 146
2 8 6
8 7 18
6 7 167
9 5 260
4 2 27
10 6 35
3 5 138
1 5 114
10
4 8 255
7 4 53
8 10 196
2 8 73
4 1 20
2 3 108
9 3 73
5 4 117
6 7 130
10
8 3 41
8 9 255
8 5 94
9 6 56
3 1 298
3 2 229
9 4 84
10 3 58
7 6 29
10
3 6 76
3 2 232
2 1 229
9 2 237
4 9 135
6 10 63
2 8 198
5 3 193
9 7 89
10
3 7 215
3 5 24
7 4 131
6 3 225
5 10 74
5 1 156
2 5 158
6 8 117
9 8 59
10
9 8 47
8 2 30
7 2 251
8 1 156
1 5 174
6 9 28
1 4 102
6 10 295
3 7 242
10
2 3 237
1 2 64
7 2 264
2 8 269
2 9 10
6 9 288
6 4 146
10 1 291
5 1 233
10
5 3 210
8 3 98
8 10 130
8 6 114
7 6 17
1 8 31
7 9 15
9 2 45
4 5 73
10
8 10 262
6 8 265
3 6 33
7 8 178
6 2 252
4 8 30
5 4 85
9 8 192
1 4 52
10
2 5 2
9 2 196
8 5 106
8 1 25
7 2 53
4 1 63
2 10 205
5 3 106
3 6 177
10
10 6 209
10 1 212
6 5 4
1 7 50
2 7 72
4 7 175
4 3 37
10 8 73
9 6 238
10
5 4 209
4 9 43
6 5 252
9 3 276
1 4 226
2 1 195
10 1 9
5 8 128
7 4 274
10
10 8 280
10 3 48
10 6 92
8 9 297
10 2 15
7 9 67
7 4 278
8 5 211
1 4 257
10
1 4 100
1 2 58
4 7 269
7 6 236
8 2 266
5 4 236
5 10 3
6 3 236
9 10 89
10
8 3 94
3 2 92
2 7 242
5 8 250
9 3 240
10 5 49
9 4 252
6 3 250
1 9 55
10
1 5 77
1 6 295
1 3 294
5 10 99
2 3 108
6 7 269
7 9 280
8 2 240
4 7 192
10
10 8 26
10 1 80
7 8 229
1 9 175
2 7 207
6 1 163
3 1 74
4 10 16
10 5 123
10
3 10 18
10 8 288
6 3 115
3 4 290
3 7 113
2 3 3
9 8 227
7 5 248
1 7 25
10
7 9 259
9 3 255
9 10 61
1 9 246
2 7 116
5 7 185
4 5 130
3 6 296
10 8 166
10
8 10 277
5 8 268
5 2 48
8 3 273
10 7 292
9 3 52
2 4 269
1 4 150
6 2 154
10
10 1 134
10 2 237
6 1 111
5 6 200
1 8 11
3 10 62
2 4 211
9 6 203
7 1 134
10
9 3 271
9 1 291
8 3 166
9 6 239
8 2 66
9 10 119
5 9 290
8 7 135
9 4 200
10
1 3 56
1 6 76
5 1 17
3 7 201
8 3 39
4 5 48
5 2 99
9 7 138
10 6 170
10
5 2 149
2 7 156
7 1 106
6 5 94
7 9 174
7 4 142
8 2 220
3 8 217
10 1 163
10
9 7 224
7 2 260
6 9 35
10 6 109
5 10 107
7 3 234
3 4 278
10 8 29
6 1 191
10
6 9 222
6 7 215
5 9 233
7 3 162
1 7 45
2 9 299
10 3 70
1 8 269
4 3 144
10
10 5 127
10 9 165
5 1 244
9 6 112
9 4 260
6 3 250
2 3 76
8 9 28
2 7 186
10
4 7 207
5 4 297
2 5 192
9 7 237
7 1 154
1 6 179
5 10 165
10 8 60
5 3 34
10
1 3 42
3 4 209
3 10 60
9 1 139
5 9 297
6 10 221
2 3 82
8 10 278
8 7 261
10
4 9 133
4 8 269
7 8 240
7 10 9
3 8 201
7 2 17
4 6 264
5 6 223
10 1 38
10
5 2 182
6 5 264
7 5 145
8 5 7
9 8 15
10 6 32
3 9 169
5 1 15
4 9 246
10
5 6 265
6 3 229
7 5 146
6 8 209
1 6 258
10 6 188
7 9 223
6 4 182
5 2 125
10
9 5 223
9 6 165
9 3 206
3 7 249
4 3 266
9 8 257
3 1 44
2 9 173
9 10 139
10
8 6 135
5 6 85
5 7 189
5 1 82
10 8 42
5 2 163
9 6 300
3 1 114
3 4 85
10
9 3 212
9 10 55
10 1 129
9 6 132
2 10 253
8 2 99
7 3 269
5 3 78
4 9 200
10
2 10 231
5 10 256
3 5 190
10 1 144
9 3 51
7 1 106
5 4 113
8 2 109
6 8 182
10
3 4 94
3 2 68
9 3 286
10 9 113
1 3 197
8 1 106
7 3 129
6 4 191
6 5 149
10
7 10 222
4 7 292
2 10 263
9 4 135
7 8 211
3 8 33
1 3 204
2 5 139
3 6 240
10
8 1 36
9 1 255
9 2 167
6 8 285
6 4 195
6 3 13
3 7 275
5 4 136
10 3 51
10
2 4 128
9 4 41
1 4 51
8 2 236
7 8 265
10 2 257
6 9 115
5 7 211
3 1 189
10
3 7 233
3 4 72
7 2 35
2 8 47
9 2 192
2 5 141
10 7 234
6 10 263
1 7 158
10
4 8 296
4 7 236
8 2 143
6 2 158
6 5 170
9 5 199
10 8 40
3 6 176
1 3 18
10
7 6 182
3 7 238
7 1 273
10 7 94
8 10 204
10 2 155
2 9 140
4 9 175
3 5 207
10
4 3 244
4 2 233
7 4 60
7 1 243
9 1 72
10 9 64
1 8 110
4 6 262
7 5 252
10
4 7 110
4 8 285
7 3 270
4 2 37
2 10 242
1 2 39
8 5 229
1 6 184
9 6 81
10
6 10 270
1 6 82
8 10 96
10 7 186
10 3 168
5 8 275
8 2 204
6 9 115
7 4 119
10
8 10 147
3 10 55
10 1 203
1 4 105
6 1 113
9 10 35
1 5 141
7 10 284
2 9 175
10
5 1 77
4 5 53
4 7 162
2 5 18
7 8 171
2 6 26
9 8 163
5 3 14
1 10 213
10
2 8 272
8 9 241
3 8 74
8 5 220
2 4 199
3 6 84
1 4 7
3 10 126
2 7 206
10
2 6 137
5 2 146
1 5 279
7 2 298
7 8 177
3 8 2
10 3 230
5 9 23
1 4 284
10
8 9 99
8 4 23
6 8 2
7 4 33
8 5 165
4 3 260
1 3 93
10 8 218
2 8 158
10
1 10 218
4 10 156
2 4 198
3 10 31
9 4 77
5 10 22
7 1 75
6 9 138
6 8 93
10
1 8 134
2 1 299
2 5 72
9 2 128
4 9 225
8 6 287
10 8 38
5 3 230
7 4 283
10
10 5 88
4 10 100
8 4 81
10 3 264
5 9 73
1 10 113
7 9 254
2 10 59
3 6 280
10
2 10 268
8 10 90
3 2 274
10 1 283
9 8 218
8 4 193
4 5 20
7 8 91
10 6 289
10
1 5 243
10 1 71
1 9 205
5 4 120
7 10 58
2 7 296
6 10 145
3 1 167
10 8 123
10
2 8 45
9 2 80
8 1 72
2 6 92
6 7 211
7 10 158
3 10 145
4 10 264
2 5 7
10
7 1 179
3 7 224
7 9 134
3 5 297
7 2 299
3 10 54
8 10 130
5 6 14
9 4 228
10
6 9 88
1 6 125
6 5 176
7 1 142
3 1 233
5 8 13
8 10 175
10 2 116
4 3 67
10
8 2 72
8 3 271
9 8 154
2 10 28
2 4 170
2 6 193
3 5 223
10 7 65
1 2 103
10
9 7 142
1 9 287
9 8 232
3 7 184
5 7 276
8 10 92
6 3 41
7 2 41
2 4 22
10
3 10 289
3 4 252
4 9 210
2 4 15
9 7 261
1 10 72
3 5 142
8 7 103
6 4 184
10
2 5 138
2 7 210
5 3 220
2 6 207
2 9 202
2 8 66
6 1 23
7 4 126
10 9 107
10
1 7 289
2 7 104
8 1 180
8 6 28
3 6 74
6 10 91
9 2 17
4 2 50
5 1 242
10
1 10 160
10 3 283
10 2 234
10 4 56
1 7 123
7 9 284
2 6 217
8 4 293
2 5 171
10
4 8 100
4 9 57
1 8 258
8 7 145
3 7 179
1 6 74
7 2 100
4 5 299
3 10 74
10
1 3 278
8 3 2
6 3 98
8 5 6
1 4 184
3 7 249
9 8 227
10 7 121
5 2 116
10
7 4 250
1 7 87
7 2 98
10 4 111
3 4 136
9 10 48
8 7 234
6 8 233
5 9 169
10
9 4 189
9 2 55
2 3 33
9 7 116
10 7 182
7 6 234
6 5 243
5 1 145
8 3 289
10
4 2 269
4 10 75
2 9 213
3 2 154
3 1 48
8 1 141
7 4 69
8 5 117
4 6 218
10
6 2 223
1 6 39
4 6 204
1 5 280
6 9 136
4 3 177
10 5 110
7 4 267
2 8 252
10
7 8 215
7 6 208
5 7 258
7 4 155
7 3 55
8 9 57
5 10 126
3 1 161
2 10 237
10
1 6 175
1 10 294
7 10 73
6 9 96
8 1 240
1 2 256
5 10 65
1 4 215
9 3 101
10
6 9 125
6 4 21
9 1 192
7 1 239
8 4 75
10 7 251
9 3 84
9 5 279
8 2 128
10
10 4 119
5 4 188
7 4 36
10 9 232
7 8 153
5 2 33
5 6 75
3 7 96
1 6 34
10
7 5 55
2 5 136
5 9 269
2 10 166
5 1 202
10 6 136
4 10 69
6 8 64
3 8 248
10
6 7 186
5 7 7
5 3 112
6 4 67
8 4 245
6 2 182
9 8 247
3 10 57
1 4 148
10
10 7 120
5 7 226
7 1 202
3 7 12
9 1 229
1 2 189
5 4 72
6 3 282
8 2 140
10
5 6 103
6 2 268
4 6 193
6 10 24
10 9 70
3 10 64
3 1 120
10 7 74
8 1 236
10
1 6 205
7 1 175
8 7 70
10 8 190
4 6 147
3 1 28
7 9 249
3 2 50
5 3 158
10
8 7 101
8 6 10
7 4 25
8 10 42
5 8 185
3 10 258
1 8 156
9 8 103
2 1 287
10
6 9 254
9 10 50
9 5 66
10 1 138
7 1 170
2 10 232
1 8 160
3 7 142
4 5 15
10
7 8 167
5 7 33
6 8 293
3 7 47
4 6 10
3 9 31
10 7 208
1 10 123
2 4 283
10
3 2 174
6 3 141
2 10 85
9 2 13
2 7 298
10 5 77
4 2 125
2 8 133
9 1 162
10
8 10 145
1 8 115
10 3 178
8 4 180
10 7 45
3 5 132
6 3 92
10 9 189
2 4 94
10
8 2 148
6 2 20
5 8 20
7 8 150
6 9 27
2 3 181
1 7 48
4 9 77
10 3 101
10
4 5 202
8 4 229
8 7 131
4 10 172
8 1 226
8 2 86
4 6 18
9 4 52
3 5 129
10
6 7 236
1 6 166
2 7 157
3 1 7
5 6 234
7 4 253
5 9 1
10 5 8
4 8 147
10
2 7 35
9 7 182
9 5 181
5 4 195
2 8 194
8 10 8
10 3 219
6 8 207
5 1 67
10
5 7 195
4 5 29
8 5 29
10 5 67
2 8 222
3 5 18
9 8 208
10 6 42
9 1 55
10
1 10 71
1 2 88
3 2 153
2 8 140
4 2 173
1 7 126
6 8 50
10 9 163
6 5 22
10
5 7 265
3 7 194
6 5 211
8 7 143
6 1 130
8 2 267
7 4 60
9 1 240
8 10 34
10
10 4 166
9 10 56
9 2 210
10 7 123
9 6 12
8 9 112
4 3 279
6 1 169
5 9 297
10
4 6 32
9 6 171
4 7 41
4 1 137
9 5 158
10 4 74
1 2 76
7 3 100
8 1 240
10
9 6 270
9 4 31
3 4 268
7 6 140
6 10 91
1 10 36
5 7 12
8 7 210
3 2 234
10
6 1 23
4 1 232
6 3 174
7 6 190
8 4 289
7 9 65
5 1 48
7 2 271
10 2 32
10
2 5 295
1 5 39
8 2 75
6 8 206
5 4 69
8 9 31
6 3 132
9 10 275
6 7 18
10
2 8 176
2 1 49
9 1 232
1 10 85
3 2 195
9 6 189
4 2 30
7 10 197
7 5 18
10
2 3 273
3 9 222
5 3 170
1 2 33
8 1 274
6 5 46
10 2 209
4 6 125
8 7 169
10
10 8 124
10 2 256
4 2 103
9 10 240
1 9 21
3 8 67
7 1 24
8 5 50
6 8 2
10
5 1 37
6 5 269
8 5 13
2 8 58
5 9 91
3 2 265
8 7 48
10 3 120
5 4 140
10
6 2 78
5 2 113
6 1 224
1 9 214
2 3 296
2 10 214
7 3 88
4 1 87
8 10 270
10
1 8 268
3 1 188
3 4 104
1 2 137
2 7 34
7 5 195
10 5 15
2 9 118
9 6 288
10
10 8 82
3 10 294
1 8 221
2 10 137
7 8 287
2 9 135
6 10 154
8 4 267
10 5 150
10
6 3 100
3 9 66
6 8 81
4 3 174
6 10 127
9 1 253
7 10 242
7 5 153
7 2 175
10
1 9 279
1 7 32
8 9 247
8 3 247
4 1 43
5 4 123
10 7 77
2 1 172
6 9 98
10
3 7 109
5 7 104
7 1 241
4 3 55
8 4 264
1 9 41
2 3 232
10 9 162
6 9 33
10
4 2 21
4 5 112
6 2 229
1 5 5
9 4 6
10 9 148
8 6 219
7 10 241
1 3 166
10
2 10 264
2 1 130
5 1 253
9 1 72
7 10 141
10 3 194
1 6 189
9 8 75
7 4 126
10
8 5 214
6 5 196
8 1 94
1 4 100
3 6 259
2 1 25
7 6 55
10 2 215
9 8 73
10
10 2 224
10 5 32
8 5 213
4 8 130
4 1 96
7 10 103
1 9 8
3 7 298
1 6 42
10
9 3 298
9 1 211
1 7 10
9 6 220
1 10 120
5 9 230
7 2 292
1 4 205
8 9 31
10
5 2 228
2 10 39
10 9 266
5 8 238
7 8 220
6 5 27
7 1 57
1 3 148
2 4 75
10
6 4 200
7 4 111
1 6 57
8 7 34
7 3 12
2 3 220
8 5 82
9 3 201
10 6 297
10
3 4 140
5 3 138
4 10 61
7 10 151
4 6 4
2 6 199
4 1 300
8 6 157
10 9 55
10
3 4 123
3 8 247
1 3 185
6 4 186
8 10 122
9 1 42
2 6 12
10 5 256
4 7 1
10
7 6 88
2 7 60
2 3 61
5 7 224
10 3 183
8 3 147
4 2 266
5 1 143
1 9 25
10
9 2 62
4 2 76
9 7 279
9 6 105
5 2 172
10 5 111
9 1 158
1 3 281
8 4 271
10
6 10 140
10 7 67
3 6 113
7 4 78
8 3 233
7 5 124
9 3 241
8 1 177
9 2 52
10
5 3 293
3 1 269
7 5 256
4 3 107
10 5 25
7 2 37
7 6 248
9 4 261
8 6 242
10
5 10 12
9 5 43
6 9 126
10 2 208
2 7 223
1 2 293
2 8 139
3 5 136
1 4 289
10
9 3 80
3 6 215
8 3 75
2 3 174
6 5 17
2 4 2
5 1 180
2 10 87
7 10 18
10
6 7 110
6 4 253
4 9 245
7 1 39
9 5 220
7 3 242
8 4 82
2 5 229
10 3 170
10
3 4 119
3 2 89
5 4 93
8 4 256
1 3 14
9 3 12
2 10 12
1 7 44
1 6 8
10
9 5 143
4 5 115
8 9 2
10 9 273
1 5 239
7 8 22
7 6 152
2 1 223
3 1 136
10
4 1 206
1 9 100
4 5 1
5 8 272
4 3 300
8 10 231
2 4 108
7 10 120
6 3 91
10
1 2 242
1 4 213
9 2 6
10 9 89
7 2 96
10 6 97
8 6 220
4 3 14
7 5 80
10
1 5 176
5 6 73
1 10 252
2 5 246
1 8 221
10 4 71
7 2 97
7 9 224
3 1 295
10
10 9 266
9 5 288
5 8 231
5 6 120
2 6 108
5 1 42
7 6 264
1 4 146
3 7 162
10
2 5 74
4 2 227
6 2 147
4 8 37
1 2 247
8 9 154
1 7 26
3 6 54
10 8 188
10
10 1 29
1 4 170
3 10 156
7 3 214
1 8 178
9 4 93
5 10 84
3 2 91
6 2 107
10
10 5 65
10 4 200
1 10 107
4 8 191
8 6 211
2 8 59
3 5 210
3 7 121
9 10 127
10
1 6 200
1 9 292
7 1 172
3 9 89
3 4 165
8 9 193
5 7 128
2 6 156
9 10 141
10
1 9 21
6 1 278
4 6 235
3 9 21
5 1 24
7 3 32
3 8 287
2 7 179
10 2 162
10
5 9 51
7 5 110
5 4 226
4 3 199
8 4 40
9 1 245
8 6 191
1 2 222
3 10 205
10
6 5 47
5 7 10
9 7 125
5 2 45
8 7 161
3 2 244
1 3 242
10 6 229
4 10 273
10
8 2 168
2 4 154
9 4 128
3 4 123
6 4 153
4 10 273
7 4 61
5 8 91
5 1 204
10
6 8 108
5 6 135
6 9 129
8 3 297
5 2 179
10 9 260
7 3 224
9 1 296
3 4 167
10
7 5 137
5 3 112
3 1 223
10 7 51
9 1 115
2 9 66
8 2 120
8 4 204
7 6 166
10
8 3 253
5 8 199
7 8 284
5 9 181
7 1 286
5 2 300
9 4 31
6 2 41
10 3 179
10
1 3 12
4 3 273
7 4 245
7 5 139
4 6 218
1 9 76
7 8 168
7 10 134
2 5 287
10
6 1 109
8 6 129
3 8 171
1 9 46
6 10 59
7 6 12
3 2 116
10 4 281
3 5 217
10
10 7 3
9 10 37
8 7 207
6 10 262
7 3 243
2 8 286
1 8 277
4 9 83
5 6 200
10
4 10 234
6 4 20
10 1 168
5 6 67
4 3 82
9 4 244
5 2 120
9 8 15
9 7 176
10
1 6 255
4 6 12
6 5 293
5 3 256
3 8 93
3 9 124
4 10 191
2 9 123
7 5 243
10
5 4 33
1 5 232
1 9 15
7 5 96
2 5 12
9 10 256
4 3 126
8 1 130
6 7 12
10
5 3 46
5 1 104
6 5 33
7 1 146
6 8 237
7 4 92
9 3 15
4 10 249
2 8 6
10
3 9 4
9 10 27
7 10 104
6 7 90
10 5 265
1 7 39
2 9 218
2 8 138
4 2 35
10
7 3 111
4 7 247
4 1 64
8 4 241
7 6 245
7 2 283
9 4 218
9 5 110
10 3 46
10
4 9 15
7 4 89
8 7 219
4 10 67
10 6 127
6 2 184
9 1 211
1 3 262
5 3 119
10
4 10 101
10 5 132
2 10 112
5 6 239
5 3 282
5 1 4
9 5 142
2 7 223
7 8 157
10
9 1 63
10 9 51
10 3 100
7 3 39
3 8 144
4 7 130
4 6 109
2 1 223
5 7 174
10
7 4 9
7 5 32
4 9 104
5 6 6
2 7 37
1 6 34
10 1 95
3 9 17
8 5 297
10
6 2 170
2 4 57
4 9 225
2 1 85
10 9 208
10 8 10
3 4 232
5 2 158
9 7 47
10
2 7 207
2 1 27
5 7 70
1 9 160
4 2 195
9 6 183
10 2 274
2 8 261
4 3 82
10
5 4 93
5 10 199
7 5 244
9 7 106
6 9 102
2 10 156
1 10 93
4 8 252
7 3 115
10
8 5 94
6 5 227
7 5 97
5 10 191
4 7 140
1 6 23
9 7 173
3 1 25
2 8 168
10
3 9 163
6 9 139
9 5 230
5 2 263
1 9 44
2 4 84
10 1 199
8 5 152
9 7 122
10
9 1 285
9 5 30
5 4 174
9 10 300
9 3 56
9 2 84
7 10 255
5 6 44
8 6 14
10
2 8 232
4 8 205
4 5 71
6 8 282
10 2 123
1 6 150
3 10 132
3 9 227
7 5 263
10
4 8 176
7 8 20
9 8 152
7 10 28
6 8 73
9 3 79
9 2 140
1 6 75
4 5 259
10
2 3 171
4 2 124
5 4 16
4 8 205
6 3 53
9 6 216
6 7 293
10 2 154
5 1 96
10
4 9 283
2 9 55
9 8 72
2 10 285
1 9 226
6 10 226
9 3 247
4 7 119
5 3 234
10
7 5 123
5 6 242
10 7 253
1 6 65
9 6 43
7 8 44
4 5 91
2 10 8
3 9 201
10
10 3 212
2 10 47
3 9 110
9 1 168
9 5 209
7 10 228
4 10 18
9 8 84
6 4 159
10
9 1 158
9 3 212
3 6 16
4 1 208
5 9 123
6 7 189
3 8 87
2 7 48
10 7 246
10
7 6 93
2 7 264
7 5 249
9 5 85
4 2 256
2 1 234
3 4 157
8 5 93
10 4 243
10
1 3 76
7 1 39
9 7 107
1 6 35
5 1 187
9 8 140
4 6 191
2 9 53
8 10 55
10
4 6 272
4 2 248
8 6 249
3 6 227
1 6 140
6 9 53
10 6 107
10 5 281
7 10 264
10
9 8 188
8 3 92
2 8 193
7 2 73
4 8 243
10 7 93
5 4 71
6 3 150
4 1 95
10
2 7 285
4 2 208
3 2 291
3 1 275
10 7 161
9 10 69
8 7 203
4 5 51
2 6 123
10
8 1 155
8 7 89
4 8 70
8 9 247
6 1 2
8 2 290
5 8 50
10 5 280
3 4 200
10
7 6 16
9 7 26
10 6 259
7 3 62
2 3 186
8 7 98
1 8 233
8 5 154
4 2 11
10
2 4 251
7 4 265
6 2 111
1 7 265
10 2 73
1 8 70
1 5 89
8 9 197
1 3 271
10
6 5 227
5 8 65
4 6 45
3 8 83
6 9 141
9 10 42
7 10 208
9 1 140
6 2 282
10
5 9 290
5 2 217
9 8 209
3 9 261
5 6 92
3 10 87
3 1 18
10 7 231
9 4 9
10
5 6 180
10 6 115
1 10 167
1 7 20
3 1 136
7 8 69
10 4 281
2 8 234
7 9 8
10
5 6 52
3 5 199
5 10 237
3 2 168
8 6 236
5 9 122
10 1 99
4 1 48
7 3 155
10
8 2 175
8 4 281
2 3 215
9 4 31
3 1 233
1 7 100
6 3 197
3 10 215
9 5 125
10
5 7 93
5 6 6
7 2 262
2 3 75
2 4 116
1 7 128
6 9 200
9 10 265
1 8 267
10
1 10 92
7 1 90
9 7 280
9 2 102
2 3 50
1 4 101
8 7 199
5 9 254
8 6 16
10
8 1 136
8 9 149
8 5 37
9 3 92
5 2 88
1 4 223
4 10 92
6 5 127
9 7 167
10
4 1 198
6 4 34
1 5 203
9 4 80
2 1 292
3 1 187
4 10 287
8 5 242
3 7 16
10
3 5 214
5 7 254
5 6 135
6 10 227
2 7 62
9 3 240
8 3 187
4 5 285
3 1 29
10
6 5 224
3 5 246
3 4 63
4 8 32
3 2 295
8 10 155
9 5 100
9 7 8
1 3 196
10
5 3 168
3 9 147
3 4 228
8 4 45
8 2 297
7 4 295
9 6 114
10 9 189
1 7 49
10
7 9 123
9 10 134
9 2 279
6 9 89
7 8 69
4 8 289
3 9 43
8 5 63
5 1 55
10
9 1 97
9 2 6
4 9 51
8 9 225
1 6 176
4 3 284
9 5 15
5 7 67
10 6 128
10
9 7 220
6 7 144
7 8 289
8 4 253
8 3 67
8 10 150
5 4 87
1 4 187
2 5 130
10
4 2 227
7 2 199
3 7 78
2 8 11
9 2 17
2 6 12
7 10 279
1 9 175
5 3 148
10
8 1 148
8 2 142
5 2 29
2 6 235
4 8 196
1 7 56
6 10 294
3 5 63
8 9 111
10
6 5 257
5 9 19
6 8 185
6 4 138
1 6 143
4 7 45
3 4 194
10 8 84
2 8 208
10
2 1 110
6 1 164
1 7 179
1 9 271
3 7 224
9 5 142
7 8 258
1 10 204
10 4 82
10
7 3 282
5 3 283
3 4 72
5 9 92
4 1 235
10 7 250
1 8 275
9 2 92
9 6 115
10
3 9 124
4 3 86
7 9 278
4 10 201
2 10 239
2 1 77
3 5 67
8 3 268
6 10 33
10
8 10 189
10 4 73
6 10 109
4 9 291
7 9 170
3 10 159
1 3 241
5 10 36
10 2 220
10
1 3 75
3 6 55
7 6 289
1 8 91
2 3 171
7 10 5
5 10 250
7 9 268
4 10 84
10
4 8 13
6 4 189
7 8 149
7 3 19
5 6 237
1 7 103
4 10 229
8 9 3
5 2 94
10
9 4 35
2 4 76
2 10 49
6 10 119
1 9 197
3 10 144
5 9 77
3 8 215
7 3 182
10
5 1 275
7 1 16
5 6 26
10 5 98
9 5 186
1 3 210
2 5 194
8 9 200
4 1 238
10
5 8 153
5 6 8
10 5 266
10 9 298
1 5 270
7 9 68
4 6 292
3 5 225
2 1 1
10
7 8 174
9 8 53
10 7 86
7 3 144
6 10 270
5 10 112
2 8 120
10 4 66
1 6 23
10
9 5 71
4 9 213
5 2 218
10 2 90
1 4 299
10 7 42
4 6 26
2 8 294
3 5 176
10
6 7 202
6 3 171
2 3 66
8 3 255
10 7 26
8 1 174
2 9 258
8 5 235
4 10 141
10
10 2 288
2 3 30
6 10 11
7 10 105
8 6 154
7 4 106
3 5 182
1 6 152
9 3 68
10
9 3 287
9 5 11
9 10 36
9 7 243
9 8 244
4 10 112
5 6 125
1 4 118
2 10 140
10
5 4 262
3 5 89
4 9 212
2 5 227
1 4 29
1 8 58
1 10 255
6 4 173
6 7 82
10
6 4 168
4 9 36
9 5 128
3 5 229
6 2 16
5 1 204
1 8 55
6 7 43
10 5 137
10
1 2 97
2 9 146
2 7 68
7 4 72
3 9 136
3 6 214
10 3 269
1 5 147
8 7 29
10
5 6 178
4 5 108
10 5 268
2 10 173
8 5 75
7 5 147
2 9 194
1 10 16
5 3 271
10
4 5 204
4 8 74
1 4 212
10 1 134
9 4 266
8 2 124
9 3 198
4 6 71
5 7 137
10
1 5 133
5 7 242
7 6 153
5 2 268
10 6 105
9 10 18
4 2 161
7 3 295
9 8 107
10
10 2 157
10 9 139
6 9 161
5 2 51
4 5 178
5 3 267
8 2 221
4 7 35
1 2 169
10
5 4 61
5 6 292
4 3 65
9 6 117
7 3 107
2 7 252
7 10 39
2 1 191
8 4 273
10
4 8 63
5 8 6
8 2 55
7 4 212
1 2 119
6 2 123
4 3 182
9 6 90
10 1 89
10
3 4 30
9 3 163
5 9 210
2 9 12
2 8 63
1 5 118
5 7 88
1 6 202
10 2 199
10
3 8 83
3 1 261
8 10 87
6 3 66
4 3 98
7 10 234
2 7 40
3 9 50
5 3 121
10
10 2 93
2 8 151
10 7 177
1 10 242
4 8 165
3 8 65
7 5 268
4 9 92
6 9 118
10
5 4 80
4 3 274
1 5 269
8 1 65
5 10 102
5 9 3
10 2 215
6 4 95
9 7 189
10
6 8 88
2 8 17
5 2 256
8 9 167
7 5 142
9 1 6
4 9 226
3 8 147
10 3 54
10
1 3 124
5 1 123
8 1 213
6 5 89
4 5 237
10 1 264
4 2 216
7 1 84
9 10 78
10
8 7 258
3 8 150
3 10 236
6 3 203
8 4 3
2 10 210
3 1 175
9 8 67
5 7 119
10
5 10 271
3 10 161
8 5 35
10 4 82
6 4 202
7 8 46
1 7 265
6 9 138
2 7 148
10
4 2 110
4 8 85
9 2 1
5 4 62
6 9 129
10 9 241
1 6 149
5 7 251
4 3 71
10
4 7 150
1 7 76
8 4 277
3 7 210
4 9 147
9 5 230
6 1 100
10 1 15
2 3 157
10
5 4 141
5 8 262
4 6 70
8 1 246
2 6 97
10 2 19
3 2 197
10 7 139
9 8 212
10
6 4 269
2 4 286
10 4 123
2 9 188
2 1 43
5 6 190
10 3 118
2 8 293
7 8 209
10
4 8 26
6 8 180
4 9 221
10 6 282
2 9 229
10 5 223
5 7 55
1 6 189
3 9 195
10
10 8 83
9 8 215
7 10 175
3 10 116
2 3 129
4 9 120
10 6 283
1 4 31
4 5 185
10
3 10 94
8 10 221
3 5 291
6 8 262
8 9 19
7 8 32
1 3 172
8 4 274
2 4 182
10
4 10 231
10 6 146
8 4 66
7 6 82
8 5 140
1 6 78
3 10 81
7 2 19
9 8 192
10
2 10 184
1 10 66
10 6 278
3 1 218
3 4 115
5 1 72
10 8 190
7 2 293
8 9 175
10
10 5 245
1 5 296
10 3 115
1 8 213
10 4 46
5 9 2
8 6 258
4 2 294
7 2 177
10
3 9 118
3 5 259
8 9 193
8 2 19
6 8 214
10 5 5
1 2 185
6 4 294
6 7 30
10
4 7 298
4 10 15
4 6 5
1 4 217
9 10 135
6 8 216
2 6 61
7 5 1
5 3 147
10
1 2 285
1 9 173
5 9 58
9 4 144
4 7 3
7 3 286
3 10 176
2 8 80
6 4 113
10
3 4 162
6 4 131
6 8 298
6 7 170
6 10 251
4 5 101
7 1 113
9 4 96
5 2 61
10
5 4 157
8 4 252
6 4 198
2 8 44
2 9 104
1 4 201
10 9 87
3 2 214
7 3 269
10
4 8 205
9 4 46
2 9 130
9 6 143
10 9 8
3 8 71
3 1 19
5 8 167
9 7 161
10
6 9 248
6 2 61
2 8 117
6 4 165
10 9 109
9 3 126
5 3 135
1 3 21
7 5 122
10
10 8 292
10 3 272
10 1 300
8 4 84
8 5 93
7 5 287
6 1 20
1 9 257
5 2 6
10
9 5 191
3 5 275
2 3 265
2 10 30
9 4 113
1 10 47
8 9 241
2 6 174
7 9 243
10
2 3 76
3 1 283
6 3 202
1 10 229
8 3 200
7 1 135
8 5 281
9 5 84
4 9 216
10
10 8 274
2 8 260
8 9 269
7 9 231
10 5 119
2 1 284
3 7 54
9 6 273
6 4 34
10
6 4 193
2 6 176
5 2 76
3 5 263
10 5 118
9 4 175
10 8 250
7 8 52
1 9 150
10
10 8 66
10 1 174
3 1 175
10 7 2
9 7 215
2 10 65
8 5 300
4 2 226
10 6 28
10
4 6 119
8 6 113
9 8 27
6 10 292
2 10 74
5 4 81
4 1 96
6 7 248
3 5 53
10
4 9 9
1 4 19
2 4 4
1 3 34
5 3 246
8 9 252
6 1 17
7 2 225
9 10 48
10
6 3 186
6 10 195
10 1 100
7 3 105
1 5 121
4 7 278
8 7 69
9 3 201
8 2 217
10
3 6 13
6 1 191
3 9 124
7 6 261
9 2 160
2 5 75
7 4 264
9 10 231
8 9 283
10
4 2 107
2 10 288
4 1 272
2 5 215
9 5 72
4 3 12
5 6 187
8 3 253
10 7 256
10
1 3 271
2 1 130
2 8 150
8 7 26
7 5 155
2 6 72
9 5 290
6 10 206
8 4 17
10
5 9 252
5 6 187
2 9 212
1 5 266
3 5 62
10 1 22
7 1 149
4 7 182
4 8 113
10
4 3 259
4 6 20
3 8 139
2 6 260
5 8 275
1 8 189
10 6 245
8 9 196
1 7 147
10
3 5 4
6 5 8
5 7 145
2 6 255
7 1 194
2 8 157
1 4 146
2 10 16
9 5 225
10
9 7 102
2 9 235
7 1 57
5 2 110
10 9 200
6 7 267
8 5 110
4 10 103
4 3 203
10
8 9 111
1 9 102
5 1 156
1 3 216
6 8 267
5 2 270
9 10 87
7 8 42
7 4 117
10
5 7 198
2 7 264
7 8 28
2 1 118
10 8 131
5 4 103
3 10 239
4 6 126
7 9 220
10
2 3 56
1 2 223
4 2 35
6 4 207
3 5 268
1 7 123
10 7 42
9 3 87
8 4 109
10
7 8 83
7 6 50
8 2 221
4 2 177
2 10 206
8 1 4
6 3 63
6 5 246
9 10 139
10
4 5 142
2 5 47
5 8 253
3 4 69
10 3 17
8 1 146
3 9 142
7 10 88
6 2 236
10
6 10 124
6 2 293
2 4 200
4 5 218
2 7 220
5 3 90
9 7 293
10 1 280
1 8 82
10
2 4 267
2 8 241
4 7 285
8 10 49
8 3 176
9 10 51
1 4 300
1 5 216
6 2 12
10
8 9 294
1 8 88
8 3 74
5 3 79
9 6 298
9 7 201
6 2 16
5 4 110
10 5 291
10
2 9 135
2 6 175
5 2 14
8 2 289
4 2 23
7 9 130
3 7 163
1 4 222
10 4 104
10
2 1 12
2 4 45
2 10 6
3 4 214
4 7 234
2 5 297
5 6 265
6 9 62
8 5 139
10
1 5 105
5 10 53
1 7 273
10 6 251
5 2 83
8 6 252
1 3 80
4 8 234
9 4 286
10
10 7 129
6 7 14
3 7 267
5 6 133
10 8 271
4 3 130
8 9 63
2 9 221
7 1 283
10
5 7 289
2 7 72
5 6 23
10 2 17
4 5 61
10 1 210
3 6 295
7 8 62
4 9 49
10
1 4 83
3 4 253
3 7 45
1 10 228
9 1 139
7 8 248
2 8 153
6 9 43
5 4 117
10
4 8 298
4 6 40
9 4 3
6 2 21
4 1 190
4 7 47
10 4 30
5 2 264
1 3 51
10
9 2 127
9 5 201
7 5 74
9 3 254
6 7 276
8 5 253
8 10 222
7 1 174
2 4 75
10
3 6 51
3 8 110
7 8 234
4 6 27
7 5 116
5 10 131
9 8 63
5 1 145
2 5 171
10
9 7 160
9 3 105
8 9 118
6 3 263
8 10 249
10 1 208
6 5 183
8 2 73
9 4 40
10
8 9 146
3 9 71
9 10 52
4 8 270
9 5 287
8 7 106
6 5 106
8 2 4
2 1 280
10
9 5 173
9 6 170
5 10 47
7 5 287
9 4 215
8 7 240
1 9 9
5 2 251
3 1 193
10
3 10 89
2 10 151
3 6 256
10 1 166
8 6 295
1 5 54
2 4 195
9 8 153
7 1 157
10
7 5 224
5 1 27
2 1 49
7 8 269
8 3 112
8 9 233
9 6 159
4 5 168
3 10 1
10
5 9 52
1 9 117
9 10 30
9 8 226
2 8 108
10 4 142
3 5 109
5 6 297
10 7 205
10
6 10 12
6 3 165
6 8 14
4 6 297
3 9 125
1 3 112
9 7 3
5 8 91
8 2 74
10
8 6 299
6 1 8
6 7 283
3 8 109
3 2 41
10 6 5
4 6 174
7 5 189
9 8 190
10
10 8 33
2 10 228
10 5 252
2 4 95
3 10 200
6 3 273
10 7 16
5 9 251
1 4 103
10
6 10 165
10 5 224
5 7 243
5 2 197
4 5 81
1 6 79
6 9 88
9 3 115
6 8 67
10
7 5 172
8 7 26
5 4 128
10 8 93
2 10 287
4 6 57
1 10 39
3 8 46
7 9 62
10
4 5 106
4 10 184
4 1 243
4 6 181
7 5 115
7 9 212
6 2 300
8 6 182
1 3 45
10
1 6 8
4 1 178
10 1 126
3 1 243
6 5 21
1 2 25
9 2 43
8 3 124
5 7 267
10
1 5 76
5 2 3
9 2 153
8 2 24
1 4 109
7 1 102
5 3 211
7 10 68
6 8 35
10
10 3 3
3 6 251
6 2 31
3 8 120
6 9 72
5 2 124
5 7 219
7 1 34
4 9 196
10
10 2 294
1 2 291
1 6 176
7 10 134
1 3 172
10 8 201
4 2 96
4 5 114
9 2 54
10
5 4 118
3 4 70
4 10 83
6 5 63
1 10 282
1 2 242
7 2 42
9 7 63
8 7 152
10
1 4 99
1 7 136
6 4 157
2 6 77
7 8 158
8 3 141
9 8 209
8 10 244
4 5 224
10
8 4 214
7 8 154
4 1 17
1 2 100
1 3 93
2 5 287
10 8 52
5 6 7
9 8 233
10
2 5 10
2 7 158
5 4 255
4 8 51
4 9 272
6 8 165
1 7 146
9 3 163
9 10 231
10
3 5 74
3 4 277
5 8 228
4 6 204
8 10 290
9 5 45
5 1 98
2 6 7
6 7 181
10
4 1 248
4 3 222
4 10 219
2 4 192
5 1 196
10 6 69
6 9 191
7 6 244
10 8 218
10
7 5 119
3 7 6
5 6 186
2 6 53
7 10 128
7 4 284
6 8 157
1 6 72
9 10 55
10
5 8 68
4 5 298
8 10 17
8 9 154
7 5 234
6 8 69
7 3 15
2 6 224
9 1 269
10
6 5 213
2 6 121
3 2 4
1 2 238
6 9 9
7 2 228
3 8 156
2 4 123
5 10 220
10
10 4 179
3 10 300
9 10 158
4 8 289
7 9 193
6 9 268
5 8 202
7 1 297
2 5 224
10
1 9 70
1 5 125
7 5 48
10 5 43
9 6 222
2 5 7
3 5 120
4 5 277
4 8 80
10
9 10 212
7 10 197
7 8 38
8 5 95
1 8 42
1 3 186
7 6 182
10 2 192
6 4 39
10
4 3 179
3 1 258
4 10 236
6 10 43
4 7 285
6 9 61
10 2 127
8 9 32
7 5 244
10
6 9 198
10 9 272
9 2 181
3 6 211
2 4 164
10 7 153
5 10 281
8 2 49
1 8 102
10
10 3 157
3 6 195
9 3 300
7 6 215
3 8 154
4 6 267
9 1 10
7 2 107
5 8 53
10
2 1 72
1 4 156
6 4 192
10 4 45
3 6 46
5 6 99
8 3 101
9 6 254
7 8 97
10
2 5 209
7 5 165
5 9 134
6 2 157
7 10 122
2 8 63
7 3 262
2 1 214
4 9 104
10
1 8 53
6 1 108
8 3 242
9 6 244
1 10 145
3 4 295
4 7 7
5 4 128
2 10 298
10
5 7 99
6 7 32
2 5 19
1 6 46
4 1 81
3 5 72
6 8 46
10 6 190
9 6 298
10
2 5 186
4 5 195
1 4 132
10 4 192
4 9 170
10 7 48
5 8 185
3 9 7
3 6 172
10
1 2 286
1 8 235
8 3 93
2 5 125
4 5 25
6 2 209
7 8 33
9 4 153
6 10 220
10
9 2 205
3 9 234
7 3 5
2 4 52
10 2 69
6 2 145
10 5 73
10 1 219
8 10 139
10
5 3 66
5 7 273
10 7 271
2 5 174
7 6 101
3 1 179
10 8 40
3 9 42
4 10 16
10
8 7 229
8 10 53
10 6 163
9 10 110
9 3 55
6 2 156
1 2 154
5 9 3
4 7 242
10
4 8 88
8 2 78
2 9 149
5 9 300
4 10 140
1 8 60
1 3 81
4 6 146
8 7 285
10
2 9 58
9 1 268
9 7 248
1 6 224
8 2 42
5 1 290
3 2 228
1 10 296
1 4 54
10
9 5 168
4 9 263
3 5 181
2 4 117
1 9 50
1 6 276
8 3 67
5 7 272
10 3 266
10
3 1 135
3 2 34
7 2 248
1 5 184
9 5 19
9 8 51
9 6 258
10 3 47
4 8 265
10
3 9 93
5 3 154
10 9 99
5 6 176
8 3 99
2 3 223
10 4 7
1 2 273
7 6 80
10
4 8 283
8 3 227
3 1 78
3 7 213
10 4 108
10 6 72
9 1 271
1 5 33
4 2 207
10
9 8 1
9 1 184
6 1 104
3 1 146
7 1 53
3 2 246
5 6 200
10 5 56
2 4 213
10
4 1 18
1 2 24
4 6 256
10 6 279
4 7 37
10 8 9
3 10 146
3 9 135
7 5 154
10
4 3 260
1 4 41
9 3 278
6 4 228
1 2 173
8 9 62
3 10 153
7 9 176
9 5 243
10
9 10 200
4 10 135
8 10 88
1 4 149
6 8 272
4 2 232
8 7 46
3 1 158
9 5 284
10
6 4 16
10 6 150
4 2 62
7 2 234
8 7 212
3 8 5
5 10 272
5 1 175
6 9 268
10
2 9 254
1 9 70
10 1 120
2 5 163
1 4 83
6 2 113
7 5 142
8 5 42
9 3 135
10
6 9 128
1 9 79
7 6 21
9 8 263
3 7 153
8 5 266
4 6 36
2 8 43
6 10 45
10
8 1 278
2 1 142
3 1 152
7 1 253
7 6 188
7 9 29
2 4 240
5 9 130
10 2 143
10
8 6 277
3 6 246
5 3 236
7 3 216
2 8 34
6 10 88
5 1 283
9 3 118
10 4 282
10
2 4 247
4 8 159
7 2 215
8 6 172
9 4 111
2 5 169
1 4 36
10 5 155
3 2 17
10
1 9 182
1 10 65
4 9 211
5 4 61
10 7 110
5 6 165
10 2 164
8 7 42
3 8 57
10
1 5 171
1 8 206
4 1 167
8 3 101
8 9 72
5 7 25
10 1 60
2 10 126
6 5 168
10
4 3 286
10 4 268
10 2 89
4 1 25
6 1 90
5 2 130
9 10 60
7 3 129
10 8 109
10
9 1 264
1 3 259
1 2 218
9 5 186
2 4 243
7 1 252
7 6 61
10 3 248
8 1 300
10
1 10 229
3 1 11
10 2 210
1 4 264
3 9 132
8 4 149
5 3 37
3 6 254
7 4 202
10
4 10 299
9 10 179
4 8 107
7 9 104
10 1 267
8 3 255
2 9 19
6 9 273
5 10 24
10
9 4 126
9 10 246
6 4 68
8 10 216
1 6 92
7 8 102
3 7 298
10 5 43
2 8 95
10
6 1 285
9 6 173
1 7 96
9 2 171
8 6 284
5 2 242
5 4 135
2 10 134
3 8 154
10
10 9 178
3 10 24
10 7 121
3 8 46
5 3 7
2 9 23
8 6 229
2 4 98
10 1 124
10
6 7 90
6 4 158
7 3 261
4 5 100
9 4 11
3 8 285
2 9 129
1 6 231
10 7 252
10
5 4 130
5 7 35
10 4 114
8 7 68
2 4 134
3 2 4
3 6 40
9 7 12
9 1 208
10
4 7 48
4 8 17
3 4 12
9 4 209
7 10 252
1 8 70
6 1 179
5 4 181
1 2 151
10
7 3 270
5 3 99
7 2 291
5 4 100
2 8 159
2 9 291
8 10 144
10 1 267
6 8 225
10
3 8 87
3 5 252
6 3 156
8 9 102
8 7 248
4 7 233
1 7 291
8 10 66
9 2 242
10
8 3 144
7 8 99
3 9 23
1 3 149
5 9 242
4 7 61
6 5 57
10 1 89
2 1 13
10
4 8 224
6 4 50
6 7 117
6 9 169
2 6 145
8 3 289
5 8 41
9 1 68
10 8 241
10
9 1 92
3 1 6
3 6 267
8 9 111
10 3 275
5 9 104
4 1 291
6 2 183
10 7 30
10
10 3 11
10 4 225
4 5 95
4 9 159
4 8 297
1 5 73
10 7 172
1 6 173
4 2 25
10
10 3 262
3 4 30
4 2 74
8 10 84
5 10 103
6 2 38
7 6 69
1 8 199
6 9 95
10
2 7 142
7 6 128
5 7 118
6 3 43
10 6 130
1 10 102
9 3 113
5 8 195
4 7 215
10
2 3 83
7 3 167
3 6 37
1 3 248
10 1 234
5 6 235
2 9 211
8 3 94
10 4 54
10
10 2 125
9 2 49
7 10 81
1 2 152
9 4 8
2 3 232
10 6 178
8 2 287
9 5 84
10
4 9 159
4 5 72
9 8 209
4 3 87
10 3 181
1 8 278
6 10 98
4 2 63
6 7 48
10
4 7 76
8 7 59
3 4 212
8 6 133
1 4 152
4 2 2
5 3 208
8 9 87
3 10 292
10
1 9 11
2 9 230
6 1 222
1 7 116
5 9 42
2 10 259
4 6 79
8 5 108
3 2 232
10
7 5 80
5 8 113
7 1 214
9 8 209
10 8 34
4 5 173
4 6 256
5 2 251
8 3 229
10
7 5 7
4 7 15
5 6 286
2 5 16
2 8 237
3 2 267
10 4 170
9 10 33
1 5 189
10
2 3 180
5 3 295
10 5 192
1 5 276
8 5 290
6 10 104
1 4 127
6 7 61
10 9 122
10
10 1 178
3 1 96
10 5 268
4 3 96
2 1 233
4 7 107
6 4 196
8 7 262
9 10 244
10
3 8 132
1 8 30
3 5 117
8 10 252
10 9 285
4 3 272
7 5 2
6 3 89
7 2 231
10
1 3 121
3 6 12
6 8 299
6 5 157
7 6 267
3 2 220
4 3 256
9 6 224
9 10 66
10
9 10 164
10 4 91
7 10 39
2 9 73
2 8 259
8 3 118
1 10 38
9 5 116
1 6 237
10
7 10 46
10 1 220
10 2 22
8 7 289
5 1 241
3 2 229
9 1 109
10 6 30
7 4 17
10
7 8 276
9 7 221
4 8 86
6 9 165
1 4 293
2 8 101
5 1 175
3 8 216
10 7 33
10
8 10 136
8 9 199
1 8 136
3 9 285
6 10 56
4 9 70
8 5 226
2 9 92
9 7 244
10
8 6 77
6 10 97
10 4 207
1 4 47
2 8 153
7 1 95
3 6 9
5 8 240
9 6 36
10
4 5 137
8 5 299
4 7 47
9 8 9
5 6 94
6 10 102
9 1 265
2 9 289
5 3 41
10
6 8 227
8 4 140
4 3 144
3 2 79
8 1 254
9 2 263
5 9 101
7 2 231
10 6 75
10
7 8 8
1 7 152
6 7 141
5 6 180
6 2 55
2 3 39
10 2 226
9 10 180
4 9 177
10
7 4 264
2 4 46
8 7 90
8 9 101
8 6 20
8 3 190
7 5 97
3 10 190
7 1 194
10
10 1 95
10 8 111
8 6 234
5 1 252
10 2 236
2 9 147
4 2 233
5 7 34
3 9 188
10
7 10 261
7 4 161
4 9 204
7 1 97
2 9 282
1 6 87
7 8 113
8 3 121
4 5 245
10
2 5 77
6 5 169
5 8 298
1 6 105
9 8 167
4 1 41
1 3 279
2 10 31
6 7 86
10
5 10 135
1 10 65
2 1 222
8 2 140
7 5 68
3 10 17
4 10 67
9 1 200
6 2 189
10
3 8 114
9 8 135
3 7 148
7 2 21
5 3 6
2 10 15
1 9 47
7 4 41
8 6 24
10
4 3 80
4 9 298
10 4 192
1 10 36
2 9 247
5 10 177
6 1 294
8 5 287
2 7 199
10
10 2 144
10 7 162
6 2 31
10 4 242
5 2 182
8 6 239
1 5 277
9 4 23
10 3 120
10
10 1 291
1 4 259
4 3 74
1 7 274
3 5 238
8 4 257
6 1 58
8 2 274
8 9 148
10
3 4 67
2 3 223
4 6 53
7 2 84
2 9 165
5 2 231
7 1 128
5 8 40
5 10 86
10
5 4 232
10 4 6
6 5 101
2 6 285
8 4 14
10 9 158
4 7 202
3 8 22
10 1 90
10
4 3 231
2 4 20
10 3 11
2 8 181
4 7 161
6 4 129
10 1 39
1 9 207
5 6 3
10
5 8 155
1 8 110
1 6 19
10 1 50
8 3 78
1 7 49
8 4 114
10 9 288
2 5 242
10
4 6 158
5 4 144
5 1 102
5 9 2
10 4 238
5 3 288
8 6 84
2 9 51
2 7 297
10
8 4 68
9 4 203
5 9 42
7 9 83
7 2 294
3 2 81
7 1 221
10 8 196
6 1 118
10
10 2 122
2 8 40
3 2 121
10 1 164
7 8 79
9 2 263
8 4 203
1 6 27
5 6 54
10
5 1 178
6 5 159
9 5 94
6 10 205
5 2 104
5 4 53
3 4 39
4 7 152
3 8 196
10
10 5 114
8 5 150
8 6 67
9 5 295
10 3 202
6 7 190
2 10 245
5 4 46
1 5 193
10
9 8 285
8 10 80
2 10 165
2 4 127
6 10 216
3 10 179
2 1 4
1 7 207
5 10 259
10
8 7 212
7 5 134
8 2 129
4 5 156
9 5 120
4 1 2
10 7 190
3 1 232
1 6 189
10
2 3 8
2 9 255
2 4 67
7 2 203
7 1 6
4 5 63
4 8 223
9 10 80
6 7 104
10
7 5 55
6 5 46
5 9 133
9 3 118
6 10 170
9 4 253
8 7 20
10 2 295
7 1 256
10
9 2 60
9 5 91
5 3 266
5 8 295
10 5 88
7 10 245
7 6 55
4 3 260
1 9 72
10
9 4 161
4 2 26
8 2 45
10 9 139
6 9 230
5 6 210
7 8 231
10 1 288
8 3 186
10
8 2 105
5 8 80
8 1 154
6 2 289
7 2 5
5 3 170
2 4 208
5 9 239
10 2 199
10
10 7 231
4 10 272
3 10 155
7 1 29
6 3 41
5 7 273
8 7 286
4 2 121
9 8 22
10
2 5 181
2 1 117
6 1 115
7 6 272
7 10 37
8 2 91
9 10 265
4 6 25
3 2 95
10
6 1 284
1 4 119
6 8 11
10 6 266
7 1 84
7 2 147
9 8 31
5 2 300
3 9 185
10
4 1 115
1 3 79
1 8 120
1 2 237
5 1 87
6 4 168
1 9 232
2 7 133
2 10 162
10
8 4 285
7 8 29
1 7 137
8 9 264
2 4 291
6 4 34
3 6 240
10 4 131
2 5 180
10
9 10 123
1 9 289
9 6 67
1 3 154
10 7 246
6 4 112
9 5 224
7 2 39
7 8 188
10
8 10 106
8 2 236
4 8 289
6 8 219
7 10 200
5 8 143
2 3 257
6 1 91
9 10 283
10
10 6 233
6 5 51
8 6 90
8 7 103
7 1 68
8 4 16
10 9 48
3 6 270
8 2 122
10
7 3 141
6 7 217
1 7 162
10 1 87
4 1 43
2 10 282
6 8 223
9 2 3
9 5 86
10
6 3 83
8 3 105
7 3 276
6 10 57
9 10 194
8 5 175
9 4 165
2 6 239
1 6 99
10
3 5 66
6 3 242
9 6 54
9 2 73
8 2 60
1 9 28
7 5 86
1 4 168
5 10 245
10
8 2 298
10 8 282
7 2 239
9 10 272
3 7 132
6 8 203
1 8 296
2 4 115
5 2 189
10
3 5 257
8 3 70
1 5 266
1 4 251
10 3 107
8 7 48
9 1 67
2 1 212
2 6 275
10
5 7 10
8 7 114
5 10 84
7 4 103
1 5 288
4 9 236
1 2 20
4 3 221
4 6 180
10
9 2 239
2 8 254
8 4 155
4 7 296
8 10 118
8 1 98
4 5 219
10 6 223
8 3 185
10
7 8 280
8 5 280
3 5 249
1 8 214
2 1 300
8 4 58
6 2 269
8 9 51
10 1 18
10
8 3 56
5 3 229
1 3 293
10 1 174
4 5 42
6 10 105
8 2 240
3 7 256
2 9 212
10
1 7 148
4 1 17
4 6 256
7 9 37
10 6 261
5 9 162
9 8 146
7 2 92
2 3 53
10
7 6 30
7 9 77
3 7 140
6 4 41
9 1 42
6 10 295
5 6 285
4 8 108
2 7 227
10
6 9 112
2 6 202
6 3 266
3 10 257
7 2 123
10 1 200
5 9 52
9 4 246
10 8 298
10
3 10 240
3 1 59
9 3 128
7 9 99
9 4 87
7 8 254
7 5 57
6 1 17
2 10 270
10
1 8 193
3 1 17
10 1 90
4 8 113
9 8 78
10 2 53
4 5 94
7 4 35
3 6 146
10
1 8 102
9 1 64
2 8 185
4 9 115
9 5 182
10 1 222
3 10 270
7 2 137
4 6 292
10
6 5 215
5 2 250
6 1 160
4 1 46
2 3 59
3 10 228
2 7 7
10 8 142
5 9 191
10
7 9 24
7 1 291
7 10 23
8 1 53
5 10 274
8 3 138
9 6 228
9 2 48
9 4 32
10
4 3 213
10 3 127
7 3 252
8 7 23
3 2 258
6 10 97
10 5 49
7 9 104
1 4 168
10
3 6 18
6 8 263
6 4 217
10 6 278
9 3 270
1 8 176
4 5 38
8 2 242
7 3 201
10
6 4 268
4 9 234
10 4 2
2 10 171
1 10 272
10 3 260
7 9 248
8 2 226
5 6 252
10
1 7 170
3 1 188
6 7 60
6 5 252
8 7 4
1 10 232
9 1 92
8 4 154
8 2 137
10
6 5 126
9 6 227
5 1 121
5 3 256
2 1 110
4 1 203
7 3 181
8 3 266
7 10 163
10
10 6 120
3 6 284
2 3 210
5 10 250
3 1 21
4 2 144
3 8 32
1 9 299
4 7 274
10
6 5 233
6 2 145
2 1 213
5 7 138
8 1 267
10 2 259
6 4 110
9 8 166
3 4 269
10
10 3 286
10 6 2
8 10 163
6 2 199
6 5 262
10 7 179
3 9 86
9 4 88
1 8 276
10
10 8 231
4 10 178
4 7 198
1 10 8
2 7 278
5 10 226
9 5 244
8 3 146
3 6 204
10
2 1 243
2 10 157
6 2 78
6 4 142
2 5 117
1 7 51
3 10 140
9 7 232
10 8 116
10
1 6 72
7 1 257
9 6 31
8 9 142
3 7 49
5 9 138
5 4 136
3 2 138
10 2 38
10
3 7 239
4 7 129
9 7 196
5 7 272
3 8 173
2 4 182
10 8 285
6 10 87
1 6 205
10
5 7 250
8 7 49
7 6 141
7 3 156
10 5 173
4 3 144
2 4 124
1 5 240
9 3 50
10
7 3 159
8 7 118
7 10 94
10 1 167
9 8 66
7 4 16
5 7 72
7 2 181
8 6 160
10
10 1 243
1 9 11
6 9 201
8 6 12
1 7 7
10 2 8
3 9 224
5 2 7
1 4 93
10
7 9 192
9 1 133
1 4 12
4 2 192
5 1 252
9 8 146
10 5 113
6 8 273
1 3 134
10
5 4 267
4 3 198
4 7 2
5 10 130
4 8 161
4 9 145
2 5 205
1 7 99
2 6 151
10
10 3 104
10 1 273
9 10 19
3 5 269
7 5 111
3 2 175
8 5 279
8 4 257
6 8 171
10
1 10 144
1 2 182
10 7 80
5 1 177
1 8 251
1 3 191
9 7 166
7 6 242
2 4 11
10
4 3 244
1 3 82
8 3 153
2 1 31
8 10 263
10 7 213
6 7 31
5 8 249
9 8 249
10
7 5 218
7 6 67
1 7 296
7 8 98
10 5 25
7 9 229
4 10 251
10 2 126
6 3 29
10
7 4 26
9 7 113
9 1 6
4 6 233
9 5 178
6 8 10
8 10 223
3 10 135
3 2 143
10
1 10 67
1 3 239
7 3 186
6 3 259
7 9 191
4 3 31
9 8 161
5 3 60
4 2 174
10
6 4 297
2 4 90
1 2 295
10 4 150
6 3 211
7 2 100
5 6 100
9 3 181
6 8 290
10
7 2 135
6 2 60
2 8 46
6 3 257
5 7 214
10 3 184
4 10 205
2 1 212
9 1 243
10
9 1 238
9 4 132
9 8 293
6 8 211
2 9 176
4 5 179
3 2 242
2 10 41
8 7 69
10
9 4 264
6 4 123
9 5 274
6 7 32
5 3 226
8 5 72
3 10 88
9 1 194
2 3 273
10
3 1 216
7 3 280
3 9 95
8 9 257
6 7 98
6 4 134
9 2 217
10 3 201
7 5 209
10
3 8 266
3 6 54
10 3 42
9 6 182
8 2 208
8 1 92
5 9 40
6 4 176
7 4 19
10
9 10 99
10 4 50
9 7 64
9 6 21
4 2 117
8 2 39
1 10 121
8 3 26
6 5 152
10
7 4 122
4 3 191
1 7 300
1 9 230
8 1 72
9 6 232
2 8 273
4 5 73
10 4 159
10
9 5 151
5 6 238
9 10 77
10 7 229
6 3 37
5 1 38
8 5 221
3 2 274
4 3 56
10
9 1 187
9 5 91
9 6 286
10 1 55
6 4 275
3 1 37
4 2 135
8 6 19
7 8 58
10
9 5 18
7 5 299
8 5 123
9 3 291
10 9 29
9 2 93
8 4 213
4 6 292
1 3 90
10
5 4 49
5 8 182
8 10 14
9 5 168
4 6 233
7 4 249
4 1 279
1 3 124
2 7 36
10
2 7 210
8 2 54
7 1 287
2 6 164
7 10 208
3 2 260
5 10 170
1 4 266
6 9 48
10
8 5 129
9 5 217
1 9 278
6 9 252
3 8 88
10 1 102
4 8 34
3 2 147
1 7 94
10
1 10 47
1 8 102
2 8 196
10 7 176
8 3 293
4 3 6
6 3 96
9 8 9
1 5 280
10
5 1 123
5 7 272
9 1 213
7 3 10
4 3 242
7 10 184
10 6 132
2 6 87
8 10 217
10
4 2 193
2 1 43
1 6 32
6 8 187
8 5 165
3 6 119
10 5 104
8 7 47
9 3 30
10
4 10 78
3 4 228
5 3 78
10 7 40
2 3 166
3 8 76
1 3 258
1 6 129
9 5 182
10
7 2 280
2 8 6
1 2 44
10 8 282
10 5 71
4 5 30
4 9 269
6 7 166
3 1 150
10
5 9 174
9 4 189
3 5 102
3 8 194
3 7 290
2 3 291
1 8 223
6 1 271
1 10 18
10
9 1 43
9 8 164
8 7 66
1 6 268
10 9 155
4 9 33
9 2 214
3 10 275
5 9 191
10
8 6 6
6 9 38
1 8 30
8 7 22
3 1 137
10 1 252
6 2 8
5 9 191
4 9 210
10
10 5 113
10 4 188
4 3 282
3 9 151
8 5 83
6 5 240
10 2 195
4 7 245
1 7 91
10
6 5 141
5 2 121
7 2 104
2 1 220
3 6 297
4 5 250
8 7 296
8 10 77
9 2 106
10
6 5 119
5 10 71
3 10 131
7 6 9
10 4 215
2 4 76
4 9 92
7 1 156
4 8 146
10
5 2 217
2 6 93
2 7 137
6 8 121
2 4 234
4 9 110
3 7 221
6 10 212
1 5 291
10
6 1 8
10 1 235
4 1 171
3 10 58
2 3 289
8 1 177
7 4 87
2 9 280
5 3 296
10
10 7 271
2 10 215
6 7 108
7 5 145
3 6 274
7 8 174
9 5 208
10 1 27
4 1 198
10
4 3 130
5 4 125
5 1 62
5 2 236
1 8 196
6 8 202
10 8 56
9 6 206
7 4 169
10
9 5 102
9 8 183
7 9 214
2 5 233
9 1 184
2 4 70
7 6 287
3 9 30
5 10 174
10
4 5 201
4 3 155
3 9 48
6 5 119
1 3 117
4 7 218
5 10 264
5 2 190
9 8 77
10
4 8 192
4 7 195
7 10 94
8 3 35
4 1 237
1 5 288
2 1 211
9 10 296
6 3 96
10
7 8 96
7 3 69
3 10 56
7 2 274
10 5 89
9 7 28
6 3 9
5 4 280
6 1 89
10
10 2 121
10 7 238
8 7 118
8 4 275
1 7 11
10 5 97
6 5 157
2 9 282
9 3 131
10
8 2 26
7 2 97
8 4 272
10 8 118
5 2 202
6 10 216
9 10 136
6 1 232
3 1 249
10
5 9 190
7 5 118
6 7 165
9 3 238
3 8 9
2 7 256
7 4 202
4 1 226
4 10 101
10
2 4 120
2 3 26
10 4 61
7 4 169
8 10 192
9 2 88
8 5 142
2 6 150
1 4 298
10
3 9 231
9 2 156
8 9 292
3 7 44
4 7 111
6 9 74
6 10 261
5 6 79
5 1 225
10
2 5 262
2 10 111
10 3 178
10 6 4
6 7 149
10 8 244
1 7 103
5 4 106
6 9 6
10
5 9 236
10 5 261
8 5 100
10 7 283
9 6 181
1 7 292
1 4 187
3 7 10
3 2 268
10
2 6 214
9 6 56
9 3 285
7 2 16
3 5 52
3 4 81
10 4 195
1 6 245
5 8 285
10
3 1 177
3 8 267
9 1 10
4 1 100
8 5 265
3 7 272
10 4 163
8 2 20
5 6 221
10
7 6 221
6 8 160
6 4 269
8 9 83
2 9 220
10 9 64
8 1 221
10 5 109
3 7 75
10
2 5 293
9 2 219
5 10 29
10 6 44
8 2 58
6 1 219
4 9 32
8 7 274
3 10 141
10
8 6 223
7 6 67
8 4 105
3 4 253
7 9 163
7 1 270
7 5 29
10 1 28
2 8 298
10
2 4 9
3 4 238
2 5 223
4 6 22
10 3 163
6 1 120
3 9 110
7 5 107
7 8 269
10
4 1 205
7 1 266
7 8 80
1 5 37
9 8 89
3 8 122
9 10 66
6 10 46
2 5 246
10
9 8 154
1 8 211
8 7 199
6 1 133
4 7 41
9 5 43
6 3 270
6 2 82
10 4 96
10
9 3 121
9 8 23
10 9 277
3 4 269
2 9 288
7 9 287
5 7 237
10 6 70
7 1 282
10
4 8 79
2 4 56
2 1 296
5 2 23
9 2 195
7 4 16
3 4 94
6 8 149
10 3 54
10
7 3 168
9 7 123
2 9 44
3 1 69
8 1 199
8 4 243
6 9 266
2 10 98
10 5 128
10
1 4 78
1 10 39
7 1 59
9 4 244
5 10 61
2 1 90
4 8 71
7 6 17
2 3 26
10
1 3 70
9 3 47
2 9 247
9 4 217
9 10 122
6 1 296
7 9 275
8 6 32
3 5 53
10
4 3 82
1 3 229
2 4 221
9 1 214
7 9 253
10 2 45
9 6 283
9 5 225
3 8 4
10
6 2 194
7 6 61
5 7 186
5 4 249
8 5 209
8 9 207
2 3 192
8 10 241
3 1 6
10
1 10 68
10 5 9
1 6 34
10 3 200
5 9 211
2 10 136
7 1 139
4 6 267
2 8 179
10
1 6 131
6 8 53
4 6 145
9 8 133
2 6 37
8 10 195
5 4 130
8 7 48
4 3 223
10
2 10 186
2 4 17
2 3 10
3 6 268
3 5 193
7 3 262
7 1 170
9 10 114
8 5 44
10
10 1 272
1 7 136
4 7 142
7 9 277
10 5 285
4 2 235
7 3 64
2 6 175
2 8 76
10
6 5 11
8 6 147
6 1 269
7 5 263
8 10 40
2 8 92
10 4 258
9 5 171
9 3 137
10
5 4 44
9 4 300
4 6 155
6 2 42
10 9 140
7 4 282
8 9 80
9 1 138
9 3 239
10
6 9 209
2 9 174
6 3 119
5 2 89
7 9 108
10 5 221
6 8 12
10 1 186
9 4 126
10
4 9 224
9 5 246
10 9 152
5 7 79
10 1 290
6 4 6
7 3 207
8 4 43
6 2 38
10
5 3 140
5 7 149
10 3 144
1 5 105
9 1 60
8 7 257
10 6 73
9 4 263
2 7 153
10
2 10 98
1 2 144
10 7 190
5 1 73
8 2 94
3 8 215
2 9 249
7 6 101
1 4 129
10
9 8 173
9 5 170
3 8 198
3 7 49
3 4 51
7 6 156
4 1 41
9 10 205
2 7 124
10
1 5 106
10 1 128
8 10 294
9 10 254
5 2 29
7 10 223
4 5 223
3 1 67
8 6 189
10
10 5 115
1 5 37
5 8 34
8 4 134
3 4 37
5 7 19
2 5 271
3 9 92
6 8 78
10
9 1 106
1 7 55
9 2 100
9 5 88
1 6 88
4 1 31
8 9 285
9 10 116
4 3 70
10
7 3 31
7 8 62
4 8 46
8 1 236
7 5 244
5 9 79
3 6 80
7 2 274
10 2 241
10
3 8 63
3 1 255
6 1 3
3 10 145
10 5 165
3 7 171
4 3 55
7 9 265
2 7 105
10
7 3 68
3 5 274
9 5 136
3 2 67
6 2 64
9 10 262
6 1 173
10 8 262
4 3 51
10
3 8 199
10 8 151
6 8 202
10 9 44
9 5 5
7 8 280
1 6 92
7 4 184
4 2 274
10
6 7 74
7 4 89
3 7 229
8 6 169
4 9 283
8 1 12
2 1 15
4 10 113
4 5 236
10
3 7 182
8 7 218
3 1 225
2 3 95
3 10 250
6 1 133
7 4 17
9 3 271
5 10 42
10
9 4 45
1 4 52
9 8 29
4 5 39
2 4 190
7 9 54
1 10 28
3 7 202
10 6 206
10
4 2 278
8 2 189
4 6 137
4 1 291
9 2 133
5 1 135
10 4 138
3 1 271
8 7 110
10
9 2 14
10 2 78
10 8 217
7 8 116
8 3 292
3 5 162
7 4 281
5 1 217
7 6 134
10
3 8 282
3 10 25
8 9 5
2 3 298
10 4 163
4 7 249
8 1 142
2 6 235
3 5 256
10
4 8 99
9 8 170
7 4 41
4 3 280
7 2 197
8 1 80
5 4 106
10 2 195
6 7 133
10
3 9 269
9 10 268
1 9 65
6 10 299
6 5 126
9 8 122
7 10 287
4 6 241
2 4 8
10
8 3 179
8 10 219
5 10 54
3 7 181
6 7 245
4 10 90
1 6 135
7 2 113
10 9 134
10
3 7 173
4 7 163
7 8 285
7 9 151
4 5 243
5 6 228
7 1 263
10 6 275
2 3 118
10
8 7 132
8 5 38
7 4 221
5 6 131
2 5 204
2 10 241
9 8 59
1 10 257
3 5 201
10
5 3 161
10 3 49
2 3 43
5 1 225
2 8 157
9 10 4
10 7 68
6 5 41
10 4 132
10
1 10 270
8 10 183
1 9 146
6 1 219
1 3 95
4 3 198
7 9 142
5 9 232
2 8 59
10
7 10 275
7 5 73
4 5 251
7 3 143
2 5 240
5 9 166
7 8 182
1 10 287
6 8 89
10
6 4 267
7 6 32
4 9 205
9 5 47
8 4 193
3 4 249
2 9 42
9 1 176
8 10 258
10
10 1 64
8 1 88
10 9 298
5 10 38
9 2 219
4 8 218
6 10 24
3 4 251
8 7 258
10
1 3 159
1 6 180
6 10 171
7 3 100
5 1 247
10 9 46
2 1 154
3 4 115
9 8 84
10
6 8 117
8 4 7
9 6 264
9 3 67
9 2 267
10 3 247
6 1 132
3 7 153
5 6 61
10
10 4 259
6 10 73
7 6 129
3 10 76
3 9 251
6 5 42
10 8 33
8 2 195
1 6 36
10
2 9 142
5 9 213
2 4 126
3 5 248
3 6 99
10 3 9
7 6 236
3 8 172
5 1 173
10
1 9 71
10 1 261
3 9 3
4 3 169
9 7 227
4 6 113
3 5 117
2 1 138
7 8 132
10
9 8 271
9 1 33
1 5 58
10 8 135
1 6 187
3 1 235
10 2 179
9 7 107
3 4 17
10
10 3 155
10 6 261
6 2 54
2 9 108
5 3 77
7 10 35
8 10 102
6 4 32
7 1 55
10
3 2 265
2 4 288
9 3 280
5 9 125
7 3 184
8 2 162
10 4 250
5 1 126
6 8 117
10
9 3 232
7 3 218
1 3 38
10 1 134
1 5 181
6 1 213
10 4 139
3 2 7
7 8 27
10
8 10 75
8 3 90
8 4 259
9 8 85
9 5 200
7 10 25
2 10 112
6 8 237
1 4 158
10
9 7 120
9 4 22
8 9 243
6 7 224
7 10 87
2 8 81
5 2 217
1 10 50
8 3 265
10
4 5 243
5 9 228
8 5 84
6 4 138
7 8 178
4 10 284
10 1 244
2 4 163
4 3 292
10
4 5 31
4 3 258
10 4 256
4 8 292
2 3 280
3 9 46
6 8 149
9 1 244
7 4 31
10
1 3 283
4 3 219
1 8 72
5 1 221
3 9 262
8 6 170
2 9 247
2 7 70
6 10 241
10
9 4 225
3 4 32
4 8 72
3 1 19
6 1 225
10 1 141
6 7 277
2 9 281
1 5 208
10
7 4 250
4 10 174
5 7 64
4 8 285
6 5 203
9 4 15
9 1 192
3 10 28
2 3 34
10
9 3 230
9 8 286
7 3 55
9 5 188
7 2 115
4 3 200
5 1 88
2 6 182
9 10 254
10
6 9 184
7 6 10
8 9 159
2 7 129
2 3 125
2 5 246
1 9 184
4 1 289
10 9 131
10
8 6 277
10 8 28
3 8 184
7 6 101
7 2 251
6 1 178
8 9 228
5 7 112
8 4 163
10
7 1 89
5 1 284
7 4 32
7 9 271
2 1 25
8 5 262
9 3 34
1 10 124
6 3 174
10
10 3 205
1 3 213
7 3 37
1 8 67
6 7 267
1 4 159
5 8 89
9 8 230
1 2 209
10
4 2 160
10 2 286
2 6 204
8 10 144
5 8 252
7 8 146
3 8 54
10 9 294
4 1 185
10
4 6 201
6 7 141
7 3 75
2 6 134
6 1 118
1 5 205
5 10 282
8 4 206
4 9 227
10
4 7 2
2 4 6
7 9 72
4 10 104
2 6 137
10 8 183
9 3 252
1 2 20
6 5 170
10
1 3 82
1 8 113
1 6 284
3 7 52
5 6 131
1 9 182
9 10 240
4 1 159
8 2 65
10
2 4 276
10 4 116
3 2 51
7 3 245
7 6 128
7 5 45
6 8 105
5 1 164
5 9 253
10
4 1 231
6 4 139
10 4 274
6 8 42
4 7 143
7 9 218
6 5 76
8 3 118
9 2 287
10
5 2 270
3 2 115
6 3 136
3 9 263
5 4 38
4 8 223
1 2 120
5 10 12
4 7 89
10
2 7 21
7 10 35
8 7 94
9 7 17
10 5 248
4 10 56
6 10 223
3 2 196
1 5 66
10
5 7 152
8 5 233
9 5 109
2 7 118
10 5 118
1 2 193
7 4 10
3 8 50
6 2 255
10
9 3 146
9 6 10
10 6 91
4 10 194
4 8 163
4 1 172
5 3 195
2 10 71
2 7 242
10
5 10 256
5 4 211
4 1 18
7 4 255
1 3 11
8 3 134
6 7 141
2 5 109
9 3 287
10
3 1 189
1 5 260
10 1 93
3 7 201
4 3 89
4 8 53
7 6 56
9 10 93
5 2 42
10
6 2 9
10 2 1
10 7 215
10 8 54
8 9 156
8 4 218
3 8 233
10 5 152
1 4 195
10
9 1 84
9 5 94
3 9 16
5 8 152
4 9 163
3 10 74
3 2 247
6 4 289
7 4 119
10
6 2 135
6 10 210
6 9 117
1 9 211
1 3 279
6 5 48
8 3 59
7 3 252
4 3 195
10
7 10 19
4 10 141
5 7 255
6 10 233
1 4 92
9 5 248
3 10 187
6 8 146
4 2 77
10
3 4 182
9 3 276
3 8 73
8 6 281
5 6 185
3 2 89
10 9 97
1 8 8
7 10 239
10
8 10 181
3 8 168
10 9 103
8 2 54
10 5 157
1 9 34
2 6 204
7 2 239
2 4 23
10
4 6 126
5 6 31
7 6 170
1 5 209
1 3 230
5 9 173
2 6 142
7 8 154
10 9 46
10
2 1 75
2 8 74
4 1 63
8 7 110
3 4 212
4 5 48
10 5 139
4 6 291
9 5 115
10
8 4 85
4 1 96
8 3 157
8 9 1
8 10 298
3 7 206
3 5 174
6 4 48
9 2 119
10
5 2 218
3 2 131
7 5 288
6 5 149
8 6 268
4 3 17
3 10 222
1 8 273
2 9 105
10
4 9 111
5 4 93
3 5 27
9 6 71
2 9 90
4 8 149
5 1 220
10 1 119
7 8 75
10
9 10 116
10 6 105
9 1 34
6 8 103
1 2 176
2 5 20
3 10 184
6 7 149
4 7 237
10
8 10 253
6 10 153
6 9 190
2 9 233
4 8 283
6 1 235
6 3 65
7 1 230
1 5 74
10
8 9 92
3 8 57
1 9 102
3 5 110
3 10 33
10 6 33
2 1 142
4 8 75
7 5 285
10
5 9 35
10 5 184
7 9 242
7 3 210
1 9 281
9 6 173
4 6 64
8 9 144
2 9 213
10
3 4 27
6 4 205
2 3 79
2 1 212
1 7 223
10 4 24
1 9 164
6 5 99
8 9 38
10
2 9 290
9 5 105
2 8 217
1 9 224
3 5 217
6 3 222
8 4 141
3 7 170
7 10 140
10
10 3 240
3 9 33
3 7 104
3 4 240
2 4 85
1 10 256
8 2 1
1 5 22
9 6 127
10
4 7 206
7 8 7
4 2 273
9 4 64
10 2 3
5 2 124
3 5 144
9 1 98
7 6 295
10
6 4 277
2 4 292
4 5 169
5 9 4
7 9 196
4 3 108
10 6 80
8 9 3
7 1 114
10
10 9 261
1 9 192
8 9 111
2 9 101
9 5 35
6 8 8
1 7 286
9 4 82
4 3 45
10
8 9 49
10 9 258
10 1 3
10 5 223
3 5 17
8 4 171
4 7 158
2 5 85
3 6 134
10
1 2 179
1 5 240
2 8 266
1 3 240
5 10 83
3 4 12
9 2 168
2 6 212
5 7 128
10
9 4 192
9 5 46
8 9 263
8 10 212
5 2 76
10 3 300
10 7 236
6 3 248
1 6 118
10
9 10 95
4 10 230
10 3 140
10 7 160
8 9 232
10 5 136
1 8 96
5 6 201
2 4 296
10
10 9 132
6 9 169
10 2 157
8 6 174
5 9 197
2 1 246
10 7 72
10 4 93
8 3 63
10
5 10 182
10 8 162
10 1 18
3 8 284
8 6 52
8 9 280
1 4 292
7 10 54
2 7 19
10
6 9 87
9 2 193
5 9 274
2 8 246
6 1 253
9 10 11
3 5 101
1 7 194
5 4 156
10
2 1 103
5 2 246
2 10 47
4 1 207
10 8 164
6 1 1
3 2 176
7 4 127
3 9 175
10
6 1 110
8 6 299
1 4 20
8 5 13
6 2 245
5 3 88
5 10 59
9 10 14
2 7 1
10
7 8 99
9 7 26
5 9 147
7 4 55
6 9 292
3 4 151
10 3 228
10 2 238
4 1 84
10
9 5 100
7 5 30
5 8 2
7 3 194
2 9 24
7 6 30
3 1 10
10 2 286
6 4 180
10
4 10 22
5 10 187
3 4 97
8 3 185
2 4 222
9 2 98
7 5 257
1 2 291
6 9 2
10
1 10 217
4 1 273
2 10 60
4 6 200
9 2 125
6 8 62
7 6 218
5 8 107
3 7 118
10
5 6 114
9 5 221
2 5 275
5 4 190
4 8 243
6 1 134
8 3 175
3 10 253
1 7 179
10
1 3 70
7 1 82
10 7 49
9 3 166
4 9 30
10 2 81
10 5 264
8 7 96
2 6 215
10
10 3 63
5 10 218
3 2 8
3 4 3
7 4 144
3 1 124
10 8 125
8 6 293
2 9 30
10
7 9 152
7 1 207
9 10 167
3 10 186
4 3 233
2 4 258
8 1 172
5 2 129
10 6 213
10
7 2 295
5 2 187
1 2 45
3 1 10
4 5 62
2 10 256
5 6 261
2 8 8
9 1 207
10
4 8 295
9 4 51
9 10 85
8 3 82
7 8 20
7 1 274
1 5 237
6 8 139
4 2 295
10
8 1 238
1 9 228
1 2 252
8 5 40
6 9 234
4 9 46
7 6 18
8 3 179
10 5 164
10
6 8 285
6 9 246
10 6 285
5 10 75
8 2 6
5 7 214
3 10 268
4 5 296
1 7 84
10
10 8 100
4 10 67
8 1 14
10 3 280
4 7 203
4 2 241
2 5 111
9 3 259
9 6 228
10
1 10 42
10 8 262
8 4 222
8 2 168
2 7 52
5 4 36
8 3 254
9 10 194
9 6 102
10
3 4 181
4 9 122
3 1 50
4 6 171
10 3 290
6 5 18
2 9 217
4 8 238
3 7 165
10
2 10 146
6 10 262
2 4 146
8 2 66
2 5 204
9 8 5
8 7 42
1 6 279
3 10 179
10
5 10 149
5 6 251
9 6 32
4 6 215
7 9 40
7 8 40
8 1 289
6 2 275
3 8 102
10
1 8 139
8 3 75
3 9 38
4 8 119
10 3 38
3 7 126
2 8 126
10 6 175
5 8 260
10
10 9 279
4 10 52
6 9 83
3 10 270
6 1 227
10 8 139
10 5 57
10 2 295
7 3 169
10
5 8 212
8 10 74
3 8 2
3 4 250
3 2 300
10 7 121
6 4 237
6 1 262
7 9 266
10
6 4 196
10 4 48
6 2 38
2 7 161
2 9 134
5 6 55
7 8 287
8 3 6
5 1 95
10
1 4 231
3 1 61
3 7 16
10 4 112
4 8 7
2 4 109
5 10 210
2 6 17
3 9 63
10
9 5 248
5 10 299
4 9 158
1 9 208
2 1 68
2 3 157
10 6 58
3 7 205
2 8 151
10
10 2 71
2 9 35
9 5 161
4 5 92
7 2 138
6 10 224
4 1 169
8 5 166
4 3 247
10
9 1 98
1 8 274
9 7 123
6 1 49
8 5 219
2 7 58
8 4 14
10 9 98
3 6 71
10
3 2 257
3 8 10
3 9 99
9 7 83
9 5 60
7 1 122
10 7 200
6 7 129
4 7 43
10
1 9 99
2 9 72
6 9 225
5 6 14
6 4 81
7 4 290
1 10 236
3 7 79
8 2 207
10
6 7 263
4 6 14
2 7 275
2 5 237
8 4 243
7 9 73
5 3 172
4 1 84
10 9 26
10
2 1 189
2 7 109
2 3 176
1 10 161
1 5 193
10 8 67
1 4 157
1 6 13
8 9 163
10
7 8 76
7 3 222
9 8 127
3 4 222
3 5 101
6 7 287
7 2 47
3 10 270
6 1 129
10
8 6 122
3 8 220
5 6 295
6 10 140
7 5 146
2 8 264
9 2 169
1 5 18
5 4 56
10
5 8 163
2 5 12
5 3 179
2 4 115
5 10 196
2 7 269
9 5 51
1 9 177
6 10 16
10
8 10 196
8 7 55
8 1 160
5 7 290
6 5 201
5 2 232
9 2 295
6 4 125
3 7 82
10
10 9 109
1 10 226
6 1 70
4 1 192
7 9 22
8 6 174
5 8 214
2 5 157
3 7 24
10
7 6 132
6 5 256
5 9 267
7 1 86
10 6 135
5 4 255
6 3 49
3 8 271
7 2 185
10
1 2 212
2 4 7
4 7 244
4 3 298
5 7 81
5 8 222
2 9 250
2 6 278
10 3 106
10
3 6 269
3 9 106
3 2 183
9 4 71
8 3 211
5 2 245
5 7 216
1 9 69
4 10 52
10
3 10 173
3 9 7
9 8 212
9 6 288
1 6 55
10 5 98
6 4 180
10 7 136
6 2 263
10
9 8 266
8 6 217
8 7 111
3 9 157
6 5 158
10 9 279
1 5 89
10 2 61
4 5 168
10
7 6 35
3 6 37
2 6 292
2 8 89
8 9 199
5 7 113
1 5 217
2 10 72
4 6 64
10
3 10 216
6 10 186
9 10 245
3 2 151
2 1 7
9 7 173
2 5 80
1 8 298
4 2 262
10
6 3 122
3 1 229
2 3 286
1 10 249
6 8 250
3 5 68
2 7 23
6 9 261
4 8 33
10
7 4 98
10 7 68
10 1 170
10 6 191
3 6 18
2 7 153
9 1 230
8 3 83
2 5 72
10
4 6 100
1 6 268
7 6 255
10 7 110
7 2 85
3 6 244
5 10 279
6 9 111
8 6 226
10
3 1 185
7 1 193
3 6 27
5 6 140
3 2 174
5 9 136
1 8 76
10 7 66
4 1 212
10
5 3 92
3 1 241
7 1 259
6 5 165
6 4 44
1 8 100
5 10 42
4 2 211
9 3 48
10
1 6 290
6 7 62
1 4 194
6 9 22
2 6 120
5 1 256
8 6 56
2 3 294
6 10 174
10
8 10 203
5 8 15
8 6 143
7 5 252
7 3 232
1 5 153
2 3 59
5 4 221
9 2 27
10
9 2 284
5 2 26
8 2 250
2 4 5
8 7 275
3 5 288
3 6 17
8 10 258
1 8 263
10
3 5 235
3 2 177
9 3 255
4 5 148
9 10 252
1 3 182
6 10 106
3 8 199
10 7 21
10
5 7 171
5 9 172
7 8 26
3 7 90
1 9 154
10 5 158
6 1 156
5 4 186
2 9 134
10
7 3 118
8 3 118
8 4 224
3 5 47
5 10 254
8 6 23
8 9 246
1 7 122
2 6 41
10
3 8 148
3 7 76
3 6 293
1 7 29
10 3 53
2 6 152
4 6 95
10 5 244
3 9 144
10
6 7 114
7 5 161
7 4 23
10 5 112
3 10 33
10 2 109
6 8 8
2 9 87
5 1 291
10
7 1 180
7 6 218
1 3 234
1 9 227
7 10 292
2 7 265
6 5 127
4 1 239
3 8 30
10
6 3 189
4 3 153
1 6 148
6 8 299
8 9 154
10 1 16
3 5 130
2 3 232
7 10 49
10
5 9 299
9 6 147
9 7 160
5 3 88
4 5 270
6 2 137
10 9 136
8 6 136
1 2 278
10
3 2 272
7 3 47
3 8 168
7 5 51
2 4 9
3 6 294
1 6 239
2 9 142
4 10 268
10
7 10 282
7 1 159
7 8 186
9 1 130
3 7 23
5 9 197
2 3 98
4 1 43
6 1 100
10
9 3 163
3 6 117
2 9 158
8 2 148
3 4 236
6 10 98
1 6 26
5 8 70
7 2 183
10
7 2 239
4 2 27
2 5 286
1 4 223
8 4 138
6 2 192
5 9 132
9 3 281
10 6 97
10
4 9 168
10 9 237
10 5 83
5 2 143
7 4 269
9 1 202
3 1 232
10 6 190
8 1 26
10
1 3 206
5 3 99
8 1 239
7 3 67
5 4 291
4 10 8
6 1 59
9 7 169
2 9 151
10
2 3 202
9 3 260
8 9 101
2 6 277
5 3 227
4 3 168
4 10 197
9 7 36
1 7 274
10
1 6 166
2 1 289
2 5 276
1 10 106
9 6 244
2 8 290
4 6 134
10 3 209
7 5 194
10
4 2 178
2 7 26
6 4 240
7 8 21
1 7 138
10 2 254
4 9 251
10 3 94
4 5 179
10
8 1 288
6 1 149
1 9 227
6 3 20
9 5 158
2 8 42
6 4 190
10 8 221
3 7 109
10
2 7 18
2 3 171
10 7 193
2 4 260
8 10 98
7 9 220
6 7 46
2 5 2
1 5 49
10
6 3 172
2 3 55
6 9 5
5 3 131
2 1 195
2 4 118
8 4 299
9 7 70
10 1 124
10
10 4 268
4 9 208
3 4 60
4 7 227
6 10 37
5 9 63
5 2 234
2 8 59
9 1 22
10
5 8 259
4 5 158
2 4 137
1 4 202
4 9 46
7 1 138
4 10 89
7 3 190
6 10 159
10
9 8 69
2 8 169
1 2 3
1 3 19
9 5 183
10 5 151
8 7 157
6 2 172
10 4 160
10
3 5 125
4 5 180
3 8 94
10 3 275
5 9 206
8 7 65
9 6 50
2 3 156
1 10 292
10
1 3 36
3 4 155
1 8 163
5 8 125
1 2 159
2 9 211
6 4 112
8 7 214
10 1 210
10
7 8 55
5 7 232
8 6 231
3 6 180
8 9 239
8 2 108
2 10 204
6 1 152
4 5 209
10
10 3 37
10 2 288
6 3 85
8 2 133
10 1 228
5 6 253
4 5 66
2 7 40
9 4 19
10
10 3 50
2 10 297
7 2 287
10 9 228
2 6 175
7 8 229
1 3 121
5 7 63
5 4 103
10
5 3 241
2 5 194
5 9 149
9 10 166
1 2 221
10 8 107
9 7 183
8 4 178
9 6 168
10
2 3 255
2 7 157
9 3 160
2 6 287
4 3 182
9 5 191
7 1 207
10 3 280
9 8 167
10
4 6 222
4 8 235
8 10 228
3 8 54
3 7 248
9 6 64
3 5 192
2 3 215
9 1 218
10
1 8 122
8 7 82
8 4 166
2 8 211
1 5 278
7 9 288
6 4 200
4 10 255
3 9 124
10
7 8 298
7 5 219
3 5 291
5 9 148
4 3 11
3 6 120
10 8 136
2 5 191
10 1 124
10
5 6 83
6 9 130
5 2 6
4 5 64
1 5 79
6 8 252
3 1 94
5 7 17
5 10 245
10
3 7 119
3 9 21
7 5 147
5 6 160
7 8 87
7 2 4
8 1 127
7 4 48
10 2 17
10
7 8 155
7 2 149
7 3 260
8 4 24
1 7 89
5 1 196
9 2 123
10 4 185
6 9 135
10
2 8 182
2 6 221
1 6 195
9 6 232
10 9 83
3 8 31
3 7 133
4 1 173
2 5 269
10
1 10 39
10 5 161
1 4 262
10 6 219
9 4 245
5 2 266
9 7 282
10 8 278
3 7 67
10
8 3 80
3 4 267
8 10 157
4 7 81
8 9 53
10 1 204
9 2 53
6 1 81
2 5 105
10
1 7 138
4 7 238
1 2 31
6 2 294
5 1 293
10 2 261
6 9 285
8 2 249
3 1 176
10
9 1 36
1 5 41
4 5 276
1 7 272
3 5 84
8 3 287
7 6 106
7 2 54
6 10 246
10
6 8 235
8 10 81
6 4 7
6 5 215
7 10 65
1 6 230
9 8 63
3 5 215
5 2 209
10
10 5 73
8 10 36
1 10 167
3 1 31
7 1 113
3 2 273
5 6 17
9 2 22
5 4 237
10
3 10 210
8 3 206
10 5 62
7 5 33
2 10 201
8 1 72
9 1 15
5 4 89
6 1 171
10
4 6 251
9 4 117
4 5 166
5 8 279
1 4 7
6 7 93
5 10 78
4 2 232
6 3 277
10
4 6 181
9 4 207
9 7 209
8 6 217
9 10 212
7 1 219
3 6 57
2 4 153
5 7 247
10
9 1 143
7 1 244
4 7 62
8 9 237
4 2 292
2 10 179
6 10 222
10 5 95
4 3 108
10
4 1 178
8 4 273
10 8 244
10 7 82
10 5 275
6 8 236
2 10 270
3 5 66
9 8 277
10
4 7 76
4 2 148
9 4 105
2 1 265
4 8 185
2 3 65
3 5 99
8 6 108
7 10 20
10
8 2 56
8 6 214
2 10 199
6 5 293
2 3 18
4 5 205
1 5 277
8 7 235
9 4 10
10
4 7 198
7 3 113
10 4 45
9 3 130
4 2 129
7 8 141
5 7 170
1 5 67
9 6 49
10
10 6 51
6 3 70
4 3 28
2 4 177
10 8 193
1 2 4
7 8 3
7 5 192
4 9 200
10
4 10 224
10 9 14
10 3 4
10 8 169
7 8 230
5 8 199
1 10 214
1 6 17
4 2 18
10
2 5 214
1 2 117
5 10 175
3 1 279
1 8 138
9 8 280
1 7 13
6 7 69
2 4 217
10
1 2 227
1 10 132
4 10 222
1 8 261
2 3 42
5 4 150
7 5 24
9 2 213
9 6 213
10
1 2 64
10 1 194
5 1 122
6 2 282
6 7 94
4 6 205
8 7 239
9 7 136
3 8 184
10
7 6 217
7 3 40
5 6 38
9 7 72
2 6 12
10 6 260
1 10 22
4 9 298
8 10 272
10
10 7 51
8 7 12
8 5 80
4 7 289
10 2 28
3 7 178
8 9 161
1 3 12
6 5 22
10
7 10 91
7 3 91
10 8 216
3 6 193
2 3 20
1 10 14
2 5 54
9 5 300
4 8 150
10
4 5 7
8 5 132
7 4 58
9 7 213
10 8 108
5 2 45
9 6 175
3 6 212
1 6 190
10
2 3 67
7 2 276
5 3 80
6 3 300
2 8 230
4 5 228
10 5 258
1 4 95
9 1 161
10
8 4 291
3 4 87
8 2 104
8 9 219
3 6 58
9 10 85
1 6 194
5 10 27
7 9 222
10
7 10 89
7 9 265
7 4 264
5 9 170
10 3 249
9 8 5
2 7 131
1 3 71
6 4 204
10
2 1 146
1 4 30
4 5 155
7 2 169
5 3 156
8 2 59
1 10 254
5 6 221
5 9 251
10
5 4 26
4 1 14
5 6 54
3 5 71
8 4 229
10 3 216
7 6 44
9 4 44
2 10 66
10
3 8 81
7 3 86
7 9 85
7 10 175
2 10 49
7 1 133
6 10 50
3 4 234
6 5 44
10
7 8 26
3 7 126
1 7 170
1 4 276
8 9 147
2 7 224
3 5 19
6 9 86
10 6 234
10
4 5 135
9 4 231
9 6 285
1 4 88
9 7 110
8 1 178
9 2 231
6 3 76
10 1 114
10
5 9 3
8 9 300
5 3 222
4 3 228
3 1 168
6 5 241
3 2 221
8 7 282
10 8 173
10
7 9 20
3 7 164
1 7 284
7 5 99
7 10 12
7 4 123
4 6 108
8 10 70
2 4 195
10
10 9 46
10 8 60
3 9 207
8 7 187
7 4 128
2 3 200
6 8 36
10 5 273
10 1 98
10
2 4 278
3 2 82
3 9 272
9 10 103
9 5 40
4 1 119
5 7 89
8 9 111
10 6 157
10
8 2 117
2 4 127
2 5 226
10 4 152
4 9 122
9 6 255
4 7 283
1 2 50
3 8 28
10
1 3 94
8 3 209
8 5 109
10 5 111
8 6 127
10 4 196
2 10 165
9 3 37
7 10 152
10
8 2 248
6 8 202
3 6 87
10 6 181
8 7 54
6 9 28
9 1 286
5 8 157
7 4 129
10
8 2 161
5 8 45
6 2 130
1 8 100
9 6 286
6 3 203
4 8 53
7 9 126
8 10 53
10
2 1 61
6 1 8
7 6 118
8 7 205
5 1 136
2 3 248
4 3 290
2 10 74
8 9 77
10
2 8 15
2 6 277
1 8 44
4 8 26
1 9 235
4 7 205
9 10 248
10 3 147
9 5 63
10
7 8 168
8 1 265
6 8 230
7 2 65
10 7 17
8 4 98
10 9 98
3 7 107
5 4 185
10
9 6 111
6 2 273
5 9 34
4 5 128
9 3 92
10 2 19
1 9 294
8 1 173
2 7 194
10
9 1 202
5 1 10
9 10 201
10 8 173
10 4 181
1 7 180
9 3 222
2 5 273
5 6 63
10
1 4 147
5 4 41
1 9 85
1 3 255
1 7 1
8 4 283
2 8 280
7 10 296
8 6 73
10
6 9 222
6 2 199
8 6 109
6 4 15
5 8 93
6 7 257
6 1 184
9 3 172
2 10 57
10
5 6 165
5 8 281
8 3 88
2 3 77
5 7 84
8 9 274
10 9 252
4 7 262
8 1 166
10
6 5 233
6 3 124
10 3 111
3 1 233
7 10 34
1 4 150
2 10 262
9 7 165
8 4 182
10
3 2 215
4 3 170
7 4 208
7 10 180
7 8 192
1 7 217
9 1 62
8 5 283
3 6 283
10
7 4 62
6 4 152
10 7 63
5 7 257
1 10 58
1 9 110
3 7 125
2 4 262
5 8 200
10
7 10 97
9 7 12
7 2 65
6 2 193
5 2 10
10 1 13
8 6 125
4 10 157
4 3 171
10
6 5 261
1 6 95
1 2 208
4 5 248
10 6 115
2 3 207
4 8 144
3 9 138
7 5 216
10
8 1 186
5 1 62
1 4 286
10 4 224
6 10 280
9 1 282
3 1 273
7 5 275
2 8 270
10
4 8 163
8 5 245
4 6 275
2 5 244
4 9 50
9 1 138
7 1 83
6 3 237
10 4 121
10
3 2 28
6 3 80
3 7 73
2 4 257
4 5 150
10 7 227
5 8 203
9 2 255
6 1 239
10
3 9 248
8 3 29
5 9 259
9 1 112
3 7 217
8 4 239
8 6 246
1 10 184
2 1 165
10
7 2 98
2 10 118
1 2 3
8 1 39
5 8 196
4 10 22
5 3 76
8 9 298
3 6 265
10
1 7 3
1 6 239
10 7 255
10 3 300
8 3 250
3 5 15
4 8 144
2 5 24
2 9 211
10
8 6 118
5 6 119
9 6 238
6 4 36
9 3 33
10 6 24
2 9 233
1 2 122
3 7 100
10
2 10 112
10 1 229
10 9 117
10 7 173
7 6 219
10 5 62
8 6 72
3 7 117
4 10 80
10
8 6 40
10 8 251
1 10 113
6 7 232
8 2 198
7 3 133
7 9 138
3 4 213
5 4 78
10
2 6 192
6 4 128
2 5 256
4 1 295
10 1 49
5 3 97
8 1 30
10 7 274
10 9 198
10
5 10 117
10 2 205
5 1 223
5 4 8
9 4 20
2 8 199
3 8 239
8 7 173
1 6 257
10
5 9 248
6 9 154
3 6 226
6 8 119
6 4 253
1 5 149
5 7 252
1 10 212
2 8 104
10
9 5 25
8 9 155
8 3 107
9 10 205
2 10 86
7 2 94
10 4 209
1 4 15
6 10 243
10
1 5 36
1 2 285
10 1 95
2 6 92
10 9 294
2 4 161
5 3 117
7 5 19
10 8 228
10
2 9 25
1 2 84
9 8 90
8 5 2
9 7 129
1 3 193
9 6 100
10 7 18
1 4 251
10
5 8 268
7 5 230
5 6 250
5 3 181
8 4 74
7 2 70
10 6 263
1 4 148
8 9 105
10
9 5 198
5 3 33
10 9 116
1 9 291
10 4 260
6 9 187
5 7 181
8 3 253
7 2 15
10
7 10 93
10 9 139
7 3 25
7 5 282
1 7 84
4 10 127
8 5 63
2 1 92
6 5 171
10
8 9 260
9 10 46
6 8 297
9 4 29
5 4 47
3 4 170
7 3 156
7 1 229
3 2 50
10
6 9 132
7 6 94
4 6 275
9 8 229
2 7 278
5 2 34
3 6 286
2 10 249
1 5 164
10
7 6 200
8 6 261
4 8 200
6 5 56
10 6 285
3 8 186
9 8 115
4 1 270
2 7 184
10
5 8 200
5 9 290
5 7 99
6 9 65
9 4 92
3 4 59
8 1 5
10 1 139
2 9 27
10
1 3 48
1 4 45
1 9 128
6 1 228
6 2 30
7 2 150
8 6 128
5 4 43
4 10 42
10
10 3 147
4 3 266
2 10 300
3 5 183
6 3 67
9 4 105
7 9 233
8 9 164
1 3 191
10
4 10 131
10 1 222
10 6 90
6 8 113
8 7 190
6 5 182
3 1 46
2 1 216
9 4 289
10
9 3 254
3 6 86
8 6 152
6 2 183
1 6 206
10 2 103
7 1 180
9 4 129
5 10 139
10
10 4 166
5 10 147
8 5 269
2 8 137
5 1 90
3 1 171
7 5 69
9 1 66
6 5 123
10
4 9 154
10 4 91
7 10 87
4 1 258
2 4 130
2 5 298
3 9 129
10 6 261
8 5 120
10
1 8 142
1 6 45
6 5 216
10 5 206
9 1 205
7 6 66
3 8 166
4 3 154
2 3 215
10
4 2 105
4 5 121
9 4 182
5 10 21
7 5 187
1 9 274
3 2 160
8 9 113
7 6 220
10
4 9 208
9 5 49
3 9 159
9 8 299
7 8 146
4 6 243
8 1 24
10 9 142
3 2 179
10
5 8 106
9 8 235
9 3 142
10 8 112
5 2 267
2 6 200
2 4 203
8 7 88
1 2 50
10
8 4 8
6 8 76
8 3 207
8 9 215
3 5 65
6 2 215
2 7 20
1 2 40
8 10 170
10
6 8 292
8 2 222
7 2 99
9 2 81
4 8 244
7 1 230
10 6 220
7 5 266
10 3 174
10
6 3 52
8 3 106
10 8 249
10 7 175
7 2 94
2 5 242
6 9 208
5 4 270
5 1 59
10
7 2 233
2 6 150
9 7 284
2 8 54
10 7 243
4 9 204
8 5 4
3 8 247
1 8 15
10
4 10 97
10 8 143
10 3 117
1 10 263
6 8 120
9 8 148
7 1 169
5 1 104
8 2 291
10
6 9 77
5 6 115
6 8 140
3 9 250
6 4 90
1 9 245
8 7 188
10 1 298
3 2 98
10
10 1 211
5 1 164
10 6 18
10 7 59
6 8 187
5 2 112
8 9 270
3 10 167
4 7 231
10
8 1 8
8 5 189
5 6 65
1 2 165
5 9 299
8 7 114
2 4 8
10 5 138
6 3 123
10
9 8 270
5 8 48
2 9 193
6 8 88
3 2 109
2 4 248
1 9 246
7 4 181
7 10 184
10
3 5 269
3 1 155
3 9 153
10 3 11
1 4 6
2 1 148
8 10 200
4 7 153
6 5 70
10
9 2 125
6 2 27
4 2 117
2 3 183
3 7 100
6 1 261
8 2 206
1 5 77
10 2 19
10
6 5 99
6 3 270
3 10 33
3 7 226
10 4 272
9 5 247
1 3 279
1 8 271
6 2 121
10
6 1 296
2 1 165
10 6 116
8 6 85
2 7 203
6 9 207
7 3 167
3 4 29
5 1 139
10
9 3 300
3 2 186
2 6 171
5 3 182
2 8 132
10 5 58
6 4 220
10 1 161
3 7 56
10
4 10 204
1 10 71
8 1 81
6 10 174
5 8 139
6 9 283
9 2 34
3 6 241
7 9 211
10
5 2 234
2 1 75
9 5 90
6 2 96
4 1 9
8 9 266
1 7 280
10 6 113
3 5 151
10
7 8 236
8 3 134
5 8 215
7 1 236
1 6 128
8 4 173
7 10 204
7 2 41
9 10 173
10
6 7 277
7 4 215
6 5 101
3 4 37
2 4 71
8 3 297
1 5 173
8 10 195
9 8 232
10
8 2 196
2 9 99
2 3 9
2 6 217
1 2 134
4 9 223
9 5 263
10 3 49
7 2 183
10
9 6 218
6 8 293
2 9 212
2 1 13
9 7 219
9 3 50
1 4 114
10 3 210
9 5 89
10
3 1 155
3 2 37
10 1 271
4 10 228
3 6 45
5 6 257
4 9 173
8 1 243
8 7 18
10
9 10 69
9 2 172
4 2 72
1 2 112
6 1 13
5 4 228
4 3 288
3 7 191
3 8 208
10
4 3 88
9 3 124
4 1 86
3 10 45
7 10 167
7 5 45
6 4 131
8 3 35
9 2 271
10
1 7 59
7 4 155
1 8 230
7 3 243
6 4 57
7 9 16
10 4 125
5 7 236
10 2 59
10
4 7 265
3 4 179
7 8 5
8 1 250
7 9 26
10 7 112
5 9 5
7 2 229
6 4 158
10
5 10 217
9 5 159
5 8 102
3 8 125
9 2 89
9 1 173
1 6 285
4 5 30
7 8 232
10
6 7 250
6 2 92
7 3 203
9 6 19
9 5 248
4 2 80
10 6 267
9 1 70
5 8 146
10
5 1 266
5 9 228
6 9 83
5 8 75
4 1 147
9 10 165
7 5 99
3 4 255
2 6 7
10
3 6 236
10 3 94
4 10 174
6 1 232
9 3 98
6 2 276
8 3 262
7 2 163
7 5 81
10
5 2 68
2 1 259
4 1 268
2 10 250
5 9 108
4 7 122
9 8 185
5 3 162
6 9 266
10
10 4 26
4 6 19
9 6 209
7 9 207
5 4 129
8 7 7
7 2 202
1 7 85
7 3 162
10
6 7 237
2 7 285
7 4 87
2 3 62
6 9 158
8 9 152
5 4 77
10 9 12
1 8 242
10
2 1 106
9 2 44
2 4 15
9 3 188
6 3 104
1 5 238
8 5 259
10 2 136
3 7 263
10
5 3 275
3 6 257
2 6 172
4 5 203
3 7 243
6 10 190
8 3 161
7 9 49
1 7 294
10
1 3 108
3 7 18
10 1 127
4 1 222
10 9 118
6 3 46
6 2 201
10 8 279
8 5 149
10
3 5 273
5 4 73
3 8 9
6 5 221
5 10 256
7 6 45
9 5 140
1 6 25
2 1 243
10
10 9 205
9 6 72
2 10 92
4 2 243
9 7 281
10 5 46
5 1 71
8 2 28
4 3 9
10
4 1 243
9 4 292
9 10 89
7 4 273
7 2 126
8 7 147
3 9 263
6 4 216
5 8 132
10
4 9 164
4 6 73
4 5 195
2 9 151
8 9 18
5 10 96
9 7 258
1 10 242
3 5 59
10
6 7 299
6 3 58
1 3 183
10 6 147
2 3 106
6 5 155
1 9 244
4 2 178
8 1 246
10
7 9 15
7 5 249
3 9 264
3 10 16
9 1 244
6 3 15
4 7 39
8 1 22
1 2 204
10
5 8 288
6 5 168
3 8 23
6 2 118
8 1 188
7 5 126
2 9 242
3 10 59
5 4 179
10
7 10 38
10 3 251
9 10 24
6 10 9
4 3 283
2 7 101
2 8 267
2 1 107
6 5 70
10
7 6 237
7 2 48
6 3 224
4 3 188
7 10 264
6 1 244
9 6 196
6 5 142
8 6 88
10
4 2 115
2 10 118
10 1 134
1 8 64
7 1 246
10 3 187
2 5 62
1 6 264
9 5 188
10
7 8 215
10 7 70
8 4 117
3 4 169
9 10 68
1 4 90
2 4 91
5 8 261
10 6 41
10
10 7 29
5 10 221
3 10 133
4 10 289
5 2 265
2 1 88
8 7 199
9 2 23
6 2 115
10
4 9 11
9 5 79
6 4 121
5 3 245
6 7 174
1 5 25
10 4 86
8 5 243
4 2 175
10
4 1 130
1 5 68
6 5 40
4 8 144
7 6 149
5 9 164
2 9 91
3 8 13
9 10 71
10
1 3 164
5 3 132
8 5 139
3 9 11
10 5 164
4 10 217
8 2 181
4 7 30
2 6 218
10
1 7 212
1 9 220
7 5 39
7 4 238
10 7 10
8 4 188
9 3 103
10 2 240
6 3 138
10
5 9 57
7 9 254
5 8 290
5 1 253
8 3 85
4 9 94
10 7 67
6 3 53
2 8 199
10
3 9 238
3 10 56
3 2 36
6 2 152
10 1 110
10 4 45
5 6 235
7 3 19
8 4 136
10
2 3 202
3 10 191
1 2 288
9 10 114
10 8 48
3 7 47
5 8 228
1 6 101
4 3 108
10
2 3 32
3 5 23
2 8 10
3 6 227
2 4 278
9 6 109
6 10 57
6 1 148
7 6 147
10
7 4 102
7 1 32
8 1 225
9 7 167
9 2 23
3 2 243
4 5 209
6 4 234
10 6 247
10
5 3 93
6 5 137
6 4 37
2 3 12
5 7 284
10 2 131
5 8 185
10 1 174
9 8 109
10
5 4 207
3 4 97
5 6 224
8 3 97
5 2 16
9 4 6
3 7 63
3 10 191
5 1 185
10
5 10 52
9 10 254
2 5 77
5 1 62
7 10 177
3 9 46
10 4 211
8 9 108
6 3 71
10
3 5 184
7 5 188
5 2 102
2 9 37
2 4 35
4 10 18
1 3 120
8 3 14
6 1 287
10
4 2 135
2 5 83
6 2 128
7 4 65
7 9 31
5 3 207
1 3 40
4 8 19
10 7 80
10
6 1 70
6 10 45
3 1 73
6 9 3
3 2 208
2 7 20
2 8 145
2 4 151
4 5 182
10
1 4 131
4 5 52
9 5 97
9 8 105
4 6 135
2 9 147
7 2 10
3 8 255
1 10 148
10
5 6 128
4 5 248
2 5 61
9 6 285
8 4 283
5 10 222
2 3 108
5 7 295
4 1 111
10
6 1 267
7 1 155
1 4 120
3 6 81
3 10 182
1 9 48
3 5 228
8 9 212
2 9 96
10
10 5 85
2 10 92
4 2 145
5 1 3
10 9 110
3 5 7
3 8 139
2 6 49
8 7 230
10
6 2 23
1 2 220
2 3 94
4 6 179
7 6 63
8 6 285
4 5 248
10 6 163
9 3 144
10
10 1 114
10 5 230
4 1 163
7 4 229
1 9 249
6 9 12
7 8 30
4 2 162
3 5 188
10
9 10 245
4 9 63
6 4 268
7 4 276
1 7 45
1 8 207
3 9 51
5 9 186
2 3 257
10
5 7 14
4 7 75
3 5 185
6 5 5
1 6 62
7 10 33
2 7 44
8 10 32
5 9 168
10
1 6 91
1 7 19
7 9 142
7 10 88
9 4 277
2 4 85
1 3 283
5 1 271
8 4 22
10
5 10 155
10 3 75
3 1 204
7 10 194
2 5 84
1 8 12
5 4 157
6 10 284
9 1 18
10
5 7 250
7 8 267
8 10 51
1 5 6
7 4 95
4 9 2
6 5 83
8 2 122
3 6 141
10
2 5 176
6 2 38
4 5 2
9 6 131
9 1 199
10 1 229
3 5 34
8 1 16
7 1 278
10
8 10 193
10 2 25
8 3 108
8 9 180
4 10 68
3 7 7
10 6 209
3 5 31
2 1 277
10
2 9 85
2 10 157
8 9 148
2 3 222
10 1 190
1 6 151
2 7 7
7 5 54
4 1 204
10
3 7 27
6 7 217
7 9 249
10 9 64
6 5 24
9 1 182
7 2 267
1 8 281
8 4 195
10
5 2 35
2 8 89
5 3 102
4 3 73
2 9 27
9 6 290
1 8 155
7 4 227
6 10 25
10
8 7 234
8 3 272
1 8 43
3 4 39
7 9 14
7 6 161
5 3 249
2 4 110
8 10 43
10
9 2 215
1 9 124
4 1 168
3 4 39
1 8 9
2 10 297
6 3 114
7 9 115
5 7 291
10
2 9 42
7 9 171
8 2 228
7 1 4
9 10 53
7 4 261
4 3 130
1 5 92
6 5 278
10
2 3 267
7 3 33
7 9 63
7 8 233
8 5 107
1 3 109
10 2 194
10 6 94
4 3 102
10
7 8 165
8 1 159
1 6 196
1 2 252
6 9 259
4 1 256
10 2 54
6 5 56
7 3 237
10
7 2 276
7 1 57
2 9 29
2 10 114
2 6 252
3 10 279
5 3 90
4 10 174
8 4 210
10
7 4 55
9 4 255
8 4 283
7 3 237
6 3 294
1 6 86
7 5 259
3 10 267
9 2 182
10
9 4 229
6 4 126
8 4 258
8 3 34
3 2 232
10 2 224
9 5 135
3 7 203
2 1 136
10
9 7 93
5 7 208
6 9 159
7 4 291
10 6 185
3 6 115
2 10 15
9 8 214
1 9 255
10
5 9 257
5 1 283
1 3 117
3 8 80
6 9 204
4 5 10
10 4 138
6 2 100
7 1 214
10
10 5 192
2 5 153
2 6 194
5 4 87
9 6 277
8 9 222
7 5 18
3 7 221
1 3 61
10
1 4 150
7 4 19
4 6 58
2 7 114
5 1 195
6 3 24
6 8 40
3 9 109
10 8 22
10
5 6 154
5 9 232
8 5 13
6 3 19
7 8 271
1 7 216
2 3 66
6 4 47
9 10 88
10
9 8 182
4 8 57
9 10 273
8 2 187
4 3 103
10 6 23
5 10 170
2 7 256
9 1 241
10
7 3 171
1 3 70
4 7 67
5 7 69
10 4 87
1 9 11
6 1 109
1 2 293
8 4 74
10
2 1 248
1 5 254
2 10 102
1 4 110
3 5 194
5 6 79
8 5 84
8 7 110
8 9 134
10
9 8 230
3 8 143
3 10 282
1 8 269
10 6 105
1 7 100
2 8 217
4 9 244
4 5 173
10
1 4 240
3 1 300
8 3 141
8 10 84
7 10 88
7 9 282
6 8 240
6 5 287
2 10 177
10
5 2 271
5 6 206
7 5 273
10 7 33
4 7 60
10 8 50
8 9 232
6 1 99
3 2 119
10
10 9 279
8 9 42
7 10 176
4 8 59
7 3 65
6 4 257
6 1 266
7 2 88
5 6 191
10
3 5 112
1 3 4
3 6 243
2 1 51
9 5 231
7 3 44
2 4 196
5 10 287
7 8 78
10
4 10 29
4 6 64
3 6 206
1 3 246
8 6 135
7 4 207
9 1 79
1 5 95
7 2 162
10
5 1 29
6 1 117
5 2 185
2 3 107
6 4 236
6 9 86
5 8 254
10 2 185
7 10 184
10
7 5 59
2 7 258
1 2 266
10 7 47
2 3 152
8 2 160
10 9 17
4 5 83
6 3 268
10
5 4 174
4 6 25
1 6 101
6 8 268
8 7 6
10 4 196
2 8 264
9 8 39
8 3 257
10
8 10 99
5 8 79
5 1 185
7 1 9
10 4 33
4 9 283
7 6 228
10 3 116
2 1 197
10
2 10 226
8 10 147
2 7 292
2 9 108
3 8 131
3 6 128
1 8 240
4 8 170
8 5 257
10
10 7 94
10 3 56
5 3 291
7 6 283
7 1 156
2 1 206
8 7 179
4 5 165
6 9 262
10
8 6 108
4 6 150
8 5 8
8 3 184
4 9 39
10 4 122
10 1 219
7 5 21
2 3 128
10
6 8 262
6 3 190
4 8 198
3 9 242
5 9 290
2 5 21
8 7 54
8 1 278
10 6 9
10
8 3 58
10 8 55
8 2 260
10 7 276
10 4 151
6 2 104
10 1 216
7 5 296
4 9 152
10
7 8 46
9 8 119
8 3 106
8 5 94
10 8 215
6 9 153
5 4 198
1 6 48
2 6 87
10
8 7 33
6 7 32
5 7 103
4 8 176
6 1 117
6 10 126
6 2 58
3 7 175
4 9 110
10
7 10 212
10 3 70
2 7 194
9 3 247
6 2 272
9 1 122
7 5 203
10 4 290
8 1 273
10
3 7 48
7 2 192
2 6 82
7 8 33
1 3 59
2 5 282
10 3 58
6 9 266
3 4 115
10
1 8 9
1 4 45
3 4 15
8 5 185
8 6 194
9 1 83
6 10 4
10 2 37
1 7 165
10
2 4 223
4 3 73
2 5 219
5 9 120
1 5 69
9 8 164
10 8 224
7 5 77
6 5 143
10
8 9 260
10 8 134
1 10 247
3 10 298
4 1 154
2 3 150
9 6 133
5 9 88
7 3 91
10
8 3 274
7 8 276
3 1 276
3 9 282
9 10 249
2 9 166
3 6 103
4 9 275
5 10 212
10
3 9 113
7 9 114
2 9 104
6 7 177
4 9 251
9 8 176
10 9 265
7 5 287
5 1 60
10
1 10 245
1 3 179
3 5 263
1 4 164
1 2 90
3 9 136
6 9 66
9 7 168
8 2 290
10
5 4 175
1 5 274
1 9 243
2 4 290
9 7 137
5 10 238
1 8 214
3 8 9
2 6 96
10
10 5 252
5 7 208
2 7 104
2 1 281
4 5 188
10 6 230
2 9 271
10 3 186
8 10 153
10
3 2 93
7 3 64
1 7 235
4 2 160
6 1 179
5 3 36
7 10 228
7 8 107
9 7 139
10
3 9 167
8 9 18
3 6 196
9 7 38
10 8 207
6 2 225
5 3 149
4 3 104
4 1 259
10
6 3 257
9 6 178
9 4 3
1 3 285
8 3 60
5 8 97
3 2 106
7 2 187
10 2 97
10
7 10 289
2 7 83
2 5 215
10 6 21
6 4 286
3 7 154
2 9 156
8 5 32
1 5 127
10
1 2 63
8 2 289
2 10 48
8 9 117
5 8 186
2 6 25
6 4 183
3 1 266
1 7 64
10
1 4 178
2 1 152
8 1 60
1 5 47
9 5 293
9 7 76
10 7 154
4 3 248
6 4 111
10
4 6 122
9 4 54
6 2 208
2 3 188
5 6 75
9 8 245
6 10 10
1 9 243
7 1 87
10
1 4 189
4 9 19
2 9 68
7 2 295
8 9 258
1 6 164
5 6 4
1 10 294
8 3 248
10
3 2 182
3 7 226
7 5 66
7 8 262
7 9 254
6 3 292
4 3 61
2 1 111
1 10 66
10
1 3 173
1 6 104
4 1 38
3 10 156
2 3 98
3 7 120
3 8 100
3 5 27
10 9 42
10
1 6 67
6 7 91
4 7 20
4 5 152
3 7 236
7 2 166
1 8 267
3 9 18
10 8 295
10
2 10 9
2 1 289
1 5 96
5 6 287
9 1 61
4 1 205
10 3 121
1 7 241
6 8 16
10
8 2 18
10 2 145
9 10 19
9 1 248
4 2 104
1 7 208
5 7 45
6 5 103
3 4 160
10
2 3 127
2 6 88
8 2 166
3 9 12
9 1 88
4 6 220
10 4 16
5 8 283
6 7 252
10
6 2 245
6 4 69
6 7 235
6 8 105
10 2 251
1 4 98
5 7 213
9 6 65
4 3 217
10
3 6 7
6 8 208
10 3 31
3 2 135
3 9 177
3 5 168
4 9 166
1 6 275
7 9 150
10
3 9 277
8 9 274
8 2 154
9 6 271
10 8 89
1 2 235
4 9 209
5 6 145
7 10 85
10
5 2 166
2 4 231
3 5 206
2 10 63
6 3 16
9 3 41
7 9 238
1 4 280
3 8 105
10
10 5 195
10 9 22
5 2 231
7 2 182
1 2 1
7 6 208
3 1 17
8 6 11
4 6 53
10
3 7 187
3 2 47
4 3 281
2 8 244
1 2 109
10 1 204
2 6 119
9 2 279
2 5 2
10
5 2 240
4 2 123
5 3 217
1 4 60
7 3 129
2 8 16
4 9 55
1 6 224
3 10 266
10
9 1 181
1 3 104
6 3 64
9 5 187
10 9 232
6 8 104
4 3 121
9 2 15
7 3 180
10
10 2 146
1 10 217
10 6 280
8 10 146
2 4 207
2 5 173
7 5 55
3 2 31
9 1 259
10
5 1 128
9 1 104
5 10 297
10 8 213
2 5 52
8 4 117
3 9 83
5 6 286
7 2 194
10
6 2 274
9 2 254
6 3 167
5 3 87
7 9 45
9 4 31
10 5 52
1 5 71
8 7 75
10
8 5 183
3 5 199
9 8 53
8 10 257
6 3 35
3 2 31
4 3 18
7 8 52
1 4 160
10
2 4 13
8 4 123
5 2 244
2 10 198
6 5 277
2 1 269
3 8 107
3 7 55
9 4 94
10
1 8 175
8 10 153
10 2 118
8 6 290
9 1 177
5 9 94
10 3 122
7 8 299
10 4 154
10
4 7 61
3 7 217
7 6 95
6 5 263
7 1 11
1 2 1
10 6 103
6 8 170
6 9 179
10
1 2 91
2 6 103
2 4 76
3 2 63
3 10 181
2 5 217
7 6 216
3 8 92
9 10 292
10
5 4 158
6 5 186
6 7 213
1 5 171
8 4 214
5 9 85
1 2 221
7 3 168
3 10 39
10
1 7 219
1 4 14
8 4 94
1 3 200
3 6 5
10 7 90
9 7 211
5 8 132
2 7 162
10
10 1 125
1 9 261
2 9 96
8 1 137
10 3 94
5 8 183
1 6 31
10 7 104
3 4 35
10
7 10 172
3 7 166
7 5 235
5 2 10
8 7 6
1 7 112
7 4 111
4 6 240
9 6 27
10
4 7 168
7 10 106
7 1 242
9 4 70
2 7 79
1 3 37
1 5 113
8 9 58
6 2 55
10
8 5 233
6 8 218
9 5 7
3 6 235
8 7 128
2 7 202
10 7 220
10 1 265
1 4 79
10
9 1 300
9 4 71
1 2 160
10 2 120
3 10 113
7 2 190
1 6 41
8 2 46
3 5 36
10
5 3 152
3 1 87
6 3 94
5 9 212
1 10 80
6 7 80
2 9 299
4 2 247
8 5 230
10
4 3 279
8 3 285
8 7 195
5 3 11
6 8 22
2 5 56
10 4 286
6 1 166
9 3 128
10
2 4 247
2 8 56
10 8 151
4 5 38
7 8 267
9 4 281
1 9 110
6 8 77
3 2 137
10
5 2 174
10 2 229
10 1 35
1 6 59
8 1 272
8 3 255
1 7 241
2 9 246
1 4 127
10
4 6 160
6 10 289
4 5 227
4 3 131
8 3 258
7 3 114
10 9 52
1 6 276
7 2 57
10
6 9 226
9 5 2
6 4 104
10 6 159
1 4 101
5 3 84
7 4 202
9 8 269
2 1 154
10
3 10 293
9 3 56
7 3 131
7 1 132
2 9 52
2 6 224
8 1 186
7 4 7
4 5 198
10
2 10 177
10 7 17
2 4 93
2 6 166
9 6 267
10 5 18
7 3 37
8 9 196
1 6 113
10
5 10 172
5 9 74
5 4 256
8 10 187
9 6 215
9 2 277
2 3 95
7 10 103
6 1 12
10
2 7 105
2 6 124
6 8 135
5 2 158
4 5 156
3 4 59
6 9 155
3 1 104
2 10 5
10
8 7 21
9 7 161
2 9 221
9 3 233
1 2 64
3 6 42
7 5 21
10 8 173
6 4 190
10
4 7 31
4 1 18
10 7 210
6 7 275
5 1 36
9 1 247
5 3 4
7 8 224
7 2 191
10
10 5 194
5 6 40
3 10 261
10 2 67
4 6 171
5 8 79
6 7 268
1 2 273
8 9 206
10
5 10 6
5 9 218
9 7 202
5 3 110
8 5 192
10 1 128
4 5 28
10 2 16
6 4 104
10
7 1 273
8 1 137
7 5 108
9 7 220
4 1 166
2 9 93
1 3 55
6 1 154
4 10 186
10
9 4 265
1 4 132
4 5 164
9 6 135
9 3 186
10 3 105
3 7 53
7 2 137
8 4 181
10
5 7 48
7 6 249
5 8 198
4 5 179
8 3 103
5 9 174
4 2 294
3 1 18
10 6 100
10
10 6 280
1 6 62
1 4 185
6 3 76
5 3 74
2 4 129
9 5 291
7 9 220
9 8 243
10
5 2 94
2 4 168
8 5 21
10 4 115
7 5 120
4 6 59
3 4 9
1 10 168
9 4 174
10
7 2 4
4 2 280
6 2 210
7 3 164
1 6 32
3 10 24
6 9 19
8 6 106
7 5 247
10
4 7 71
10 7 60
4 5 161
8 7 135
10 9 134
1 7 158
3 8 184
7 2 146
6 8 201
10
2 5 97
7 5 170
1 5 221
2 9 166
9 3 51
6 2 21
9 10 19
4 3 163
7 8 59
10
8 3 88
3 5 36
3 1 292
6 3 58
1 9 82
10 6 227
7 10 125
5 2 100
6 4 109
10
7 3 83
5 3 244
1 5 152
9 7 86
4 9 107
9 6 148
8 3 83
7 10 77
5 2 12
10
6 1 210
1 3 116
4 1 186
6 8 50
8 5 197
9 3 80
7 3 222
9 2 66
10 8 243
10
6 7 244
3 7 197
2 3 157
2 5 292
4 6 23
6 10 157
9 2 35
5 1 267
1 8 124
10
10 2 57
10 7 111
6 2 230
2 5 74
5 9 231
7 1 65
5 4 292
5 8 168
1 3 292
10
7 2 17
5 7 11
7 8 254
6 5 88
10 6 272
3 2 58
6 9 127
2 4 122
1 10 209
10
10 3 52
2 3 6
3 5 178
5 8 133
2 1 22
4 3 114
4 9 72
10 6 173
7 9 132
10
10 3 133
3 4 242
1 4 46
9 10 49
9 7 230
3 8 22
10 5 160
6 3 238
2 7 156
10
5 6 14
6 8 225
7 5 239
4 7 74
4 10 170
6 3 3
6 2 281
2 1 122
9 10 193
10
4 10 179
3 10 250
7 4 228
10 2 142
1 7 64
9 4 161
8 7 100
5 8 30
6 5 86
10
6 5 4
5 7 220
10 7 95
4 5 139
6 3 25
6 2 36
8 4 275
6 1 91
4 9 171
10
10 9 112
2 10 143
1 10 229
1 8 158
1 4 205
8 6 280
5 2 59
8 7 207
6 3 120
10
1 4 162
4 5 191
8 5 46
8 3 78
10 1 204
9 3 85
6 5 143
10 2 278
1 7 254
10
3 10 136
10 9 179
7 3 139
3 8 117
2 7 106
2 4 183
8 6 91
6 1 219
5 9 145
10
1 4 72
4 9 228
1 2 33
1 7 7
1 6 256
6 3 153
6 5 112
4 8 93
10 8 199
10
6 9 185
1 9 299
5 6 182
3 5 118
6 2 250
9 7 97
4 7 117
1 10 240
3 8 120
10
9 4 246
3 9 80
5 9 82
9 6 143
5 8 27
1 9 78
8 10 109
2 5 190
5 7 199
10
2 9 65
9 4 179
6 9 76
5 9 145
10 4 68
1 2 78
5 8 267
3 1 144
6 7 41
10
3 7 200
7 5 29
2 5 52
2 4 207
10 5 180
3 9 136
8 10 126
4 1 183
4 6 140
10
3 5 109
8 3 40
1 3 62
6 3 285
10 8 30
1 9 299
9 2 21
2 4 51
8 7 202
10
4 1 225
2 4 206
6 1 248
4 8 243
2 9 130
9 10 207
1 5 138
3 5 269
3 7 64
10
1 7 265
7 5 277
3 5 20
3 8 195
10 8 177
4 7 98
9 7 99
7 2 237
6 8 235
10
1 3 174
1 7 178
9 3 155
5 3 82
8 3 160
10 8 50
6 8 43
2 3 76
4 9 95
10
10 8 122
1 10 165
2 10 74
8 4 222
7 2 52
3 10 169
5 10 150
4 6 209
7 9 78
10
6 7 282
1 6 65
7 9 64
9 2 96
8 6 6
5 8 269
10 1 239
4 1 64
10 3 259
10
7 9 282
3 9 81
7 5 181
7 8 179
1 9 169
6 3 21
3 2 182
1 4 277
10 9 249
10
3 5 238
3 2 218
2 6 136
1 2 135
5 9 256
2 10 35
4 10 101
5 7 9
6 8 7
10
1 10 116
1 8 261
9 10 289
9 6 114
3 9 166
1 2 289
7 1 204
9 4 280
9 5 199
10
8 6 56
6 4 101
3 4 88
2 4 210
5 2 25
8 1 137
9 3 105
10 9 163
10 7 100
10
7 1 187
7 2 206
3 7 234
4 3 71
3 9 259
8 2 22
7 10 130
9 6 12
3 5 225
10
3 10 173
1 3 168
5 1 83
8 1 152
6 8 177
6 7 173
1 4 83
10 2 277
5 9 128
10
8 5 218
1 5 222
7 8 165
1 3 282
1 4 71
3 9 251
6 1 100
6 2 235
8 10 192
10
8 9 279
1 9 74
9 5 165
3 1 234
8 7 102
6 8 275
10 3 139
6 4 282
2 1 10
10
7 10 112
7 5 259
2 5 237
9 2 10
3 10 200
4 9 262
1 4 49
5 8 126
3 6 238
10
1 10 198
10 2 113
7 1 196
7 3 68
9 2 35
1 8 195
1 4 2
7 6 229
1 5 264
10
7 4 160
4 8 298
6 4 26
8 1 58
3 4 255
5 8 228
2 8 157
2 9 262
3 10 286
10
9 8 150
9 2 81
8 4 112
3 2 118
4 5 55
4 7 162
1 9 169
7 10 129
8 6 22
10
6 2 119
7 2 62
2 1 40
3 6 223
2 10 90
1 8 116
9 6 28
4 8 202
5 1 66
10
5 9 3
4 5 284
1 5 14
2 1 280
9 3 268
4 7 197
10 7 10
3 6 223
3 8 35
10
5 3 240
3 6 96
8 6 263
3 7 88
6 10 200
1 7 242
2 10 90
2 9 272
7 4 146
10
1 4 209
4 6 70
1 5 161
3 6 232
6 9 245
3 10 82
7 3 213
6 2 73
3 8 84
10
3 4 93
8 4 274
1 3 6
1 9 28
5 1 272
10 8 288
1 6 4
7 1 250
1 2 42
10
9 6 93
3 6 286
8 9 201
5 9 95
5 4 263
7 5 124
8 10 141
3 2 107
9 1 34
10
4 1 134
6 4 193
1 8 157
8 2 256
4 5 16
8 3 158
7 1 47
10 1 273
10 9 232
10
3 5 9
6 5 253
3 1 219
6 2 20
9 1 170
9 4 81
10 2 272
6 7 74
4 8 128
10
6 1 67
4 6 208
1 3 277
5 4 122
9 4 48
8 5 126
5 2 171
1 7 111
7 10 253
10
4 8 30
2 8 72
8 5 175
2 1 280
10 2 235
3 8 108
10 7 19
4 6 298
6 9 32
10
4 10 66
4 7 55
4 1 232
7 2 285
6 4 158
4 3 240
6 8 276
7 5 144
7 9 23
10
2 3 201
3 5 108
1 3 9
1 4 199
2 7 202
4 8 267
9 8 207
5 10 190
6 9 53
10
2 1 299
1 9 119
1 6 99
6 8 22
1 7 51
6 4 200
5 6 47
4 3 227
10 7 32
10
9 7 105
9 4 228
7 6 300
9 5 34
10 5 104
4 8 26
6 3 79
1 5 215
2 10 228
10
4 10 159
2 10 60
10 5 251
2 7 227
8 10 58
1 10 231
9 8 88
3 8 283
10 6 116
10
3 5 132
3 2 78
2 10 113
5 4 68
7 5 289
5 8 90
1 3 95
1 6 230
3 9 20
10
2 1 33
8 2 52
2 10 280
1 6 299
4 1 292
10 3 268
8 7 230
9 7 228
3 5 161
10
4 3 75
6 4 19
3 5 8
5 8 150
10 3 279
8 7 153
9 5 154
1 6 289
2 1 32
10
6 1 179
9 1 97
6 5 93
9 4 25
6 8 236
3 6 175
7 9 217
10 3 164
2 4 272
10
8 3 298
8 6 8
6 9 66
1 3 189
5 9 134
8 2 154
5 7 208
6 4 270
10 9 258
10
4 9 229
4 8 287
9 7 31
6 9 227
2 7 177
10 8 204
9 1 133
3 2 89
5 6 50
10
8 9 200
6 9 169
6 3 65
3 7 227
4 6 103
7 5 97
10 8 235
5 2 178
1 2 251
10
10 9 270
10 5 126
1 9 22
8 5 50
7 1 12
1 6 173
8 3 271
5 4 52
2 7 17
10
8 3 82
3 7 71
10 8 107
2 7 169
2 5 72
3 6 259
1 10 284
10 4 103
9 4 64
10
6 5 139
5 7 36
5 10 26
7 8 140
9 8 291
3 10 181
7 4 122
1 4 115
5 2 157
10
5 1 54
3 1 99
9 3 256
9 4 6
2 3 62
3 10 12
6 5 54
8 3 72
7 3 268
10
5 8 159
3 8 11
4 5 202
2 3 218
1 8 159
10 3 129
3 6 117
3 7 244
7 9 219
10
2 4 240
2 8 39
3 8 6
5 4 265
6 3 6
9 8 267
10 6 54
6 7 185
1 6 189
10
9 7 155
9 2 1
7 4 275
7 6 51
4 10 97
7 8 148
3 2 208
8 1 87
5 9 191
10
2 6 291
2 1 64
6 8 45
4 2 283
8 3 249
1 10 126
6 5 16
6 9 271
4 7 48
10
8 6 88
9 8 133
9 1 101
5 1 48
4 1 236
1 7 56
5 10 105
2 7 13
3 6 264
10
9 7 201
8 7 237
4 7 4
6 4 35
1 9 208
3 6 142
5 4 160
5 10 42
3 2 112
10
3 9 73
5 9 282
10 3 275
4 9 119
3 8 66
6 9 108
6 2 63
1 2 114
4 7 98
10
2 10 86
10 9 205
2 6 239
2 1 185
1 4 185
3 10 166
2 7 256
8 1 94
5 6 42
10
6 10 107
3 6 224
8 10 87
10 2 21
9 10 101
6 7 106
5 3 13
4 2 205
3 1 241
10
9 6 237
3 9 97
3 5 82
3 2 83
6 4 193
7 3 143
10 9 164
10 1 86
8 4 177
10
2 4 94
2 7 219
7 5 288
1 5 166
8 5 28
2 10 240
9 10 109
6 9 36
5 3 93
10
9 8 258
4 8 196
8 6 244
2 8 274
6 3 193
10 8 79
2 1 288
5 6 204
7 6 98
10
2 10 75
2 3 289
4 2 274
3 5 210
5 8 67
10 1 114
5 9 51
6 9 70
3 7 97
10
7 1 77
6 1 90
6 9 205
10 1 298
5 10 142
3 7 41
5 8 275
4 3 207
2 7 274
10
7 6 19
3 6 259
4 3 140
4 10 202
7 9 116
7 2 90
2 1 204
2 5 89
7 8 201
10
2 5 21
2 4 192
5 9 96
4 6 245
8 6 197
3 2 29
10 9 12
7 9 220
3 1 295
10
4 1 114
1 3 17
5 1 205
10 1 150
10 9 285
4 2 66
6 9 285
9 7 232
8 4 99
10
3 6 1
4 3 61
8 6 100
7 6 283
10 6 84
1 6 139
1 9 42
2 10 169
4 5 161
10
10 5 202
9 5 133
5 6 37
5 8 35
5 4 97
5 7 221
3 6 226
4 2 234
1 7 40
10
9 7 137
10 9 270
7 4 196
10 1 68
3 9 149
7 5 153
4 6 70
6 2 220
5 8 216
10
1 8 267
2 1 74
8 5 76
8 6 196
10 1 183
7 6 29
10 4 191
3 2 193
6 9 16
10
10 8 14
4 8 249
2 8 169
8 3 15
7 3 21
1 2 212
7 5 74
10 6 97
1 9 14
10
2 5 69
8 2 39
2 6 215
8 7 149
8 4 204
5 9 168
10 8 34
2 3 30
1 4 19
10
2 10 218
2 3 67
10 6 173
3 7 244
3 8 20
5 8 160
3 1 299
5 9 150
4 1 241
10
5 9 76
4 5 207
5 6 36
1 4 202
10 9 271
10 8 216
2 4 155
10 7 273
5 3 167
10
7 1 65
1 2 141
1 10 122
8 2 249
7 4 134
9 10 131
3 4 267
3 5 229
10 6 106
10
6 1 193
6 2 13
1 8 174
2 5 173
7 2 258
1 3 267
4 3 264
9 4 142
1 10 65
10
6 10 142
10 3 145
2 3 33
8 2 247
8 7 95
3 1 255
6 9 178
4 2 112
5 2 225
10
1 6 50
10 1 91
8 10 257
8 7 254
10 2 251
6 4 39
5 2 117
10 3 227
9 8 292
10
8 9 119
8 6 135
5 9 51
2 5 150
3 8 258
3 10 100
1 5 152
10 7 169
4 10 202
10
9 1 171
9 2 62
5 2 199
7 9 47
2 6 242
5 4 193
3 5 277
7 8 146
10 8 95
10
3 9 234
3 2 143
2 7 237
4 3 154
5 3 18
9 10 123
1 9 134
6 10 35
8 7 253
10
1 5 204
9 1 24
1 6 12
1 8 204
4 5 82
3 9 71
9 2 285
10 6 194
7 2 224
10
3 4 214
3 7 110
8 3 77
6 3 135
2 8 140
3 10 210
5 8 189
1 8 14
3 9 185
10
1 7 181
1 3 205
6 1 149
8 7 190
9 1 57
9 2 60
10 2 178
4 1 63
5 1 93
10
5 8 181
5 3 129
10 8 16
8 2 191
5 4 205
9 3 254
7 2 123
2 6 55
2 1 230
10
7 1 282
8 1 225
7 9 190
2 8 14
3 2 47
10 2 223
5 3 145
4 2 78
9 6 297
10
7 3 199
1 3 78
10 7 82
10 5 105
5 2 117
7 6 152
6 8 156
7 9 177
8 4 27
10
2 9 248
6 9 219
5 6 276
10 9 23
10 4 226
7 2 123
2 8 83
2 1 72
9 3 254
10
2 4 165
2 8 282
2 9 149
8 5 215
4 6 205
3 8 278
1 6 189
4 7 29
10 9 123
10
4 9 8
4 7 238
9 6 215
5 7 279
4 2 192
8 4 127
3 8 4
6 10 256
1 2 149
10
7 2 221
7 3 195
8 3 243
9 2 253
2 6 241
4 3 171
8 1 35
10 1 45
5 1 277
10
4 7 230
5 4 92
4 6 296
5 3 284
9 6 181
7 8 126
1 5 55
4 10 159
2 10 180
10
5 8 26
8 2 177
5 1 157
8 4 197
1 6 284
8 3 268
9 3 275
7 6 126
9 10 44
10
5 6 56
10 5 39
2 6 100
5 8 178
5 4 287
5 9 16
8 1 137
10 7 87
2 3 176
10
6 1 62
2 1 231
9 1 251
3 6 14
3 4 38
5 6 161
7 4 232
6 10 101
8 6 199
10
3 8 84
4 8 286
8 6 187
7 8 119
7 9 284
1 3 271
2 7 45
10 6 288
9 5 201
10
2 8 142
7 2 265
3 8 286
9 8 262
1 7 84
3 10 213
5 2 22
6 9 281
4 3 74
10
6 4 83
10 4 297
4 2 50
10 8 248
3 10 251
9 6 142
4 1 36
10 5 272
7 10 159
10
7 8 201
1 7 87
3 8 99
1 6 85
7 2 296
9 7 201
5 7 9
7 10 124
8 4 275
10
8 6 9
10 8 38
10 9 1
6 3 60
5 9 202
10 4 259
7 9 122
5 2 158
3 1 102
10
7 1 252
2 1 162
3 2 56
9 2 175
9 4 159
7 8 236
7 10 157
6 10 169
5 9 224
10
1 8 85
1 4 253
10 4 143
9 10 297
9 6 245
4 2 147
7 9 118
5 4 106
3 9 139
10
7 8 265
1 8 248
7 4 78
10 8 123
5 1 80
7 9 254
3 7 249
6 3 108
2 6 139
10
10 2 70
2 1 129
10 9 49
2 5 178
1 6 25
1 8 50
3 5 246
7 6 100
4 9 213
10
8 2 293
8 7 96
4 8 24
4 1 198
2 5 240
2 10 213
9 2 115
2 3 29
6 1 281
10
6 8 77
5 6 122
4 6 32
8 1 284
3 6 234
1 10 165
6 9 113
5 2 11
7 6 240
10
2 6 167
1 2 275
10 1 273
3 1 66
3 9 156
4 9 8
10 7 26
6 8 218
8 5 245
10
6 5 192
6 8 277
6 1 22
2 6 126
7 5 149
2 4 173
2 10 225
3 6 96
2 9 249
10
9 5 187
1 9 123
8 9 295
7 5 137
10 8 218
4 8 33
2 8 32
7 3 74
5 6 286
10
7 6 111
10 6 245
7 5 64
10 3 237
4 5 166
4 2 253
1 6 192
5 8 199
3 9 285
10
3 2 83
1 2 76
5 3 262
5 10 238
10 4 148
7 2 196
1 8 156
6 4 32
9 8 27
10
3 8 154
6 8 29
9 3 250
1 9 139
2 3 181
4 3 236
7 3 171
10 4 14
8 5 193
10
9 7 16
9 6 278
6 8 113
4 9 283
10 4 57
2 9 71
6 5 169
3 2 293
3 1 64
10
4 2 222
4 5 189
2 9 274
5 8 249
3 8 295
1 5 215
10 8 294
9 6 149
4 7 98
10
6 10 68
5 10 243
2 5 163
9 2 172
2 1 187
3 10 73
4 1 180
6 8 113
7 9 102
10
6 1 283
4 6 75
6 9 188
3 9 123
10 6 283
1 5 42
8 9 270
10 2 198
10 7 97
10
9 1 44
1 5 27
1 2 214
7 9 181
2 4 166
3 2 277
8 9 52
10 1 135
6 4 20
10
1 4 55
1 6 283
1 3 44
2 1 119
2 7 93
3 8 237
10 8 37
8 5 127
1 9 116
10
1 4 98
1 10 27
8 1 56
8 7 172
9 1 230
2 1 100
7 5 109
3 9 148
6 9 89
10
9 2 282
7 2 179
3 7 237
4 3 79
4 8 276
10 4 52
6 2 130
10 5 22
1 8 297
10
8 5 101
9 8 44
4 8 29
3 8 231
6 9 152
8 2 112
1 8 174
1 10 82
5 7 296
10
1 7 237
7 2 259
8 2 245
6 7 176
1 5 17
9 8 96
10 9 79
4 2 210
9 3 28
10
1 4 54
10 1 195
8 1 177
1 6 196
5 4 25
2 8 227
3 6 196
9 5 193
7 1 240
10
2 7 5
9 7 143
8 7 94
8 1 174
6 8 273
5 9 191
6 10 78
5 4 74
3 10 83
10
6 9 260
6 5 288
8 5 258
5 10 154
9 3 165
1 6 272
6 2 167
4 9 169
7 1 272
10
5 6 270
3 5 138
9 3 98
9 8 265
8 10 49
2 6 4
5 1 39
4 10 216
5 7 17
10
9 5 64
10 9 67
4 9 282
5 7 2
9 1 121
3 4 1
8 5 201
6 3 277
2 1 25
10
4 9 298
9 1 153
1 8 115
3 1 139
5 1 286
10 3 149
8 6 78
4 2 248
7 3 300
10
4 9 18
2 4 221
5 4 227
4 6 215
3 9 206
1 2 134
2 10 102
7 2 86
7 8 104
10
4 5 171
9 4 92
9 3 112
4 8 159
2 8 263
2 7 228
8 10 163
6 4 84
4 1 267
10
1 10 154
5 10 89
10 7 186
10 3 2
4 10 207
4 9 269
7 8 44
3 6 251
4 2 247
10
1 9 208
2 1 218
2 7 72
8 2 37
4 7 22
10 7 200
2 5 130
3 4 287
6 1 297
10
8 2 139
2 1 87
2 7 242
3 7 10
2 6 9
5 8 235
5 10 271
9 10 80
3 4 259
10
10 4 244
10 3 83
4 8 118
3 9 267
6 4 279
5 3 227
2 8 155
1 9 235
9 7 265
10
4 2 254
8 2 180
2 1 122
2 10 194
8 7 3
3 1 39
7 5 283
7 9 126
6 10 268
10
5 6 65
3 6 140
4 6 214
7 4 75
2 3 209
5 10 13
7 8 125
4 9 30
7 1 113
10
6 8 171
6 7 228
2 6 156
8 4 290
4 9 263
2 10 42
2 1 31
2 5 138
3 10 205
10
10 9 82
5 9 242
9 2 3
5 7 15
8 9 154
7 4 58
8 3 253
6 4 202
1 4 195
10
5 10 197
3 5 108
2 10 83
1 3 46
5 9 170
2 7 169
7 8 249
7 4 291
6 3 25
10
3 4 6
10 4 18
1 3 51
4 6 257
4 7 240
1 9 102
5 1 84
2 10 291
1 8 9
10
8 7 246
1 8 105
8 6 181
6 10 18
4 1 214
10 2 158
10 5 58
6 3 206
10 9 235
10
6 4 40
6 10 235
6 2 50
5 6 251
10 8 162
2 7 34
10 1 25
8 3 32
3 9 38
10
5 8 207
4 8 74
8 6 167
4 1 237
7 8 271
5 2 199
1 9 147
3 4 110
6 10 185
10
6 3 84
2 3 197
10 2 246
3 5 47
7 10 26
8 6 211
9 10 152
5 1 111
4 5 236
10
7 8 165
6 8 20
8 4 278
10 8 298
4 2 141
8 1 264
9 10 119
3 2 296
7 5 28
10
8 7 178
8 1 229
7 4 141
1 5 129
10 7 87
6 10 62
8 2 280
3 6 257
9 6 270
10
3 9 249
7 3 267
8 9 136
7 6 190
3 4 15
2 6 34
5 7 236
1 7 4
5 10 89
10
4 10 170
4 8 217
8 7 36
4 2 92
9 4 263
2 3 159
5 9 275
5 6 36
9 1 273
10
9 8 255
10 9 38
9 3 212
8 7 24
8 2 266
10 5 184
9 1 78
6 5 135
1 4 160
10
9 6 270
9 7 27
7 8 19
7 5 1
6 2 83
4 6 38
3 6 164
10 9 224
1 2 236
10
2 1 176
2 3 7
2 8 104
10 3 24
3 4 196
7 4 128
10 9 261
6 10 63
5 7 33
10
2 1 121
10 1 185
1 9 236
6 10 60
10 3 122
5 9 147
4 5 72
8 9 9
7 6 33
10
9 2 59
8 2 111
4 2 35
5 9 252
5 10 123
6 8 65
4 3 187
1 2 99
2 7 147
10
5 6 217
4 6 10
4 10 80
9 5 296
9 3 15
8 5 297
3 2 66
1 6 121
7 9 154
10
8 10 259
9 8 14
7 10 218
2 9 132
6 9 108
6 5 288
1 5 215
8 3 175
5 4 110
10
2 1 247
7 2 269
2 10 188
1 3 104
2 8 2
5 3 242
2 6 255
8 4 99
9 8 11
10
8 9 110
9 5 121
8 3 112
1 5 172
4 9 76
10 5 37
4 6 298
4 7 291
2 4 5
10
7 4 122
4 9 79
4 1 282
8 7 180
10 8 256
6 10 22
1 3 248
7 5 161
3 2 132
10
6 4 8
4 9 38
4 10 239
6 2 199
9 8 105
8 3 187
4 5 196
2 7 152
7 1 94
10
9 4 85
6 4 213
6 10 53
9 8 118
5 8 132
4 2 213
3 5 38
1 6 41
5 7 48
10
8 3 210
8 4 32
8 9 130
3 2 141
4 1 287
5 2 222
8 6 73
8 7 246
10 8 43
10
4 2 121
4 5 157
1 2 128
3 5 199
2 8 92
3 9 110
8 6 70
4 7 17
10 4 109
10
6 1 125
4 1 262
6 9 215
9 7 214
7 8 136
1 10 283
5 1 225
9 2 276
6 3 273
10
6 3 12
6 2 286
2 4 259
2 7 8
2 10 266
4 8 295
1 8 83
3 5 234
6 9 78
10
6 9 129
2 9 184
2 5 95
9 8 257
9 1 7
8 4 125
4 7 285
3 8 133
10 8 214
10
8 5 30
3 8 62
10 3 164
3 2 177
2 9 289
4 10 6
1 2 296
2 7 202
6 4 40
10
6 3 40
3 8 143
8 5 232
10 3 229
7 5 150
2 6 35
9 2 139
4 5 140
8 1 100
10
4 5 101
5 3 257
3 10 69
5 9 84
5 2 6
1 10 110
6 4 46
7 10 233
8 2 196
10
9 7 280
9 6 65
10 7 112
4 6 36
3 4 248
7 2 83
8 10 39
9 5 288
3 1 96
10
1 7 217
2 1 103
9 1 112
8 7 218
1 5 285
7 10 86
4 2 106
8 3 92
5 6 9
10
5 6 54
7 6 51
10 6 2
1 6 231
8 1 162
1 9 144
4 8 188
2 1 131
2 3 223
10
3 2 170
5 2 22
1 5 97
8 3 108
2 9 221
4 1 249
5 10 110
7 1 187
9 6 97
10
7 2 89
7 8 268
10 2 168
1 8 35
9 2 77
10 3 200
3 5 160
1 6 239
4 6 64
10
10 7 60
10 2 93
2 9 49
10 5 206
1 10 47
3 5 99
6 9 219
5 8 230
4 10 33
10
8 7 35
7 10 65
9 10 289
8 5 23
3 5 85
1 9 129
5 6 2
10 2 123
3 4 50
10
8 4 68
8 2 28
8 7 263
2 10 219
4 9 64
9 1 135
7 5 229
3 8 202
2 6 94
10
1 10 218
3 10 25
5 3 237
2 5 116
4 2 241
5 6 160
2 8 273
10 7 74
9 3 59
10
7 8 108
8 6 20
9 8 212
4 7 159
3 4 191
8 1 178
5 7 37
3 2 135
7 10 184
10
4 5 31
5 7 94
7 10 183
4 9 16
1 9 51
6 4 105
7 2 27
8 4 173
6 3 94
10
3 5 255
3 1 125
2 1 207
4 3 280
8 5 63
9 2 44
8 10 228
6 8 86
2 7 230
10
7 9 41
10 7 28
8 7 236
6 8 74
7 5 70
1 10 118
8 4 181
8 2 12
5 3 246
10
2 6 177
3 6 167
9 3 132
2 4 289
5 2 152
7 5 251
9 1 49
10 7 296
1 8 56
10
6 10 50
8 6 212
9 6 13
6 2 196
4 2 92
7 4 147
5 6 295
8 3 237
5 1 209
10
3 2 249
2 8 261
3 6 110
5 8 119
6 9 159
8 7 189
6 1 111
2 10 153
7 4 215
10
9 6 34
9 4 13
10 6 155
5 4 19
3 5 141
2 6 68
1 6 20
7 5 222
9 8 281
10
5 3 109
7 3 199
1 5 121
2 3 92
7 10 234
6 2 75
7 9 226
4 2 218
4 8 237
10
7 10 110
9 10 162
6 9 210
9 3 128
3 2 177
1 3 160
1 5 80
4 9 4
8 3 187
10
2 5 41
4 5 144
4 9 278
4 7 25
8 5 279
10 8 296
9 6 41
3 4 227
1 9 241
10
10 1 199
1 2 99
1 9 64
9 3 194
6 3 272
2 7 17
9 8 280
7 4 152
5 8 223
10
3 1 147
1 6 187
8 1 189
4 8 165
7 4 168
2 3 182
10 3 274
7 9 40
2 5 5
10
6 8 83
3 6 32
3 9 133
3 4 165
9 7 264
8 5 179
1 8 267
4 2 187
10 4 206
10
3 1 97
7 3 260
4 7 260
1 9 119
3 2 124
7 6 14
8 7 172
3 10 59
3 5 197
10
8 1 175
8 10 15
1 3 129
9 3 237
5 1 72
9 2 249
4 2 44
3 7 115
6 3 230
10
5 3 288
3 1 104
5 7 75
3 6 24
1 8 264
4 7 241
10 4 10
6 2 188
9 6 221
10
10 9 134
9 1 12
1 6 27
6 2 74
1 4 150
1 7 66
8 6 154
2 3 224
5 6 101
10
9 3 84
9 1 76
1 6 70
4 1 27
8 4 100
3 2 36
10 4 27
5 8 211
4 7 221
10
5 6 79
4 5 197
5 9 108
3 9 32
3 2 38
7 3 244
9 10 2
1 7 291
7 8 49
10
9 4 88
9 3 20
5 9 251
3 8 16
4 6 114
10 5 176
2 8 17
1 3 278
7 5 60
10
2 5 175
2 4 184
4 7 176
10 7 265
4 6 38
3 4 134
10 1 109
8 4 50
10 9 169
10
1 9 292
4 9 120
3 4 145
9 10 18
4 6 210
10 8 300
7 10 281
3 5 25
2 9 131
10
2 1 94
4 1 230
1 5 69
5 8 222
7 1 14
4 10 134
3 5 222
9 2 281
5 6 1
10
6 8 71
3 8 97
3 5 124
5 7 224
9 6 48
5 2 293
4 9 71
3 10 166
1 2 102
10
6 2 141
6 10 259
7 2 166
3 7 152
4 3 221
3 5 167
5 9 21
4 1 224
10 8 14
10
8 2 160
2 10 5
3 8 75
1 8 79
2 6 57
4 6 174
5 10 68
7 10 237
9 5 279
10
1 2 106
3 1 119
5 1 206
8 3 133
2 9 213
7 1 85
4 9 105
10 9 268
8 6 182
10
1 8 220
5 1 82
1 9 31
10 9 7
6 10 213
6 3 22
8 7 87
2 3 124
4 2 185
10
7 6 272
7 1 104
1 10 131
5 10 3
7 3 168
4 1 118
2 5 271
9 4 266
8 7 196
10
5 2 287
8 5 141
7 5 266
8 3 18
8 4 127
9 5 171
1 2 37
6 8 147
10 6 205
10
7 5 289
8 7 278
8 9 292
1 8 26
1 4 76
10 5 140
10 6 160
3 4 94
2 7 280
10
9 8 260
8 4 86
9 6 202
6 5 186
10 5 238
2 6 56
2 1 267
8 7 9
7 3 64
10
4 8 292
4 6 206
8 10 169
9 6 32
2 9 235
6 7 36
4 1 108
7 5 34
5 3 102
10
5 10 109
2 5 231
6 2 167
4 5 113
9 4 29
10 3 5
5 8 276
6 1 282
3 7 54
10
1 9 95
9 3 245
6 1 213
6 2 223
5 9 164
7 1 228
4 7 169
2 8 117
9 10 224
10
5 7 42
7 8 145
7 4 83
10 7 49
8 2 280
3 2 125
10 6 226
9 10 269
1 2 210
10
8 5 99
5 1 185
5 2 160
5 4 124
5 9 295
4 7 116
9 6 24
6 10 213
6 3 256
10
10 4 124
9 4 142
10 3 251
2 4 120
5 9 128
2 6 230
6 7 274
8 2 263
1 2 219
10
8 9 229
8 4 232
8 7 133
6 7 289
4 3 109
5 8 136
6 10 111
2 3 78
3 1 274
10
8 7 202
7 4 179
7 6 68
1 8 102
2 1 216
3 6 150
3 10 276
5 8 107
9 4 38
10
4 10 204
4 6 237
10 3 5
6 7 239
4 9 188
4 5 284
6 8 1
10 2 82
10 1 276
10
2 8 108
7 8 13
6 7 222
5 8 227
3 8 255
9 7 117
3 4 176
7 10 129
1 4 285
10
6 7 156
4 6 23
4 10 123
9 7 52
1 7 26
2 4 1
6 3 216
10 8 243
5 9 137
10
7 10 11
7 5 13
7 4 255
2 5 166
10 8 101
1 2 10
3 2 89
7 9 122
6 7 131
10
7 10 209
7 1 10
1 6 146
9 10 20
5 10 69
1 4 228
6 2 47
4 3 162
8 9 119
10
8 6 262
5 8 210
8 2 192
10 2 31
10 9 16
4 6 278
4 7 284
3 7 6
5 1 119
10
1 7 222
8 1 211
5 8 182
7 2 44
8 9 92
6 5 25
3 6 29
4 2 265
10 3 291
10
2 9 178
7 9 236
9 4 188
1 2 5
6 7 191
3 1 13
1 5 139
4 10 283
3 8 24
10
5 2 77
3 5 55
8 2 217
1 3 133
10 5 227
7 10 14
2 6 159
1 9 62
4 5 240
10
2 8 285
8 10 89
1 8 70
8 7 25
3 8 296
1 4 51
3 6 244
9 1 40
8 5 222
10
4 9 114
1 4 7
4 7 120
3 9 190
10 3 95
5 9 277
2 10 148
6 10 65
8 4 197
10
5 9 135
10 9 117
8 5 80
2 5 190
8 7 68
1 7 202
6 5 259
10 3 165
4 1 222
10
8 1 19
8 6 83
3 6 136
9 3 132
8 10 111
9 2 31
7 10 222
8 4 289
5 2 172
10
5 10 50
10 6 202
8 10 151
2 6 274
3 5 253
5 7 142
2 9 48
10 4 118
1 4 104
10
6 9 64
6 5 197
9 4 294
8 4 100
1 5 272
6 7 102
10 1 177
1 3 17
2 5 106
10
4 2 220
4 10 243
8 10 84
10 6 159
6 3 200
5 2 233
1 6 193
7 5 229
9 10 250
10
2 5 188
5 6 229
5 10 19
2 7 119
7 9 63
8 5 95
3 5 227
1 3 224
2 4 59
10
6 2 200
6 10 219
2 9 214
7 6 199
3 2 105
5 7 138
1 9 272
4 6 294
8 4 280
10
1 8 100
2 1 140
5 8 170
9 1 297
2 3 175
6 2 16
4 6 4
9 7 137
5 10 258
10
1 3 107
9 3 105
8 9 277
2 9 57
6 3 134
5 2 3
7 2 26
5 4 204
10 1 134
10
7 6 34
6 3 150
3 4 78
1 3 238
8 3 141
7 5 80
10 8 219
4 2 114
9 2 272
10
5 6 271
10 5 78
9 10 159
1 6 195
10 7 274
7 8 210
5 3 160
6 2 295
6 4 212
10
10 7 50
7 3 134
7 2 63
2 9 283
5 10 287
8 9 120
9 4 168
6 10 53
4 1 184
10
2 10 128
7 10 202
2 3 206
7 8 196
2 9 174
3 1 291
5 3 193
7 6 138
4 7 195
10
8 6 146
6 5 39
8 9 186
7 8 124
1 6 246
3 6 236
8 2 286
4 2 20
5 10 260
10
4 6 299
2 6 284
6 10 75
4 1 22
2 5 24
8 1 139
5 3 256
4 9 222
7 10 197
10
7 8 202
8 3 246
3 4 193
7 2 271
8 6 228
8 1 165
9 4 9
5 6 89
2 10 237
10
7 8 53
7 6 133
8 9 148
9 2 167
9 10 47
10 4 6
3 8 235
4 5 137
1 6 21
10
8 6 208
8 2 213
8 4 185
8 7 39
4 9 124
7 10 117
1 2 197
3 2 45
5 3 120
10
2 3 191
9 3 82
9 4 257
5 2 137
9 1 193
9 6 180
6 8 173
5 7 267
10 7 126
10
9 3 142
4 9 8
6 9 288
3 8 197
9 10 202
7 4 179
2 8 201
8 5 279
8 1 38
10
7 4 128
9 7 141
10 9 191
7 1 290
1 8 102
10 3 67
7 2 3
9 5 56
6 2 223
10
10 5 136
1 10 1
7 5 132
10 8 26
2 1 129
3 1 169
5 9 226
7 4 192
6 2 34
10
9 2 167
7 9 180
3 2 105
1 3 174
10 1 16
5 1 276
7 8 146
5 4 28
5 6 168
10
7 5 109
1 5 54
8 7 192
5 2 96
6 2 295
3 5 193
9 2 66
10 3 211
4 9 29
10
8 10 201
5 10 292
10 9 253
5 6 19
3 6 243
4 9 187
6 2 1
2 7 182
1 3 207
10
10 3 261
3 8 277
6 10 214
3 5 266
2 10 39
4 6 23
4 1 183
2 9 76
7 6 91
10
5 10 125
9 10 127
8 5 26
3 9 226
3 1 112
3 7 256
4 7 216
1 2 284
10 6 145
10
9 6 95
1 6 15
8 9 23
7 1 57
1 10 141
4 7 130
5 9 284
7 2 122
8 3 96
10
10 5 96
2 5 294
2 8 250
3 10 22
6 8 225
5 9 103
8 7 148
4 2 159
5 1 102
10
8 7 53
3 8 143
7 5 140
6 8 18
8 2 99
7 4 110
9 2 285
8 1 149
10 2 190
10
5 8 250
9 5 151
10 5 182
5 6 199
8 2 113
2 1 130
7 6 215
5 4 116
3 2 131
10
9 10 278
6 9 77
10 8 100
8 5 143
6 4 238
4 3 261
4 1 260
1 2 157
7 5 4
10
10 5 50
10 6 130
10 3 45
2 6 62
10 4 236
10 1 71
9 10 132
8 10 185
7 3 99
10
5 4 216
4 10 245
8 5 290
1 5 226
2 8 107
3 10 208
6 10 274
9 3 194
5 7 51
10
7 10 219
7 9 115
9 4 118
1 9 256
3 4 117
1 8 101
9 5 64
4 2 127
6 5 285
10
6 5 11
6 7 225
1 5 165
3 7 187
8 3 143
7 10 53
1 9 298
4 7 169
2 5 231
10
3 5 231
4 3 289
7 4 133
9 3 143
4 1 100
10 9 222
8 3 265
6 3 30
2 3 29
10
6 5 66
6 7 189
3 7 235
6 1 90
1 4 272
10 5 95
5 2 116
8 3 190
9 7 285
10
1 4 287
1 9 154
9 3 156
10 3 45
6 3 194
8 4 26
5 3 96
7 5 168
2 5 79
10
10 6 86
6 4 37
10 3 100
6 2 239
5 10 169
4 8 215
9 10 212
10 1 201
7 1 9
10
2 10 181
1 2 107
6 1 90
7 6 144
4 2 291
5 1 209
6 9 128
2 3 202
8 9 188
10
10 5 89
10 1 134
6 10 56
1 7 190
2 7 278
4 2 129
6 8 224
9 8 68
3 9 278
10
7 10 154
10 4 176
1 7 182
4 5 247
5 6 268
8 10 224
1 3 2
8 2 278
7 9 219
10
1 4 130
4 8 279
4 3 54
4 10 159
9 10 106
3 7 33
5 1 108
6 1 39
7 2 246
10
10 2 169
3 10 282
10 9 294
5 9 198
7 5 242
8 2 234
4 2 289
5 1 255
6 10 268
10
10 7 134
3 10 4
9 10 146
10 2 198
3 6 141
3 4 107
1 6 91
2 5 160
8 7 29
10
8 7 223
7 10 228
2 8 294
6 2 279
1 10 77
5 6 232
9 7 234
4 8 86
3 4 48
10
10 3 201
3 7 204
4 10 151
4 9 164
3 5 262
10 2 101
4 1 199
1 6 250
8 1 123
10
5 2 136
8 2 99
8 3 75
9 3 121
10 5 98
1 10 99
10 4 254
8 6 237
2 7 197
10
9 7 133
4 9 50
9 10 276
10 6 79
4 5 187
7 2 287
6 3 32
6 1 175
4 8 44
10
2 8 253
10 8 60
2 7 181
6 7 259
10 3 225
6 9 192
1 6 244
5 8 190
6 4 62
10
2 1 143
2 4 65
1 9 83
6 1 34
4 5 57
9 7 109
7 10 254
8 6 77
3 10 265
10
1 5 175
1 3 38
5 9 93
9 8 203
5 7 128
10 1 253
4 1 220
2 3 101
6 2 101
10
7 4 102
4 9 8
1 7 164
5 1 109
2 1 4
2 3 163
6 9 216
6 8 259
6 10 80
10
3 2 16
1 3 3
4 3 45
1 5 157
7 1 38
1 8 139
8 10 95
6 5 170
7 9 261
10
10 3 277
3 8 193
10 1 206
1 7 42
5 8 211
2 3 188
4 5 244
6 1 43
9 3 146
10
8 7 77
8 1 174
8 9 135
9 10 256
1 3 90
2 9 168
9 4 15
4 6 124
5 7 219
10
2 1 94
1 5 71
2 8 105
5 4 126
5 3 141
1 6 246
3 7 105
8 9 9
5 10 106
10
2 9 12
5 9 135
3 9 97
8 3 103
9 4 220
4 7 24
9 1 170
10 1 250
2 6 160
10
6 3 235
3 1 66
3 8 91
2 3 300
1 9 200
4 8 217
3 7 255
1 5 240
3 10 46
10
9 3 150
3 1 270
6 9 19
3 4 72
1 7 115
10 6 77
3 8 208
2 4 134
5 8 255
10
7 2 174
7 6 113
1 6 111
6 9 260
1 10 291
8 2 167
8 4 65
5 8 270
4 3 118
10
1 3 167
3 5 226
7 1 186
2 3 183
9 3 29
10 1 11
8 1 176
9 4 65
2 6 193
10
9 5 153
9 1 276
6 5 95
4 6 180
2 9 78
4 10 57
7 1 267
5 3 88
1 8 202
10
7 9 79
10 7 216
8 10 20
9 5 182
6 9 264
3 6 151
4 6 172
2 3 280
1 7 85
10
4 5 180
8 4 10
2 5 36
2 7 19
10 7 166
9 2 34
3 7 91
8 6 175
1 2 235
10
10 8 240
6 10 266
10 2 68
6 7 123
10 1 102
9 10 175
3 9 7
5 8 206
7 4 68
10
3 7 174
7 6 45
9 3 210
3 2 153
2 5 17
8 6 65
1 7 292
3 4 213
5 10 107
10
10 5 223
5 7 202
7 8 225
1 7 96
1 6 215
8 3 50
10 2 243
9 2 43
4 6 269
10
2 7 175
4 2 112
1 2 233
10 1 214
2 6 190
4 9 238
7 8 82
5 6 67
9 3 174
10
1 5 197
1 4 215
5 8 118
3 1 14
4 2 297
9 2 195
7 3 292
2 10 107
6 5 141
10
10 9 101
1 9 269
3 10 299
10 7 15
7 5 158
1 8 43
8 2 77
9 6 158
4 2 210
10
6 3 251
7 6 12
7 9 82
6 10 86
3 8 96
4 3 281
1 3 89
5 6 293
2 6 111
10
10 6 159
1 10 23
10 2 79
5 10 59
7 2 95
8 7 93
1 9 185
4 1 193
3 9 129
10
3 7 4
7 9 155
3 2 12
1 3 205
5 3 205
6 2 251
7 10 102
8 5 152
4 2 140
10
9 4 156
4 5 74
4 7 286
6 4 164
8 9 13
3 5 11
1 8 157
2 6 114
10 3 225
10
10 9 120
2 9 186
9 1 159
4 10 285
2 6 92
8 1 142
3 1 300
5 4 292
6 7 112
10
6 10 215
7 6 94
3 7 218
3 9 85
4 10 120
6 5 166
1 7 271
7 8 93
2 8 169
10
6 5 87
6 4 222
9 5 20
10 5 120
10 2 100
1 6 121
4 7 122
4 3 232
2 8 153
10
3 8 184
3 1 186
5 3 47
5 9 109
8 4 36
10 8 224
2 9 204
8 6 115
7 8 300
10
7 10 225
2 7 156
7 4 31
2 3 227
3 1 56
2 8 182
1 5 107
9 8 166
1 6 125
10
9 1 95
3 1 241
5 9 147
2 5 113
6 1 191
7 6 92
3 10 156
5 8 100
10 4 122
10
9 4 269
4 8 200
8 1 43
3 8 138
6 8 42
10 1 111
5 9 165
6 7 274
5 2 177
10
9 4 13
10 4 144
6 10 4
9 2 147
10 1 59
9 3 86
2 8 78
5 4 130
7 1 61
10
4 9 27
1 9 218
6 1 22
6 8 135
1 5 162
8 3 82
2 8 198
6 10 3
2 7 191
10
5 7 153
7 2 85
7 4 127
6 5 71
4 9 20
6 8 141
3 5 152
3 10 92
9 1 234
10
4 6 105
3 6 20
3 1 53
7 3 88
4 5 87
1 10 289
3 2 261
10 8 166
9 2 256
10
8 6 3
1 6 238
4 6 79
6 5 248
6 2 145
4 3 173
6 7 192
10 2 91
9 6 291
10
4 9 116
10 4 55
7 4 93
7 8 114
4 2 5
7 6 271
7 1 205
8 5 19
3 7 141
10
9 1 174
7 9 13
10 9 2
5 10 18
4 10 110
1 2 71
10 8 33
3 9 275
7 6 75
10
5 1 176
3 1 196
5 10 116
8 10 199
1 2 86
9 8 248
1 6 242
4 9 11
4 7 284
10
9 2 165
2 10 157
10 4 106
10 6 126
6 1 38
7 9 182
3 10 59
5 9 93
8 4 276
10
9 3 128
10 9 136
8 3 225
6 9 155
3 4 170
8 5 77
3 7 71
4 2 298
1 9 253
10
1 5 218
5 9 271
9 10 245
1 8 17
5 2 219
9 6 153
2 7 14
4 9 95
3 6 82
10
10 1 227
10 6 96
6 8 20
9 8 209
8 7 267
4 10 282
5 7 36
4 3 40
2 9 21
10
8 3 128
3 10 75
5 3 290
3 9 135
2 9 164
1 9 133
2 7 180
4 9 141
6 3 109
10
3 9 164
3 2 163
3 4 162
3 7 296
3 8 41
6 8 57
10 7 255
6 5 18
4 1 52
10
4 5 204
10 4 26
4 9 78
5 6 94
3 4 6
6 2 66
7 10 239
8 7 242
10 1 19
10
3 8 290
8 9 11
3 2 194
8 4 121
5 8 55
8 10 174
6 3 253
4 7 292
1 10 78
10
2 9 299
2 4 87
7 4 162
3 2 54
8 9 45
10 9 155
2 5 186
10 1 50
10 6 60
10
10 9 202
10 6 21
9 5 240
5 7 81
3 7 141
2 7 157
7 8 75
5 1 196
4 1 266
10
10 1 275
10 7 27
3 10 63
4 10 178
10 5 272
7 8 174
9 1 136
2 9 104
1 6 19
10
5 1 80
9 5 205
7 9 72
7 8 203
6 1 174
2 8 55
10 5 200
8 4 79
3 7 178
10
7 8 214
8 1 33
7 6 88
10 8 28
9 8 110
3 9 223
5 1 289
4 6 264
2 4 258
10
6 1 225
6 8 1
8 10 173
9 6 79
3 9 126
6 2 178
7 3 46
9 5 73
4 7 95
10
6 7 258
1 7 91
8 6 249
5 8 92
4 6 255
3 6 131
8 2 7
1 10 16
9 4 292
10
7 10 111
10 1 1
1 5 194
6 7 215
9 7 7
2 7 144
5 3 125
5 4 26
7 8 46
10
8 10 296
10 6 146
10 4 282
7 8 86
5 8 16
1 6 188
2 7 52
8 3 18
9 1 266
10
4 5 271
2 4 151
4 6 205
7 4 139
5 8 12
8 1 188
4 3 211
7 9 160
3 10 118
10
8 4 153
2 8 236
10 4 246
10 5 210
6 2 176
10 3 176
10 7 157
7 1 280
10 9 46
10
6 1 22
4 1 216
6 9 251
8 9 7
10 4 59
3 10 65
9 5 211
5 7 90
6 2 200
10
1 10 11
1 5 110
1 7 80
3 5 276
4 5 26
6 7 233
1 8 14
7 2 48
6 9 296
10
7 3 46
7 10 278
3 8 51
7 5 232
5 4 223
1 8 80
7 9 9
10 6 141
1 2 233
10
4 9 114
4 10 42
9 3 181
3 2 207
7 2 219
3 8 136
10 6 46
3 1 76
5 6 35
10
9 1 238
4 1 267
4 5 101
7 9 109
1 6 231
10 6 186
7 8 57
10 2 53
3 6 2
10
2 5 200
4 2 86
8 2 64
1 2 163
8 6 5
7 2 73
1 10 106
3 7 75
10 9 74
10
10 1 269
10 9 60
6 9 56
4 6 252
6 7 160
5 7 119
4 3 178
2 4 71
3 8 146
10
5 6 232
5 10 1
5 2 44
10 9 18
10 4 106
10 8 193
7 2 56
8 3 19
9 1 227
10
5 9 39
5 8 225
4 5 281
4 7 111
8 1 217
6 1 239
1 3 217
8 10 135
5 2 138
10
8 5 181
1 8 213
5 10 246
8 9 150
4 10 287
1 6 269
2 6 32
3 9 280
10 7 172
10
2 9 168
9 7 233
9 5 271
1 5 190
4 5 159
2 10 206
4 3 202
8 9 25
9 6 205
10
2 8 69
2 1 158
1 9 17
1 6 81
8 10 201
3 8 272
8 5 33
6 7 159
1 4 296
10
3 9 294
8 3 8
4 8 92
4 7 188
3 6 155
10 4 16
10 1 172
2 7 266
2 5 146
10
3 9 65
10 3 19
4 10 287
4 5 35
2 10 217
1 9 123
7 9 42
2 8 72
6 2 212
10
5 10 45
10 2 240
2 1 213
7 2 266
1 3 89
10 4 287
9 1 158
6 2 224
8 6 112
10
1 9 202
1 7 32
9 5 103
3 7 259
5 10 79
6 10 157
3 8 129
2 3 292
4 5 61
10
1 5 262
1 3 291
10 5 137
4 1 94
9 4 172
4 2 36
8 5 157
6 10 291
7 10 205
10
9 6 27
7 6 73
3 7 278
7 10 103
10 4 208
9 5 127
3 1 43
8 3 7
8 2 299
10
9 5 77
9 10 73
10 6 127
9 2 91
1 2 59
4 2 22
3 10 145
7 3 291
5 8 285
10
9 10 214
9 8 51
10 7 244
8 2 174
3 2 188
5 3 282
2 1 118
10 4 40
5 6 39
10
4 1 4
1 3 103
1 8 134
4 6 165
6 2 1
10 6 171
8 5 116
10 7 155
9 1 25
10
10 7 246
10 6 234
3 7 259
5 6 289
4 7 128
2 10 7
9 5 83
10 8 169
1 6 116
10
3 6 123
2 3 82
3 8 58
8 9 214
7 9 47
5 9 33
10 3 282
4 2 185
1 3 256
10
3 2 41
8 3 100
2 10 241
1 10 136
1 5 240
7 3 175
6 8 132
9 1 91
4 8 224
10
3 10 213
5 10 188
3 4 118
4 2 8
4 7 290
6 4 170
3 8 113
5 9 267
9 1 229
10
2 7 281
1 2 85
3 7 96
10 2 211
7 9 115
5 7 97
6 10 179
5 8 210
4 10 220
10
6 1 109
3 6 79
5 3 248
1 9 85
10 1 276
2 5 276
7 1 292
5 4 213
6 8 272
10
2 8 285
2 4 196
8 6 221
3 4 91
1 2 142
4 10 163
7 8 248
9 4 29
9 5 118
10
7 6 176
8 7 120
6 3 256
3 9 217
7 1 295
7 10 117
7 4 275
2 10 12
5 7 244
10
3 4 141
4 5 163
9 5 195
4 7 183
4 2 164
8 2 17
5 6 293
6 10 41
3 1 124
10
7 9 144
7 5 42
5 1 38
9 6 244
1 10 28
9 8 226
4 6 252
6 3 22
2 6 37
10
3 8 139
4 3 228
3 7 166
10 3 159
9 8 293
10 6 28
9 1 200
5 7 277
2 4 19
10
10 2 102
2 6 111
6 9 215
4 9 105
2 5 232
8 10 10
7 2 20
5 3 100
1 4 3
10
7 2 195
2 9 258
9 8 152
6 9 122
7 5 258
7 4 217
3 4 236
4 10 38
2 1 133
10
1 4 116
4 10 147
10 6 128
7 10 61
1 5 63
9 10 172
6 8 59
9 3 63
2 5 135
10
8 10 253
8 6 31
2 10 241
8 4 43
7 6 284
10 1 13
3 7 96
5 2 92
8 9 15
10
3 7 201
7 1 103
5 3 291
9 5 189
7 10 31
3 6 290
8 9 236
8 2 79
4 9 277
10
4 9 165
4 5 245
8 4 245
7 5 205
1 4 293
10 9 245
3 1 270
5 6 63
2 10 116
10
1 5 251
1 10 156
10 2 142
6 5 133
7 1 146
10 4 210
2 9 134
10 8 102
3 1 108
10
1 6 12
7 6 173
9 7 57
2 1 211
8 1 80
9 10 10
10 3 224
4 2 220
4 5 155
10
1 5 200
1 9 26
1 4 111
6 1 206
8 6 21
1 2 168
10 9 184
5 3 159
7 6 270
10
10 9 79
3 9 85
1 10 112
8 9 15
3 2 267
4 2 180
3 7 85
6 8 257
5 2 138
10
1 8 122
8 5 49
6 5 164
2 1 252
3 2 51
7 3 288
2 10 204
4 7 216
2 9 55
10
9 6 215
5 9 108
10 9 129
7 9 168
3 6 79
1 3 127
2 5 103
8 5 278
4 6 3
10
1 9 167
4 9 232
5 9 4
8 4 59
4 3 253
8 10 114
6 8 258
7 1 140
8 2 277
10
5 8 181
1 5 119
8 2 106
6 1 240
7 8 102
6 3 195
10 8 142
7 4 170
9 7 138
10
4 3 63
5 4 185
4 1 247
6 3 224
4 7 134
10 1 78
10 9 12
2 4 142
5 8 137
10
1 2 43
5 1 267
2 10 10
6 5 77
6 9 129
3 6 220
7 6 117
1 8 128
4 7 145
10
1 9 265
8 9 276
9 5 134
9 3 56
6 3 273
1 10 130
4 9 144
7 3 229
2 10 203
10
5 10 213
5 4 287
5 8 84
6 8 175
1 4 265
7 10 181
8 9 255
10 2 39
1 3 82
10
3 1 15
3 10 276
1 8 89
5 1 257
9 5 53
4 10 37
6 8 199
2 3 40
7 1 65
10
5 4 162
6 4 101
4 10 278
5 1 237
3 5 140
6 9 109
4 7 15
4 2 203
8 1 171
10
8 3 80
1 8 105
8 2 214
4 1 20
1 9 165
6 4 97
7 1 149
9 5 216
6 10 71
10
8 10 92
7 8 248
4 8 199
9 10 300
10 5 102
1 5 53
2 7 39
9 3 270
9 6 240
10
2 3 194
1 3 120
1 4 225
9 4 204
4 7 12
5 4 91
1 8 288
6 3 22
5 10 98
10
6 3 69
3 5 232
8 3 12
6 9 31
7 6 287
3 2 263
4 3 37
9 10 93
1 8 286
10
6 5 255
6 7 104
5 9 75
3 9 56
10 6 176
1 5 272
9 4 42
4 8 53
2 6 150
10
4 10 231
10 2 42
5 2 238
2 1 191
8 10 248
7 5 15
4 6 60
9 4 267
3 4 150
10
7 9 40
6 9 163
9 1 79
2 9 242
1 10 166
1 4 25
10 3 148
10 8 131
6 5 6
10
9 7 78
7 10 102
1 10 182
7 3 289
1 8 115
8 4 277
1 5 69
9 6 265
9 2 77
10
2 3 260
3 1 141
2 7 31
1 5 51
9 7 67
1 8 245
9 10 226
4 1 152
8 6 215
10
1 5 111
5 9 4
8 9 247
7 1 33
3 8 112
3 4 234
2 9 54
6 1 130
8 10 104
10
1 4 110
9 4 41
6 9 128
6 2 286
10 9 197
10 7 221
1 5 92
3 6 130
5 8 55
10
10 8 128
3 8 236
4 10 76
1 4 64
3 6 149
5 3 228
7 1 198
6 9 248
2 5 59
10
6 10 163
6 9 66
10 7 207
7 1 148
9 5 73
5 8 147
6 2 8
3 10 271
1 4 238
10
6 2 239
9 6 246
6 10 240
10 1 36
7 10 185
5 7 114
4 10 253
7 8 127
3 4 115
10
7 10 90
10 2 144
7 1 136
7 8 166
9 2 287
1 4 98
10 3 281
5 9 59
6 7 265
10
3 6 217
5 6 239
9 6 69
5 1 24
5 8 276
2 5 144
3 10 168
7 10 246
1 4 124
10
7 2 57
9 2 39
2 3 68
9 8 110
9 1 223
3 10 69
3 6 68
4 2 145
5 9 115
10
8 1 242
1 3 164
8 6 28
3 10 26
8 4 20
7 1 57
2 3 115
10 9 265
5 4 118
10
3 6 216
3 2 106
10 3 133
1 3 238
2 5 178
10 4 122
7 4 23
7 9 246
8 5 72
10
9 10 60
9 6 114
9 3 94
9 7 118
7 4 209
5 7 73
2 9 42
7 1 244
2 8 97
10
8 3 206
2 8 207
8 5 19
8 7 244
7 9 75
1 5 84
10 1 43
1 4 287
6 7 135
10
6 3 113
3 1 243
1 4 236
3 10 53
7 1 271
5 7 291
9 7 199
5 8 254
2 1 139
10
3 1 162
1 8 195
7 3 46
7 4 59
10 7 61
10 6 156
2 6 75
2 5 78
4 9 160
10
8 10 212
7 8 114
10 3 14
8 2 99
4 2 162
8 5 40
5 1 282
1 6 173
6 9 117
10
4 9 275
4 1 86
1 8 22
8 2 98
6 2 159
4 10 173
10 7 226
6 3 190
5 8 105
10
7 2 131
8 2 297
8 4 109
2 6 130
1 2 104
8 5 44
1 3 250
1 9 25
4 10 183
10
9 1 120
9 5 193
4 5 160
2 9 128
7 1 144
8 7 262
5 6 244
10 9 2
1 3 10
10
6 4 213
5 6 177
2 6 16
3 5 97
1 6 185
7 2 73
8 6 72
9 4 270
4 10 282
10
6 2 242
6 4 222
10 2 159
5 6 16
1 6 145
3 2 153
8 3 273
9 8 130
8 7 42
10
10 6 172
5 10 76
4 6 275
1 10 62
9 4 147
3 5 94
4 8 53
7 9 213
2 8 291
10
4 7 144
5 4 19
6 5 197
6 2 234
5 1 226
4 3 278
7 8 72
10 2 9
2 9 6
10
7 5 43
2 7 192
9 2 174
6 9 186
5 8 288
9 10 18
3 8 57
10 1 239
5 4 97
10
10 9 288
10 1 300
5 10 181
4 9 2
2 1 240
1 6 229
4 3 191
8 6 159
2 7 20
10
5 10 78
8 5 245
10 1 131
5 9 27
1 3 112
1 6 151
6 2 275
2 4 49
7 9 206
10
1 6 160
5 6 242
1 7 85
10 6 240
4 5 273
2 4 290
1 8 290
9 6 209
6 3 2
10
8 9 234
8 5 16
4 8 154
2 8 93
2 1 199
9 6 191
10 9 277
9 3 212
7 3 237
10
9 10 142
6 9 2
9 4 94
6 8 232
4 1 276
5 6 44
7 6 45
4 2 131
3 6 121
10
3 2 39
4 3 291
6 2 68
5 4 245
6 10 83
4 7 107
9 7 201
7 1 163
8 9 74
10
8 3 158
3 6 217
3 10 68
2 6 39
3 9 68
10 5 290
6 1 80
5 7 151
8 4 255
10
5 1 135
5 7 273
3 7 96
7 2 149
5 9 88
10 7 1
6 10 182
4 3 103
8 4 66
10
5 4 176
4 7 120
8 5 114
1 8 294
5 10 173
1 9 182
4 6 158
3 5 176
2 3 216
10
1 9 289
9 3 215
6 1 110
9 7 249
4 6 282
1 2 271
5 7 247
9 8 119
10 4 30
10
6 10 275
6 3 290
4 6 112
10 5 21
9 5 239
4 8 54
1 5 15
2 5 137
2 7 17
10
9 8 108
9 1 144
9 3 149
8 4 106
1 7 175
6 8 9
8 2 223
10 4 45
5 9 91
10
3 10 279
3 2 211
2 8 199
8 5 154
1 10 48
1 9 54
4 10 52
5 6 167
7 9 139
10
1 10 131
1 7 187
1 3 39
5 3 11
1 9 150
2 10 175
4 3 235
7 6 83
8 10 152
10
10 4 217
4 3 17
10 9 91
9 6 290
1 10 236
3 7 32
2 6 241
7 5 76
2 8 215
10
8 10 236
1 10 115
7 10 291
1 9 119
5 9 180
3 1 277
2 9 103
9 4 104
7 6 5
10
5 4 75
3 4 289
5 7 29
9 5 90
6 5 84
6 10 257
3 2 295
10 1 33
5 8 131
10
6 9 299
6 8 148
7 8 43
7 10 92
4 10 191
2 6 179
6 1 56
8 5 173
3 5 86
10
4 5 61
4 9 202
9 8 210
6 9 72
9 10 236
10 2 149
3 10 75
5 7 282
4 1 182
10
3 10 164
8 10 287
4 10 254
3 6 115
9 6 96
2 9 171
7 4 24
1 3 274
5 10 210
10
2 3 66
5 3 147
7 2 23
8 3 11
7 9 262
9 1 188
4 7 16
6 2 255
6 10 197
10
1 7 283
1 4 251
1 10 124
1 2 285
1 8 223
3 1 147
6 10 250
5 8 125
9 4 255
10
4 2 123
7 2 217
2 8 286
1 8 280
4 5 53
9 2 66
8 10 279
4 3 242
10 6 235
10
9 7 242
9 2 220
5 2 10
8 7 89
8 3 290
7 6 170
3 1 51
3 4 5
3 10 253
10
4 8 159
1 4 180
8 2 293
7 4 173
6 7 24
5 2 121
9 2 139
10 9 95
6 3 199
10
2 6 102
8 2 300
8 10 142
10 5 127
10 7 191
3 7 170
5 1 31
4 10 177
7 9 292
10
6 8 279
4 6 209
2 4 248
3 8 73
7 3 136
2 5 53
9 6 158
6 1 44
5 10 20
10
4 9 109
4 8 234
2 4 65
5 4 229
7 5 112
9 1 192
7 10 5
6 5 85
3 9 212
10
4 2 126
4 8 61
6 4 249
2 1 262
2 5 213
10 4 65
9 1 230
3 6 111
4 7 119
10
3 9 240
2 3 22
10 9 190
4 10 33
10 5 35
3 7 97
7 1 62
2 8 242
6 10 175
10
10 4 180
1 10 176
2 10 225
3 1 143
7 1 35
3 9 121
3 6 226
10 5 173
8 6 162
10
1 4 295
1 3 295
2 3 254
5 2 280
8 1 61
7 8 150
4 6 277
10 1 4
4 9 270
10
9 2 265
9 4 182
10 9 130
8 4 194
1 4 237
7 9 175
3 4 166
6 8 173
5 10 164
10
10 6 97
8 10 92
10 2 54
9 2 287
2 3 245
3 5 203
6 4 225
1 6 46
3 7 41
10
1 9 30
1 5 244
1 10 190
6 1 297
5 2 285
3 6 292
2 7 293
4 6 252
10 8 200
10
1 4 177
10 4 77
4 2 296
7 10 100
1 9 290
5 7 150
8 2 239
10 3 243
6 10 229
10
6 8 37
6 9 288
9 5 159
7 8 22
8 3 223
3 4 41
5 10 299
2 6 121
5 1 28
10
7 10 115
8 7 108
7 9 295
8 3 252
5 3 100
1 3 23
9 6 3
4 8 234
3 2 181
10
6 8 13
2 8 253
8 3 76
6 1 261
6 10 216
2 5 5
4 1 214
6 7 53
6 9 90
10
8 4 50
5 4 97
5 9 94
5 7 202
8 1 99
7 6 149
3 4 110
6 10 48
2 8 289
10
1 2 45
1 9 88
2 5 128
1 8 170
4 5 282
6 4 185
7 6 261
10 5 128
3 8 119
10
3 5 294
5 10 181
10 7 92
3 4 218
6 7 280
10 8 139
6 9 225
3 1 255
4 2 56
10
1 7 129
1 2 243
2 3 39
10 2 300
10 8 268
10 5 87
10 9 57
6 1 81
5 4 214
10
3 10 244
8 10 258
10 7 63
1 3 291
8 4 39
7 9 54
10 5 151
6 10 82
6 2 233
10
7 5 283
6 5 255
5 2 245
9 2 169
1 7 70
4 5 250
10 7 59
8 7 53
6 3 72
10
2 9 29
2 6 128
1 6 256
2 5 291
3 5 250
4 2 247
10 1 130
7 5 91
5 8 283
10
5 2 78
5 6 187
3 5 71
7 2 158
10 3 20
5 9 157
6 8 52
10 4 84
7 1 34
10
1 7 241
5 7 187
2 1 134
1 10 22
10 6 184
9 2 129
2 3 33
2 8 57
5 4 18
10
2 6 82
2 7 83
5 7 198
5 8 85
9 6 134
10 6 124
1 10 216
3 8 103
4 10 221
10
9 5 78
3 9 158
5 2 251
6 3 266
6 4 6
9 7 151
1 3 135
10 6 285
1 8 56
10
4 10 139
4 5 63
8 5 53
4 1 288
8 9 153
10 3 145
3 2 294
6 9 34
5 7 284
10
2 6 279
4 6 30
6 7 119
9 7 276
7 5 14
8 2 41
10 9 42
9 3 83
3 1 274
10
8 9 5
7 8 32
2 7 235
9 3 197
4 9 67
10 4 20
5 2 64
1 5 91
6 10 89
10
5 3 293
5 2 163
10 3 285
4 10 110
3 6 216
3 1 241
9 3 107
8 4 47
3 7 238
10
10 4 76
3 10 297
9 4 284
8 3 116
7 10 276
10 1 185
1 5 226
2 7 6
1 6 168
10
8 5 252
5 6 109
5 4 120
10 5 265
3 8 9
3 2 108
9 2 46
1 8 151
7 9 185
10
4 3 17
5 3 272
5 1 11
1 2 44
1 6 125
6 9 112
8 2 167
5 7 260
2 10 141
10
3 9 166
10 3 256
10 2 8
5 3 66
7 5 219
10 1 295
2 4 248
6 10 287
9 8 236
10
2 4 118
6 4 94
4 1 82
7 4 111
10 4 81
8 2 81
6 5 249
9 1 37
9 3 151
10
7 1 185
1 9 54
4 1 183
6 4 274
1 3 47
7 2 94
8 2 33
5 3 114
10 4 271
10
4 6 102
4 8 172
8 10 153
5 6 55
4 3 201
3 9 59
2 5 65
7 5 271
1 6 154
10
4 8 168
4 6 89
1 6 156
1 5 225
1 3 97
2 1 100
8 9 121
2 10 174
7 1 240
10
1 6 22
8 6 126
7 6 169
10 6 101
6 5 10
3 6 254
6 2 91
9 8 275
4 7 175
10
7 8 90
5 8 100
7 3 192
7 6 235
8 10 163
8 2 217
8 4 64
3 1 107
1 9 250
10
8 4 105
9 4 87
10 9 89
4 5 112
9 6 221
5 1 117
1 7 175
2 6 131
1 3 227
10
5 7 241
6 5 117
7 4 2
5 9 146
3 7 98
3 8 188
8 10 80
8 2 74
9 1 271
10
3 2 186
1 2 141
10 2 105
1 9 133
4 10 196
2 5 85
6 10 279
6 8 43
3 7 266
10
6 8 60
8 5 284
5 2 234
8 1 231
9 8 131
2 10 166
4 6 117
10 3 166
7 8 73
10
8 6 36
8 3 212
2 6 264
2 5 110
5 4 4
9 2 158
5 7 292
8 1 250
10 4 137
10
7 4 189
9 4 251
3 9 167
10 3 248
8 4 201
5 3 186
2 7 99
10 6 160
1 5 53
10
8 1 54
2 1 265
4 8 93
4 9 72
7 9 124
3 9 189
6 2 259
10 8 162
10 5 101
10
3 5 202
3 9 103
10 3 201
1 5 194
3 2 76
9 4 233
3 6 244
10 8 136
2 7 39
10
5 9 142
9 2 205
10 9 292
3 5 242
3 6 177
4 9 268
2 8 99
7 10 17
6 1 221
10
4 5 185
7 4 136
9 4 89
5 8 149
4 6 84
3 6 143
6 1 180
1 10 67
1 2 115
10
6 4 119
4 5 100
6 9 251
2 6 287
10 5 42
9 1 224
5 8 29
1 3 60
7 3 115
10
5 4 167
8 4 286
8 2 75
6 8 258
6 7 240
1 7 58
7 10 68
1 3 274
8 9 279
10
6 8 149
10 6 114
3 8 48
6 1 120
4 8 47
3 7 169
7 5 27
9 8 30
10 2 160
10
6 10 229
3 10 96
5 10 116
5 7 5
9 3 219
9 2 289
10 8 47
4 5 184
10 1 126
10
10 6 237
7 6 167
6 3 3
6 9 26
2 6 173
1 9 107
5 3 45
4 6 101
8 7 84
10
1 3 73
1 5 146
6 1 200
3 8 204
10 1 11
9 6 271
1 7 115
4 1 67
2 4 51
10
3 6 145
6 5 55
5 9 158
1 5 146
4 9 73
9 10 98
5 7 93
9 2 109
4 8 9
10
9 7 211
3 9 106
3 1 238
7 6 143
8 1 170
10 1 125
7 2 92
1 4 5
2 5 110
10
10 3 272
1 10 71
4 1 270
3 6 175
6 9 194
6 5 125
6 7 248
5 2 168
8 3 151
10
9 5 44
4 9 105
4 10 71
1 4 290
6 5 263
4 3 27
9 7 262
3 8 13
3 2 147
10
5 4 243
3 5 271
10 3 23
5 1 163
10 6 204
9 5 9
5 7 289
8 7 271
2 10 3
10
7 2 114
9 2 209
5 9 42
7 6 117
9 8 206
4 6 36
8 3 42
10 4 97
7 1 77
10
8 1 237
7 8 163
1 6 126
1 4 13
9 8 220
4 2 190
5 2 30
2 10 120
3 9 277
10
5 7 85
7 3 6
6 7 103
9 6 213
8 3 125
3 2 57
8 4 288
6 10 13
9 1 183
10
1 10 57
7 10 106
10 5 163
7 2 239
4 7 247
3 5 17
8 5 217
7 9 84
6 3 264
10
6 3 165
1 3 220
10 6 197
8 6 172
6 7 142
2 8 96
4 6 115
5 2 60
9 1 56
10
10 6 96
7 10 141
6 2 104
8 6 93
2 1 41
9 1 5
5 1 104
8 4 43
3 2 91
10
2 9 40
5 9 20
3 2 260
8 3 170
8 6 159
10 9 102
7 8 297
6 1 285
4 3 18
10
8 5 125
8 10 257
5 9 233
9 6 300
2 9 9
4 8 292
1 9 258
4 3 73
7 6 153
10
10 2 51
5 10 116
7 5 136
7 4 207
4 6 65
7 8 258
9 10 220
3 9 6
10 1 187
10
9 3 280
3 8 244
7 3 147
5 9 270
7 10 283
5 6 194
8 4 126
1 3 41
4 2 197
10
2 5 208
7 2 68
7 6 167
5 8 248
1 7 14
8 10 202
4 1 61
7 9 171
3 6 58
10
3 9 278
8 9 165
2 8 264
4 2 233
9 1 25
7 8 128
6 7 191
10 7 241
5 3 210
10
2 3 40
3 6 122
6 9 136
9 4 112
9 1 248
5 4 140
10 2 71
7 9 187
5 8 145
10
1 4 163
7 4 269
9 7 273
8 4 36
7 3 298
2 9 74
3 5 258
3 10 199
9 6 215
10
8 4 57
9 8 122
6 4 85
9 2 268
1 4 76
5 8 99
10 4 100
7 4 10
3 5 4
10
4 2 7
9 4 87
2 10 167
2 8 98
8 6 123
10 5 266
3 10 16
7 3 58
7 1 142
10
2 6 235
6 7 213
2 1 284
8 2 25
4 7 27
8 5 59
6 9 237
4 10 164
8 3 297
10
4 2 57
6 2 159
5 6 2
3 2 98
8 6 206
7 3 14
10 6 176
1 3 206
10 9 171
10
10 9 214
4 10 45
6 9 66
10 7 260
4 3 100
5 3 48
7 2 251
3 1 185
8 7 179
10
9 2 176
8 9 99
1 2 108
5 9 72
7 5 152
3 7 165
9 4 168
10 8 14
6 5 88
10
8 9 39
1 9 87
1 4 175
8 10 24
8 3 104
7 3 31
2 8 88
4 6 145
5 7 62
10
4 5 135
1 5 247
9 5 79
9 8 94
3 5 267
9 7 246
9 2 148
8 10 218
6 10 122
10
10 1 298
2 1 161
2 9 243
1 8 108
8 5 225
3 1 269
8 6 206
4 8 291
7 3 48
10
10 3 59
9 3 50
10 1 199
7 3 42
10 4 253
5 1 240
7 6 6
5 8 65
2 7 115
10
8 10 37
9 8 76
10 5 85
6 5 26
10 3 8
3 1 241
3 4 121
9 7 190
2 6 252
10
6 7 33
8 7 69
1 8 292
9 6 128
9 4 144
10 8 100
2 4 78
2 3 186
7 5 61
10
7 3 94
7 6 170
3 1 194
10 6 34
10 8 243
3 4 95
5 8 195
9 5 265
10 2 218
10
2 10 242
10 5 221
2 6 12
2 7 59
10 8 33
9 6 251
4 7 217
1 6 258
3 1 194
10
3 8 131
8 2 209
6 2 77
8 7 206
1 2 166
7 10 109
9 7 106
9 5 254
2 4 90
10
4 5 179
4 3 57
10 4 183
10 2 65
10 9 266
4 8 267
1 4 129
6 8 251
7 4 226
10
7 1 94
1 5 240
6 5 197
10 1 78
6 8 76
4 8 3
2 10 237
3 1 224
9 7 56
10
8 5 300
4 8 108
1 4 53
10 8 91
8 6 244
2 4 286
5 7 184
8 3 35
9 1 230
10
4 1 278
1 10 221
4 6 26
6 3 65
8 6 251
3 2 196
10 5 47
9 6 262
5 7 130
10
6 1 271
9 1 222
5 6 212
6 3 6
1 10 290
8 10 181
2 5 239
3 7 69
1 4 115
10
2 10 276
1 2 224
3 1 20
1 6 36
7 1 207
8 6 85
3 4 199
2 9 76
10 5 239
10
3 8 199
9 8 46
1 8 178
3 7 215
7 5 34
8 6 209
4 9 234
8 2 16
1 10 146
10
6 7 196
1 7 36
4 7 161
4 8 91
1 2 187
4 9 272
10 6 102
5 4 80
7 3 82
10
9 2 209
1 9 246
5 9 105
9 4 129
3 9 149
4 6 132
3 10 26
10 8 33
7 8 117
10
3 9 155
8 9 46
10 8 246
3 2 146
6 10 216
8 4 238
8 7 208
6 1 92
9 5 140
10
2 4 88
2 9 126
9 7 95
1 7 110
8 4 22
8 10 105
5 10 215
5 6 97
3 8 299
10
1 9 77
1 2 29
5 9 188
9 8 93
6 5 205
10 6 113
4 10 31
9 3 112
2 7 29
10
1 7 225
10 7 179
10 4 257
8 10 198
6 4 75
3 4 115
3 5 215
10 9 200
8 2 279
10
6 1 165
8 6 169
7 1 10
1 4 268
10 7 238
10 9 284
2 8 233
8 3 37
5 8 258
10
7 5 271
7 8 7
4 5 205
7 10 155
2 10 20
6 2 174
1 8 21
9 10 42
7 3 219
10
3 10 52
4 3 119
7 3 133
10 5 251
3 9 285
5 2 245
5 8 21
3 1 52
10 6 10
10
7 8 102
8 1 165
8 4 244
7 5 98
6 7 21
9 7 14
1 3 131
4 2 49
8 10 182
10
6 10 233
5 6 71
9 6 113
2 6 93
5 1 144
4 2 15
6 7 164
8 2 67
3 6 275
10
7 6 290
2 6 76
7 5 156
3 2 98
8 6 13
4 8 75
1 7 28
10 1 171
9 3 251
10
5 3 40
4 5 71
6 5 187
3 9 161
9 2 92
10 5 212
1 6 108
8 10 142
6 7 160
10
5 6 195
5 10 81
5 4 130
5 9 123
3 9 214
5 8 32
2 9 290
1 5 234
1 7 100
10
9 5 180
7 9 182
7 10 232
1 5 114
7 4 249
10 8 79
1 6 3
5 3 99
2 10 3
10
10 2 135
10 6 13
10 9 57
9 5 122
6 3 216
4 9 6
3 1 196
5 8 61
7 5 30
10
4 3 72
3 6 6
9 3 101
4 2 197
4 10 120
8 9 61
7 6 74
4 1 45
8 5 207
10
3 1 145
5 1 53
9 5 281
10 1 73
5 7 145
1 6 174
2 1 160
7 4 81
8 7 50
10
2 3 83
3 1 267
8 2 113
9 3 53
1 7 272
2 4 216
6 1 108
3 10 174
5 7 2
10
9 4 225
1 9 215
10 9 237
7 10 135
5 9 110
4 8 115
4 3 86
2 10 154
6 3 87
10
10 2 266
1 2 127
2 9 118
9 8 178
8 3 12
1 7 97
3 5 76
3 6 146
4 6 247
10
9 8 246
10 8 93
6 9 191
10 4 19
6 1 6
10 2 181
9 5 247
7 5 255
3 2 62
10
9 6 108
6 4 127
7 4 130
8 4 204
9 2 288
6 5 215
7 1 87
3 8 234
1 10 300
10
1 4 35
9 1 201
2 9 158
2 3 62
8 9 248
7 8 187
2 5 199
5 6 152
10 8 182
10
4 7 221
4 2 271
8 2 135
5 4 99
8 9 119
6 5 127
9 1 123
10 8 248
1 3 180
10
2 5 87
4 5 207
8 2 149
2 9 216
7 9 113
2 10 24
6 9 192
1 8 53
3 10 230
10
6 2 138
3 2 270
8 2 125
3 5 163
7 6 37
3 10 86
9 5 79
6 4 217
9 1 79
10
10 7 277
10 2 253
2 3 243
6 10 117
6 5 179
3 4 98
5 8 260
10 1 282
3 9 176
10
4 10 255
9 10 159
1 9 184
10 2 93
9 3 182
8 10 270
5 9 219
7 1 234
6 7 275
10
1 7 254
1 8 132
1 9 93
5 1 30
7 6 25
1 4 23
10 5 48
5 2 107
3 6 4
10
4 7 145
9 7 48
9 3 113
10 9 141
9 2 148
4 8 102
1 2 239
6 9 49
4 5 107
10
8 10 23
2 10 205
8 1 292
10 7 286
1 4 277
8 3 272
1 5 215
6 1 206
9 6 79
10
5 4 8
5 7 95
9 4 203
4 1 74
10 1 201
1 6 158
8 9 126
10 2 1
4 3 1
10
6 1 131
6 2 206
6 4 65
10 1 70
10 8 246
5 10 2
6 7 200
8 3 278
8 9 237
10
1 9 131
3 9 147
9 7 218
2 9 262
9 4 33
4 10 217
8 7 251
2 6 244
9 5 280
10
5 9 194
8 5 11
9 10 222
8 6 146
10 3 189
5 2 19
1 8 194
10 4 190
10 7 223
10
5 10 242
5 3 210
1 10 147
9 3 135
10 7 255
1 8 123
9 2 128
2 4 169
6 1 235
10
2 7 176
4 2 267
8 4 290
5 2 40
1 2 266
1 10 209
5 3 18
6 2 261
9 5 274
10
6 4 285
4 3 113
2 6 62
6 10 60
6 1 134
1 9 93
7 9 110
2 5 135
8 10 280
10
2 8 65
8 10 210
2 1 190
10 4 262
9 1 246
5 1 135
7 2 129
3 9 169
6 9 91
10
7 4 154
2 7 101
8 7 85
1 7 33
5 1 120
6 5 219
8 9 8
7 3 242
9 10 163
10
3 1 29
5 3 50
1 2 144
6 3 288
4 1 292
8 4 252
9 6 107
9 10 161
7 8 56
10
2 7 239
8 2 118
2 5 88
6 5 217
10 6 87
10 1 237
4 10 146
9 2 105
8 3 76
10
9 6 38
6 3 156
6 4 124
3 5 187
9 8 241
1 4 181
7 3 67
2 5 181
2 10 109
10
2 3 289
2 9 84
8 3 229
7 8 18
9 5 18
7 6 26
10 6 97
4 8 152
10 1 171
10
7 6 160
5 7 120
1 6 135
1 4 71
2 5 151
4 8 55
10 4 210
1 3 261
9 3 48
10
4 1 42
1 3 249
2 4 171
8 2 246
7 2 14
10 4 183
4 9 142
6 3 90
3 5 97
10
10 8 33
10 5 201
3 5 68
1 5 107
6 10 293
1 2 50
6 7 172
2 4 172
10 9 261
10
6 8 142
6 7 224
7 4 11
4 10 91
1 10 11
2 1 180
3 10 215
9 6 209
5 3 67
10
5 1 81
5 3 82
1 7 36
1 9 85
5 10 148
8 10 21
6 10 52
3 4 93
3 2 46
10
2 10 273
5 2 247
2 8 241
9 10 224
8 6 146
1 10 198
7 2 22
6 3 108
4 2 125
10
10 7 276
10 2 176
4 10 297
8 2 113
7 3 136
10 5 198
8 1 79
1 9 102
6 2 231
10
8 3 142
8 9 161
5 9 170
8 7 78
9 4 128
9 2 161
5 10 60
8 6 240
9 1 249
10
2 7 127
7 10 27
7 4 30
7 9 188
6 4 288
7 8 92
6 3 152
6 1 197
1 5 270
10
1 6 209
6 7 216
1 2 154
5 7 102
8 5 196
10 1 296
3 7 101
1 4 214
9 4 212
10
4 2 131
2 9 72
6 9 176
5 2 97
2 10 18
9 7 197
7 3 5
9 8 74
1 9 72
10
7 10 245
7 6 37
10 5 100
7 1 278
9 1 79
10 8 179
7 2 112
4 9 198
3 2 71
10
3 5 196
3 9 141
8 9 95
6 9 82
2 8 288
4 3 221
1 5 163
10 5 228
7 1 282
10
2 10 133
10 1 238
2 9 160
2 5 234
4 10 111
8 9 83
5 7 95
3 5 97
6 1 138
10
1 2 147
8 2 109
10 8 127
4 10 2
7 1 218
8 5 66
9 7 2
3 2 72
3 6 168
10
8 3 185
3 5 188
5 4 165
4 7 49
1 7 132
10 3 92
2 4 181
6 1 117
1 9 138
10
7 4 205
9 4 279
4 3 79
10 7 17
4 1 225
8 7 25
10 2 19
3 5 277
7 6 172
10
3 5 204
5 9 101
8 3 138
10 8 226
1 9 64
9 6 13
9 4 22
8 2 238
7 4 205
10
9 5 215
5 8 88
5 3 23
3 1 114
3 7 61
4 7 277
9 6 123
1 10 67
10 2 53
10
1 8 292
1 5 135
10 5 33
7 5 163
9 5 192
2 7 57
1 6 148
3 8 279
6 4 207
10
2 8 252
2 9 93
8 4 204
2 7 298
3 7 224
2 10 214
6 2 107
10 1 83
9 5 284
10
8 1 267
3 1 148
3 6 55
1 5 180
1 9 38
10 1 3
3 2 295
4 5 245
5 7 77
10
10 4 156
10 9 246
1 9 142
3 9 235
3 5 86
8 4 169
2 8 273
4 6 18
7 10 227
10
9 4 239
4 7 230
5 9 270
7 10 111
4 6 275
10 3 72
8 9 47
1 3 77
4 2 250
10
2 3 234
10 2 44
3 5 186
4 5 298
7 10 164
6 5 62
3 8 199
1 7 94
9 2 95
10
6 10 163
10 3 114
1 6 269
9 10 51
10 8 228
8 2 61
5 3 270
7 5 84
1 4 235
10
7 1 65
1 5 191
10 5 131
4 7 84
7 8 146
9 8 213
8 6 110
2 1 161
3 6 15
10
10 4 17
4 9 213
1 9 149
3 9 172
9 7 146
5 10 293
8 1 296
3 2 215
6 4 235
10
7 3 86
4 7 202
8 7 159
3 6 223
5 3 105
6 1 201
5 9 291
6 2 224
6 10 67
10
4 1 62
4 8 163
1 10 158
2 1 206
8 5 43
3 4 65
9 10 46
3 6 165
2 7 278
10
7 6 12
4 6 31
2 7 261
7 5 64
9 2 71
3 2 173
1 2 223
8 4 144
8 10 290
10
7 9 200
2 9 21
6 2 142
6 1 219
8 2 254
5 8 220
4 8 177
3 7 125
1 10 107
10
1 6 94
6 10 185
6 4 151
6 2 178
7 4 14
1 3 200
5 2 279
9 10 277
8 6 86
10
4 3 185
4 1 144
10 3 81
1 2 280
3 5 73
3 6 175
7 3 155
8 10 219
9 3 141
10
2 10 50
7 10 228
6 10 187
7 4 296
5 4 93
3 7 96
9 2 227
5 1 151
8 9 84
10
5 9 269
4 5 54
3 4 94
7 9 55
4 10 151
4 6 75
7 1 9
9 8 118
4 2 15
10
4 9 179
9 2 89
3 4 46
9 8 81
9 10 88
4 1 274
3 7 204
6 2 145
5 4 64
10
1 8 237
1 9 250
9 4 115
8 2 99
4 6 261
7 1 15
9 10 226
3 1 107
5 9 166
10
7 9 260
1 9 67
9 3 48
9 2 227
9 6 82
5 1 58
7 8 225
4 9 264
10 1 254
10
6 2 24
5 2 34
2 10 95
10 9 99
5 1 289
4 9 269
6 7 244
3 6 191
8 5 52
10
10 6 265
10 7 300
10 2 17
2 1 275
4 10 225
9 10 283
10 3 178
8 10 198
10 5 219
10
10 5 207
10 2 137
1 10 158
7 1 42
3 2 82
9 7 205
6 7 290
9 4 38
8 7 219
10
4 10 186
1 4 163
3 1 44
2 4 168
1 8 115
9 10 14
7 3 256
5 9 137
6 2 215
10
3 8 217
8 7 121
2 3 53
6 8 101
8 1 272
10 2 47
9 2 291
3 5 34
4 10 66
10
3 4 32
3 8 298
7 8 167
2 8 261
8 10 114
1 10 250
3 6 72
4 5 102
9 3 109
10
6 4 271
9 6 140
2 9 157
2 7 106
6 1 231
7 3 16
6 10 246
4 5 107
8 5 162
10
2 10 115
6 10 219
2 4 22
2 1 142
9 4 295
8 2 177
10 3 1
9 5 193
2 7 70
10
1 7 255
1 2 218
2 3 144
8 1 28
6 2 143
6 10 142
1 4 215
9 8 63
1 5 163
10
4 6 154
9 4 171
8 9 271
8 7 97
8 5 112
8 1 45
9 3 94
8 2 117
3 10 254
10
4 10 276
2 4 153
8 10 125
5 4 65
2 1 184
7 10 244
3 4 1
9 1 162
8 6 7
10
6 3 82
10 6 115
3 5 278
7 6 200
2 10 208
5 9 97
2 8 23
1 2 281
2 4 248
10
5 7 109
4 5 181
10 4 216
9 10 227
3 5 207
9 6 41
2 3 147
8 2 208
1 7 262
10
3 5 97
5 10 173
3 6 175
4 3 197
5 1 234
8 5 265
5 9 289
7 10 238
2 10 101
10
5 4 52
3 4 251
4 6 295
5 10 128
2 5 245
6 9 152
10 1 202
6 8 152
7 6 28
10
2 10 235
4 2 275
2 9 7
1 2 96
3 4 243
10 6 195
4 8 129
1 7 93
2 5 171
10
3 5 49
9 5 265
9 8 89
4 5 280
1 4 172
10 5 181
3 2 32
3 6 209
5 7 260
10
6 1 103
6 8 93
4 8 4
2 8 23
3 4 122
5 6 215
9 3 186
7 4 178
9 10 171
10
6 8 45
10 6 235
1 8 102
4 1 1
10 2 289
7 8 32
5 10 104
3 6 241
2 9 141
10
10 5 138
10 1 74
3 10 6
10 8 161
4 8 57
9 1 102
5 6 35
7 4 9
6 2 157
10
4 9 34
9 2 65
1 9 129
9 6 223
4 8 249
7 8 51
10 2 116
3 10 39
2 5 121
10
7 9 36
7 10 137
9 8 295
3 8 64
8 2 253
4 7 241
3 1 23
9 6 215
6 5 99
10
9 4 31
9 8 238
10 4 145
4 6 286
2 4 267
7 10 100
6 5 213
1 2 261
9 3 165
10
5 3 238
5 10 188
10 6 27
1 3 63
2 1 182
9 3 57
4 2 286
5 7 275
8 7 196
10
5 7 89
7 9 223
5 10 103
9 1 237
10 3 22
9 6 162
4 3 42
9 8 271
2 1 175
10
3 8 110
2 3 128
10 2 68
1 3 102
4 2 13
7 4 162
6 10 27
5 2 295
5 9 188
10
4 8 226
10 4 5
7 4 12
4 9 290
8 3 200
9 1 146
6 1 247
2 7 180
5 2 263
10
6 1 42
2 6 279
4 1 227
5 1 267
4 3 5
10 4 293
4 9 285
3 8 276
7 5 51
10
9 4 237
4 2 69
8 4 49
6 9 195
4 3 265
3 5 272
7 6 230
6 10 279
3 1 228
10
5 9 153
9 3 264
5 7 7
4 9 25
8 4 169
8 6 283
1 3 20
2 6 113
10 3 56
10
4 3 197
1 4 175
1 9 290
1 6 84
2 1 281
8 1 119
9 7 78
10 3 7
5 8 55
10
6 8 278
9 8 207
10 6 132
9 3 19
7 9 207
3 2 177
6 4 64
1 8 18
10 5 62
10
6 10 257
6 1 261
4 6 201
2 1 6
8 4 52
10 5 190
8 7 122
9 5 199
9 3 142
10
7 10 167
7 4 150
7 9 62
5 4 12
3 7 270
4 2 39
8 2 3
9 6 95
1 3 55
10
3 6 46
10 3 14
3 7 290
1 3 232
10 2 81
8 3 67
3 9 103
5 8 260
4 3 192
10
6 10 136
6 7 200
6 9 110
3 6 191
2 10 77
7 8 198
1 6 266
6 5 115
6 4 245
10
6 2 242
5 2 262
6 4 119
8 6 278
8 7 204
10 4 265
9 8 11
3 4 261
7 1 274
10
2 10 250
1 10 292
6 2 35
10 9 102
2 3 92
7 2 67
5 7 20
5 8 202
3 4 187
10
10 3 213
10 1 277
3 8 208
10 2 101
10 4 62
1 6 130
3 5 50
3 7 128
9 2 285
10
5 9 83
9 3 35
2 3 176
1 9 5
4 5 160
7 3 86
3 10 255
4 6 1
10 8 52
10
4 7 186
8 4 112
10 4 300
8 6 22
7 3 66
10 9 198
8 5 97
4 1 255
2 8 145
10
3 2 44
3 1 128
3 6 234
9 6 43
6 5 168
9 4 26
2 7 230
1 8 192
2 10 258
10
4 3 196
3 6 71
3 5 235
4 8 138
2 6 193
9 5 80
8 10 63
2 1 188
10 7 279
10
2 5 109
2 9 78
6 5 208
8 9 165
2 7 121
7 3 99
1 8 217
4 6 212
1 10 30
10
1 2 131
6 1 121
9 2 296
4 2 262
5 1 271
3 1 75
10 9 70
9 8 97
7 6 80
10
10 9 125
8 9 110
10 7 230
8 3 159
3 5 268
5 4 169
3 1 215
5 2 266
2 6 209
10
9 7 205
9 10 174
8 7 193
6 9 118
7 1 168
7 4 222
7 2 238
5 2 273
7 3 159
10
4 3 83
7 3 151
6 7 43
10 3 72
9 3 228
7 1 194
5 9 177
8 4 238
7 2 108
10
7 1 9
8 1 79
8 10 177
10 5 288
8 3 27
8 6 1
1 4 88
2 3 169
2 9 207
10
2 6 154
4 6 167
6 7 221
7 10 291
8 2 234
7 5 110
8 9 282
1 7 285
3 1 194
10
3 7 80
3 9 225
2 3 67
8 3 218
3 1 87
9 5 219
3 4 68
7 6 263
9 10 67
10
6 10 28
5 6 221
6 8 56
9 5 79
7 5 145
9 4 273
8 3 43
2 7 236
1 2 260
10
4 6 197
4 1 173
10 1 111
10 8 119
2 4 267
1 3 195
6 7 263
9 10 117
5 4 121
10
7 9 181
4 9 258
8 9 58
8 1 288
5 1 141
5 3 227
6 3 216
10 1 34
2 8 95
10
4 9 22
4 3 55
9 5 2
9 7 182
6 7 51
2 6 183
10 2 200
8 4 55
6 1 273
10
2 5 280
5 9 205
4 5 176
3 5 64
6 4 196
5 10 20
10 7 284
6 8 186
2 1 202
10
9 2 276
2 5 80
7 9 16
5 1 226
3 1 9
8 5 289
7 6 149
4 9 65
10 5 9
10
10 3 231
3 6 27
4 6 95
1 10 263
7 6 273
7 8 134
10 5 26
9 8 184
2 5 6
10
8 6 215
6 7 265
2 6 77
4 6 81
4 5 77
4 10 143
5 9 194
9 3 195
9 1 164
10
5 7 13
7 6 217
7 3 263
9 3 118
6 4 220
4 10 296
9 2 29
4 8 241
8 1 6
10
5 8 93
2 5 191
5 9 52
9 10 197
8 4 229
7 10 17
6 5 203
4 1 157
7 3 118
10
4 6 68
4 8 91
1 8 11
10 6 215
5 6 268
3 10 113
2 10 103
9 1 110
2 7 183
10
4 5 271
4 1 119
1 7 184
2 4 278
8 7 24
6 2 27
2 10 152
5 3 168
1 9 294
10
8 9 170
9 3 192
8 2 61
3 7 192
3 1 4
7 5 16
9 4 245
3 10 128
5 6 288
10
9 3 74
10 3 36
3 6 76
10 7 97
4 10 170
6 1 93
5 1 233
2 6 160
8 2 96
10
5 9 291
5 2 130
7 5 85
10 9 144
3 9 228
4 5 134
1 5 94
6 10 79
1 8 230
10
1 2 193
1 6 154
6 4 11
3 4 73
3 10 206
10 9 156
7 1 86
6 5 155
8 9 144
10
5 8 253
1 8 256
5 7 273
5 6 125
10 8 199
8 2 43
3 5 128
4 10 130
9 7 232
10
7 9 60
7 8 145
4 9 297
10 9 129
1 10 60
2 1 166
6 2 241
5 7 288
6 3 61
10
7 3 142
7 5 186
4 7 286
3 6 204
10 4 50
9 6 63
5 1 82
2 9 241
8 4 118
10
6 5 225
7 6 192
10 7 21
9 7 61
1 9 233
3 10 242
8 10 254
2 5 13
2 4 63
10
5 7 240
6 5 92
6 10 154
4 5 143
10 2 229
6 3 214
8 10 147
9 2 40
6 1 145
10
3 5 213
7 3 295
5 1 73
8 3 123
10 7 8
3 9 182
4 9 234
6 3 37
8 2 290
10
10 4 47
10 3 94
4 2 135
6 10 83
4 7 46
4 5 265
1 3 281
9 5 47
8 10 149
10
8 4 213
10 8 23
1 8 75
8 3 122
2 3 273
7 1 48
6 8 41
5 8 258
9 8 14
10
1 4 188
6 1 257
1 5 246
3 1 6
9 4 69
2 9 206
10 4 244
8 9 47
3 7 240
10
4 10 95
6 4 254
4 8 166
4 1 166
4 9 283
2 9 170
7 2 80
8 3 152
4 5 255
10
3 2 99
2 1 57
6 1 245
5 3 82
10 2 244
8 3 88
2 4 159
4 7 197
9 5 18
10
4 7 36
10 4 292
4 5 40
5 3 121
8 10 158
5 6 177
4 2 246
2 9 101
5 1 259
10
4 9 159
5 4 208
8 5 294
10 4 236
4 2 41
2 7 167
2 3 284
7 6 68
9 1 74
10
4 5 82
5 1 75
8 4 296
2 8 54
1 10 66
6 1 282
7 4 35
10 9 27
6 3 131
10
5 8 32
8 4 44
4 7 1
4 10 138
8 6 297
9 4 267
2 8 249
3 9 173
2 1 276
10
1 6 54
6 8 262
6 4 10
7 8 178
6 10 136
8 5 85
10 9 250
2 4 187
9 3 68
10
1 9 177
1 8 248
8 4 296
9 2 103
3 1 48
5 8 163
8 10 294
6 3 29
1 7 48
10
8 3 165
5 3 279
5 6 217
8 7 41
6 9 298
7 1 108
4 8 26
8 10 206
1 2 210
10
2 8 202
7 2 119
8 5 143
8 4 226
9 4 104
5 3 173
10 3 151
6 7 90
4 1 229
10
2 3 110
3 7 283
1 7 55
6 3 202
3 9 65
9 4 132
5 9 258
5 8 140
10 7 266
10
2 4 111
2 8 250
3 4 24
6 3 289
4 9 239
1 3 276
10 1 18
4 5 11
8 7 79
10
6 5 252
6 7 252
1 5 223
6 10 62
3 6 10
3 2 223
3 8 199
10 4 277
5 9 79
10
7 5 9
7 4 138
5 8 99
10 7 248
7 3 104
1 7 120
3 9 66
2 4 172
6 3 165
10
2 4 85
7 2 125
4 10 203
8 2 240
6 4 121
9 8 132
10 1 33
3 10 146
5 7 5
10
6 9 258
5 6 51
7 5 195
9 3 204
6 10 53
5 1 277
8 10 232
9 4 35
2 8 109
10
10 5 271
9 10 49
5 6 28
8 10 148
4 10 196
1 4 42
2 6 12
3 10 35
7 3 125
10
4 5 48
5 8 160
10 8 207
1 5 36
6 8 255
2 4 293
2 3 266
9 6 207
7 2 159
10
2 5 260
7 2 258
2 6 90
2 3 106
9 5 250
7 4 85
3 1 200
10 9 135
8 3 40
10
10 4 127
10 9 168
1 9 151
2 10 59
4 6 244
7 10 148
9 8 281
2 3 255
5 10 106
10
9 5 294
5 7 238
9 2 77
8 9 128
6 7 51
1 9 263
7 3 7
4 8 231
10 9 61
10
8 3 254
8 9 19
9 1 159
3 7 123
4 7 293
3 2 61
1 10 163
6 2 161
8 5 71
10
10 3 132
8 10 293
2 10 141
7 3 278
8 4 215
4 9 227
1 2 52
6 10 264
7 5 196
10
8 10 76
10 1 67
10 2 171
2 9 212
8 5 118
10 3 40
4 5 189
3 7 171
6 8 127
10
9 7 178
9 5 86
9 1 111
5 8 177
8 10 142
3 5 88
6 1 239
4 10 11
1 2 262
10
6 1 38
6 4 92
8 6 177
4 7 15
3 7 179
9 6 194
7 2 42
2 10 31
5 2 138
10
1 3 40
6 3 148
3 10 236
1 7 140
3 2 64
3 8 181
2 4 262
3 5 65
4 9 277
10
4 6 72
4 9 276
8 4 115
6 10 106
4 3 290
2 3 101
1 4 82
8 7 277
5 8 219
10
6 8 77
8 3 13
3 1 163
2 1 101
1 5 159
10 2 190
3 9 283
6 4 188
7 3 59
10
7 1 13
4 1 108
2 7 189
3 4 170
6 4 23
5 2 274
9 5 114
7 8 37
10 7 200
10
7 4 66
3 4 182
3 9 4
3 2 220
1 3 221
6 1 254
6 5 97
7 10 146
8 2 162
10
7 6 12
6 3 98
7 9 247
3 5 180
7 1 28
8 6 241
4 1 246
10 7 268
2 8 287
10
10 2 63
10 9 235
2 7 191
2 3 251
9 1 222
7 5 138
4 9 181
8 1 28
4 6 152
10
2 1 170
2 10 273
3 1 167
2 6 110
3 7 95
6 9 161
2 5 95
8 1 174
4 6 128
10
2 6 130
5 6 8
10 5 239
2 1 147
2 9 219
10 8 218
10 4 18
5 7 150
3 1 90
10
1 4 289
7 1 293
1 2 87
3 2 255
8 3 283
2 5 63
8 6 134
1 9 285
10 8 93
10
4 8 223
8 7 233
7 5 140
4 9 10
3 4 142
6 9 65
10 4 51
4 2 62
1 3 267
10
2 8 192
6 8 264
7 2 256
2 10 113
3 10 101
5 3 227
2 9 193
8 1 122
3 4 135
10
9 8 81
7 9 262
5 8 226
5 1 236
2 8 204
1 4 192
6 4 268
10 1 143
3 8 222
10
6 2 110
6 9 123
2 4 183
2 10 21
10 1 178
5 6 42
8 10 107
1 7 108
3 6 252
10
2 3 266
6 2 158
2 9 50
5 9 244
2 8 12
1 3 17
2 4 147
2 10 129
10 7 267
10
6 1 293
6 10 152
6 5 57
2 5 242
4 1 72
4 7 234
9 5 282
3 10 269
6 8 53
10
10 9 240
10 2 241
9 6 5
7 2 148
2 1 260
7 3 191
6 4 269
2 8 294
5 8 220
10
8 4 246
10 4 102
4 6 209
1 10 169
5 4 147
8 7 108
3 8 58
6 2 13
1 9 70
10
9 1 116
9 6 101
1 2 79
1 10 213
5 1 267
8 6 182
9 4 285
7 2 277
3 4 94
10
4 8 164
4 1 44
5 1 122
2 1 225
5 9 256
4 3 83
3 6 196
2 10 251
1 7 227
10
10 3 224
10 7 262
3 6 134
3 2 113
8 3 284
1 3 172
8 4 1
4 9 46
4 5 220
10
5 9 7
8 5 151
1 9 194
3 1 84
3 4 130
10 4 203
4 6 185
7 10 55
2 6 165
10
8 9 174
1 9 287
9 7 226
1 10 95
1 3 91
9 5 11
4 5 3
7 2 223
6 3 290
10
5 4 155
6 4 70
4 9 11
6 10 95
1 4 41
9 2 224
2 7 162
3 4 269
8 9 250
10
2 1 30
1 6 232
6 8 142
7 8 229
9 1 52
10 6 3
6 4 22
3 4 284
1 5 61
10
3 1 187
2 3 79
2 10 284
2 5 216
6 5 224
7 6 166
8 5 67
8 9 292
2 4 45
10
3 1 7
1 10 120
1 2 112
2 6 205
6 9 261
8 6 263
5 3 236
10 4 5
7 4 169
10
5 3 196
10 3 39
9 5 26
6 3 246
1 10 69
7 1 217
3 2 48
1 4 236
8 5 12
10
9 4 85
2 4 111
1 2 87
7 9 184
10 1 149
7 3 268
9 8 212
3 5 196
7 6 156
10
9 8 145
8 1 53
8 4 70
4 6 226
10 4 78
7 6 168
7 2 224
4 5 150
10 3 82
10
10 1 141
10 7 278
4 1 261
1 6 20
6 9 263
3 1 286
5 10 86
4 8 45
2 3 139
10
10 9 157
10 7 117
1 10 24
7 2 68
2 6 222
4 9 236
8 4 252
10 3 133
10 5 238
10
8 4 282
2 4 173
4 7 63
4 10 222
1 2 4
7 6 89
7 5 209
8 3 6
9 10 142
10
8 1 200
5 1 168
1 3 5
2 8 29
3 9 76
5 4 247
1 7 171
10 7 71
4 6 195
10
10 7 195
3 10 113
5 10 220
5 2 259
2 6 278
5 4 296
4 9 180
8 10 140
1 7 3
10
10 6 248
10 5 170
1 10 212
6 8 162
4 8 164
1 3 193
7 8 159
3 9 53
2 1 233
10
9 6 252
4 6 164
8 9 65
9 7 64
9 2 112
8 3 188
10 8 299
5 2 212
6 1 77
10
9 8 102
3 9 277
1 8 231
1 4 27
1 2 202
3 6 30
6 5 289
7 9 217
10 6 31
10
7 4 195
7 10 150
8 10 128
8 5 230
3 10 232
5 2 231
3 6 248
1 3 31
1 9 196
10
9 10 167
5 9 88
5 1 72
4 1 48
4 6 269
8 6 128
3 9 82
7 5 172
2 5 112
10
10 5 262
10 6 146
10 2 203
10 9 244
10 1 71
2 8 172
8 7 123
8 4 221
3 6 77
10
2 5 182
8 5 241
3 5 8
9 8 11
1 3 68
4 8 180
10 1 100
8 6 99
10 7 120
10
5 8 88
5 10 155
8 7 113
2 10 17
10 9 71
1 2 75
6 9 267
6 4 212
9 3 258
10
4 3 70
4 8 244
3 10 283
2 4 73
5 8 96
5 9 254
5 6 110
7 9 250
1 10 93
10
7 1 225
8 7 228
9 1 53
5 7 182
5 10 245
2 9 136
7 6 216
10 4 73
3 6 205
10
9 6 93
4 6 267
4 7 200
4 8 12
8 10 293
9 2 229
1 8 47
2 5 100
10 3 121
10
10 7 159
10 1 299
6 10 14
8 1 17
10 9 253
8 2 79
5 9 149
1 3 152
6 4 266
10
9 4 16
10 4 88
3 9 127
4 6 135
3 7 172
2 3 243
3 5 109
9 1 261
8 3 247
10
6 10 263
10 1 238
1 7 116
3 1 8
10 5 140
2 10 102
4 10 56
3 8 215
8 9 197
10
10 4 131
4 3 226
10 1 158
4 6 65
10 9 52
2 1 268
7 3 29
8 7 13
5 9 115
10
6 9 35
9 5 200
9 3 288
2 9 6
5 8 202
10 5 175
8 4 178
7 4 167
1 10 74
10
7 4 251
7 1 141
2 1 285
2 9 71
6 9 197
10 1 123
3 4 6
8 3 131
5 1 29
10
3 6 48
3 10 154
6 8 254
8 7 208
2 3 14
10 1 107
5 7 55
8 4 126
9 10 68
10
2 3 166
6 2 262
8 3 260
10 8 43
10 4 60
5 10 260
1 3 199
1 7 97
9 6 244
10
10 6 138
1 6 243
2 10 204
4 2 90
8 1 156
3 6 182
6 7 164
4 5 199
8 9 91
10
5 6 72
4 5 280
7 4 246
10 7 286
5 1 126
10 8 139
1 3 196
5 9 133
9 2 44
10
9 7 211
10 9 297
10 5 270
5 2 53
9 4 285
6 4 189
3 9 233
4 8 131
1 8 182
10
2 8 242
2 7 28
5 7 54
4 7 171
8 3 19
9 5 35
6 4 37
10 9 161
1 3 38
10
3 4 133
6 4 119
5 4 259
7 4 49
4 10 225
9 7 182
3 2 157
1 4 119
1 8 12
10
4 5 105
4 9 181
2 4 123
4 7 16
3 9 146
10 2 17
4 8 26
8 6 268
1 5 111
10
10 5 288
2 10 48
3 10 230
5 7 219
10 1 149
4 1 212
8 1 160
6 2 119
9 3 74
10
3 8 238
4 8 104
9 8 187
2 4 46
8 5 172
10 2 28
5 7 170
1 8 269
6 10 228
10
4 8 107
4 7 195
8 2 75
8 3 175
7 1 160
6 4 234
7 9 143
4 10 149
2 5 191
10
10 2 261
3 2 104
3 4 245
2 9 260
3 7 33
2 1 239
3 8 288
7 5 270
6 9 291
10
4 9 184
3 9 57
3 2 227
3 10 179
4 6 160
1 9 129
10 8 289
9 7 141
5 9 13
10
7 3 200
9 3 249
5 3 93
9 4 286
9 8 153
2 4 23
4 10 202
10 6 54
6 1 57
10
1 6 4
6 5 211
3 6 116
9 3 256
6 4 161
10 6 291
2 4 214
8 3 1
5 7 160
10
4 3 258
3 5 77
10 4 53
4 2 69
2 8 54
4 6 294
10 9 269
8 1 126
7 4 115
10
6 4 86
6 8 40
4 5 289
9 5 267
2 5 124
9 7 297
10 9 15
4 3 215
7 1 225
10
9 3 116
8 3 116
2 3 225
9 7 114
7 1 182
10 7 86
5 2 167
4 5 78
9 6 122
10
3 4 87
1 3 198
5 1 183
8 1 87
4 2 274
3 6 246
7 2 139
3 9 40
10 5 282
10
4 8 225
2 4 275
8 5 14
2 9 133
1 5 5
6 5 46
6 7 54
10 6 156
3 2 176
10
4 7 96
4 2 11
9 7 20
9 8 45
6 8 58
4 10 220
4 1 233
10 5 150
9 3 190
10
9 7 130
1 7 293
7 5 16
9 10 273
3 7 41
6 7 104
2 7 17
3 8 116
4 5 59
10
8 5 87
8 7 47
2 5 284
9 5 62
3 9 91
7 6 152
1 5 98
9 4 62
10 2 125
10
10 3 29
10 9 176
2 10 69
3 1 268
10 8 40
2 5 267
3 7 36
6 7 281
4 5 116
10
1 4 46
1 5 255
9 5 27
2 5 298
3 5 255
1 7 198
7 8 242
3 6 9
10 4 4
10
7 4 170
4 8 133
9 7 154
1 4 132
5 4 225
9 6 151
5 10 181
2 7 266
2 3 74
10
4 2 89
7 4 234
8 2 261
9 8 67
4 1 250
10 1 196
6 9 211
10 5 140
3 5 181
10
6 4 161
3 4 220
6 1 286
5 4 186
10 3 297
2 4 93
1 8 248
8 9 264
7 9 137
10
10 5 39
10 3 90
7 10 299
2 3 135
7 1 21
8 2 142
2 4 212
6 8 182
4 9 45
10
8 7 296
7 3 56
2 3 112
5 3 14
3 9 31
1 9 252
2 6 138
6 4 274
10 6 156
10
1 6 180
10 1 247
1 9 220
3 6 274
6 2 234
6 4 97
8 4 193
3 5 88
7 3 62
10
9 6 36
9 7 158
4 9 266
6 1 116
4 3 34
4 2 140
8 6 59
5 7 268
10 1 263
10
7 4 177
5 4 154
8 5 288
8 10 139
3 7 108
3 6 294
7 9 132
3 1 52
2 9 117
